:020000041008E2
:10000000000008281DC1081061CB08105DC8081049
:1000100065CB081069CB08106DCB081000000000FC
:1000200000000000000000000000000081C908106E
:1000300071CB08100000000075CB081079CB0810B8
:10004000A3BE0810C9BE0810EFBE081015BF0810E7
:100050003BBF081061BF081087BF0810ADBF081074
:100060007DCB081081CB081085CB081089CB0810F8
:100070008DCB081091CB081095CB081099CB0810A8
:10008000C82E002E802E3DB1C82E002E802E91034A
:10009000802EBCB0802EA303C82E002E802E00B070
:1000A0005030212E59F51030212E6AF5802E3B0359
:1000B0000000000008190100220075000010001067
:1000C000D100B343802E00C1802E00C1802E00C11C
:1000D000802E00C1802E00C1802E00C1802E00C164
:1000E000802E00C1802E00C1802E00C1802E00C154
:1000F000802E00C1802E00C1802E00C1802E00C144
:10010000802E00C1802E00C1802E00C1802E00C133
:10011000802E00C1802E00C1802E00C1802E00C123
:10012000802E00C1802E00C1802E00C1802E00C113
:10013000802E00C1802E00C1802E00C1802E00C103
:10014000802E00C1802E00C1802E00C1802E00C1F3
:10015000802E00C1802E00C1802E00C1802E00C1E3
:10016000802E00C1802E00C1802E00C1E05F000003
:1001700000000100000000000000000000009200EC
:10018000000000000000000000000000000000006F
:1001900008190000880000000000000005E0AA38EF
:1001A00005E09030FA0096004B09110011000200A2
:1001B0002D01D47B3B01DB7A04003F7BCD6CC30473
:1001C0008509C304ECE60C460100270019009600DF
:1001D000A00001000C00F03C000101000300010040
:1001E0000E00000032000500EE060400C80000000A
:1001F0000400A805EE060004BC02B3008507000059
:1002000000000000000000000000000000000000EE
:100210000000B4000100B9000100980000000000D7
:100220000000000001008000040000000000000049
:1002300000000000000000000000000000000000BE
:1002400000000000000000000000000000000000AE
:10025000000000000000000000000000000000009E
:10026000000000000000000000000000000000008E
:1002700000000000000000000000802E00C1FD2DE5
:10028000DE00EB00DA00000CFF0F0004C0005BF59D
:10029000C9011EF280003FFF19F458F566F564F5B8
:1002A000C0F1F000E000CD01D301DB01FF7FFF01D1
:1002B000E40074F7F300FA00FF3FCA036C3856FEFF
:1002C00044FDBC02F90600FC1202AE0158FA9AFD88
:1002D0007705BB02960195017F01820189018701A3
:1002E00088018A018C018F018D0192019101DD004D
:1002F0009F017E01DB00B601706926D39C071F05B4
:100300009D000008BC0537FAA201AA01A101A801BD
:10031000A001A805B401B401CE00D000FC00C501C5
:10032000FFFBB10000380030FDF5FCF5CD01A00069
:100330005FFF0040FF0000806D0FEB007FFFC2F504
:1003400068F7B3F1670F5B0F610F800F58F75BF72A
:10035000830F8600720F850FC6F17F0F6CF700E0E8
:1003600000FFD1F5870F8A0FFF03F03F8B008E004F
:100370009000B9002DF5CAF5CB0120F20000000075
:10038000000000000000000000000000000000006D
:10039000000000000000000000000000000000005D
:1003A000000000000000000000000000000000004D
:1003B000000000000000000000000000000000003D
:1003C000000000000000000000000000000000002D
:1003D000000000000000000000000000000000001D
:1003E000000000000000000000000000000000000D
:1003F00000000000000000000000000000000000FD
:1004000000000000000000000000000000000000EC
:1004100000000000000000000000000000000000DC
:1004200000000000000000000000000000000000CC
:1004300000000000000000000000000000000000BC
:1004400000000000000000000000000000000000AC
:1004500000000000000000003050982ED70E5032EF
:10046000982EFA030030F07F002E002ED02E002EA2
:10047000018008A2FB2F982EBA03212E1900012E0D
:10048000EE0000B2072F012E190000B2032F015019
:100490000352982E07CC012EDD0000B2272F052E27
:1004A0008A000552982EC7C1032EE90040B2F07FA2
:1004B000082F012E190000B2042F0030212EE90070
:1004C000982EB4B1012E180000B2102F0550982EAE
:1004D0004DC30550982E5AC7982EF9B4982E54B291
:1004E000982E67B6982E17B21030212E7700012E65
:1004F000EF0000B2042F982E7AB70030212EEF00C3
:10050000012ED40004AE0B2F012EDD0000B2072F08
:100510000552982E8E0E00B2022F1030212E7D0033
:10052000012E7D000090902EF102012ED70000B226
:10053000042F982E2F0E0030212E7B00012E7B00E1
:1005400000B2122F012ED4000090022F982E1F0E01
:10055000092D982E810D012ED4000490022F5032C7
:10056000982EFA030030212E7B00012E7C0000B271
:10057000902E0903012E7C000131010800B2042FE6
:10058000982E47CB1030212E77008130012E7C0031
:10059000010800B2612F032E8900012ED40098BCFF
:1005A00098B805B20F58232F079009540030372F01
:1005B00015410441DCBE44BEDCBA2C0161000F567B
:1005C0004A0F0C2FD14294B8C1421130052E6AF760
:1005D0002CBD2FB980B20822982EC3B7212D6130CF
:1005E000232ED400982EC3B70030212E5AF5182D93
:1005F000E17F5030982EFA030F520750504270306E
:100600000D5442427E82E26F80B24242052F212E7B
:10061000D4001030982EC3B7032D6030212ED400A3
:10062000012ED4000690182F012E76000B5407528D
:10063000E07F982E7AC1E16F081A4030082F212EF2
:10064000D4002030982EAFB75032982EFA03052DE3
:10065000982E380E0030212ED4000030212E7C0040
:10066000182D012ED40003AA012F982E450E012E1D
:10067000D4003F8003A2012F002E022D982E5B0E86
:100680003030982ECEB70030212E7D005032982E7B
:10069000FA03012E770000B2242F982EF5CB032EFB
:1006A000D5001154010ABC848386212EC901E04083
:1006B0001352C4408240A8B9524243BE5342040A76
:1006C0005042E17FF0314140F26F25BD0808020A37
:1006D000D07F982EA8CF06BCD16FE26F080A804267
:1006E000982E58B70030212EEE00212E7700212EB3
:1006F000DD00802EF4011A242200802EEC0110501F
:10070000FB7F982EF3035750FB6F01307154114259
:10071000420EFC2FC02E0142F05F802E00C1FD2D45
:100720000100000000000000000000009A013403F6
:1007300000000000000000000000000000000000B9
:1007400000000000000000000000000000000000A9
:100750000000000000000000000000000000000099
:100760000000000000000000000000000000000089
:100770000000000000000000000000000000000079
:100780000000000000000000000000000000000069
:100790000000000000000000000000000000000059
:1007A00000002050E77FF67F06320F2E61F5FE092C
:1007B000C0B3042F17302F2EEF002D2E61F5F66FEA
:1007C000E76FE05FC82E2050E77FF67F46300F2EA0
:1007D000A4F1BE0980B3062F0D2ED40084AF022FE2
:1007E00016302D2E7B0086302D2E60F5F66FE76FCC
:1007F000E05FC82E012E77F709BC0FB800B2105089
:10080000FB7F10300B2F032E8A0096BC9FB840B29E
:10081000052F032E68F79EBC9FB840B2072F032E0A
:100820007E004190012F982EDC03032C0030212EF6
:100830007E00FB6FF05FB82E2050E07FFB7F002E24
:100840002750982E3BC82950982EA7C80150982EA3
:1008500055CCE16F2B50982EE0C9FB6F0030E05F64
:10086000212E7E00B82E7350013057541142420E93
:10087000FC2FB82E212E59F51030C02E212E4AF112
:100880009050F77FE67FD57FC47FB37FA17F907FB5
:10089000827F7B7F982E35B700B2902E97B0032EC3
:1008A0008F00072E9100052EB1003FBA9FB8012E90
:1008B000B100A3BD4C0A052EB10004BEBFB9CB0ADE
:1008C0004FBA22BD012EB300DC0A2FB9032EB800A7
:1008D0000ABE9A0ACFB99BBC012E97009FB8930A13
:1008E0000FBC910A0FB8900A252E1800052EC1F5ED
:1008F0002EBD2EB9012E190031308A040090072F29
:10090000012ED40004A2032F012E180000B20C2FD8
:1009100019500552982E4DB7052E78008090103052
:10092000012F212E7800252EDD00982E3EB700B233
:1009300002300130042F012E190000B2002F2130A7
:10094000012EEA00081A0E2F232EEA0033301B5026
:100950000B090140175646BE4B084C0A01420A805B
:1009600015520142002E012E180000B21F2F032E37
:10097000C0F5F030480847AA7430072E7A0061228B
:100980004B1A052F072E66F5BFBDBFB9C0900B2FC0
:100990001D562B30D242DB420104C24204BDFE8010
:1009A0008184232E7A0002420232252E62F5052E22
:1009B000D6008184252ED6000231252E60F5052E25
:1009C0008A000B50900880B20B2F052ECAF5F03E1E
:1009D0009008252ECAF5052E59F5E03F9008252EE2
:1009E00059F5906FA16FB36FC46FD56FE66FF76F56
:1009F0007B6F826F705FC82EC050907FE57FD47F81
:100A0000C37FB17FA27F877FF67F7B7F002E012E81
:100A100060F5607F982E35B70230636F1552507FB6
:100A2000627F5A2C02321A0900B3142F00B2032F2E
:100A3000092E180000910C2F437F982E97B71F5056
:100A4000028A02320430252E64F51552506F436F2E
:100A50004443252E60F5D908C0B2362F982E3EB7F4
:100A600000B2062F012E190000B2022F506F009025
:100A70000A2F012E79000090192F1030212E7900B5
:100A80000030982EDC03132D012EC3F50CBC0FB8DB
:100A90001230100403B0262521500352982E4DB772
:100AA0001030212EEE000230607F252E7900606F1D
:100AB0000090052F0030212EEA001550212E64F5FC
:100AC0001552232E60F50232506F0090022F033032
:100AD000272E7800072E60F51A090091A32F190917
:100AE0000091A02F906FA26FB16FC36FD46FE56FAD
:100AF0007B6FF66F876F405FC82EC050E77FF67F31
:100B000026300F2E61F52F2E7C000F2E7C00BE09A3
:100B1000A27F807F80B3D57FC47FB37F917F7B7FAF
:100B20000B2F23501A251240427F74821240527FAD
:100B3000002E0040607F982E6AD68130012E7C0006
:100B4000010800B2422F032E8900012E890097BCB4
:100B500006BC9FB80FB80090232ED800103001308B
:100B60002A2F032ED40044B2052F47B200302D2F78
:100B7000212E7C002B2D032EFDF59EBC9FB84090AE
:100B8000142F032EFCF599BC9FB840900E2F032E16
:100B900049F125544A084090082F982E35B700B2E5
:100BA0001030032F5030212ED400102D982EAFB7C7
:100BB0000030212E7C000A2D052E69F72DBD2FB99E
:100BC00080B2012F212E7D00232E7C00E031212ECA
:100BD00061F5F66FE76F806FA26FB36FC46FD56F6B
:100BE0007B6F916F405FC82E60510A253688F47F75
:100BF000EB7F0032315232301330982E15CB0A255C
:100C00003384D27F433005502D52982E95C1D26F38
:100C10002752982ED7C72A25B086C07FD37FAF84AE
:100C20002950F16F982E4DC82A25AE8AAA88F26EF7
:100C30002B50C16FD36FF47F982EB6C8E06E00B210
:100C4000322F33548386F16FC37F04303030F47F0A
:100C5000D07FB27FE330C56F56404541280803146A
:100C60000EB408BC8240100A2F542605917F4428F8
:100C7000A37F982ED9C008B933305309C16FD36F01
:100C8000F46F831747406C15B26FBE09750B904225
:100C90004542510E32BC0289A16F7E86F47FD07F1F
:100CA000B27F0430916FD62FEB6FA05EB82E032E6B
:100CB00097001BBC60509FBC0CB8F07F40B2EB7F2C
:100CC0002B2F032E7F004140012EC800011A112F47
:100CD0003758232EC8001041A07F38810141D07FB2
:100CE000B17F982E64CFD06F0780A16F1142002E84
:100CF000B16F01421130012EFC0000A80330CB225D
:100D00004A25012E7F003C8935520554982EC4CEC9
:100D1000C16FF06F982E95CF042D0130F06F982E93
:100D200095CFEB6FA05FB82E032EB3000232F030E8
:100D3000033130508A080808CB08E07F80B2F37F87
:100D4000DB7F252F032ECA004190042F0130232E74
:100D5000CA00982E3F03C0B2052F032EDA000030E0
:100D60004104232EDA00982E92B21025F06F00B2C3
:100D7000052F012EDA0002301004212EDA0040B2D5
:100D8000012F232EC801DB6FE06FD05F802E95CF3F
:100D90000130E06F982E95CF1130232ECA00DB6F03
:100DA000D05FB82ED0500A2533845550D27FE27FD1
:100DB000038CC07FBB7F0030055A39545141A57F59
:100DC000967F807F982ED9C00530F57F2025916FC2
:100DD0003B583D5C3B56982E67CCC16FD56F524057
:100DE0005043C17FD57F1025982EFEC91025982E1F
:100DF00074C0866F3028926F828CA56F6F52690E17
:100E00003954DB2F19A01530032F0030212E81011A
:100E10000A2D012E810105284236212E8101020E64
:100E2000012F982EF303575012300140982EFEC91F
:100E3000516F0B5C8E0E3B6F57580230212E95017F
:100E4000456F2A8DD27FCB7F132F02303F50D27F48
:100E5000A80E0E2FC06F535402005154420E103092
:100E600059520230012F002E032D504242421230BF
:100E7000D27F80B2032F0030212E8001122D012E4F
:100E8000C9000280052E8001113091280040252ED6
:100E90008001100E052F012E7F010190012F982E49
:100EA000F303002EA0410190A67F902EE3B4012E03
:100EB000950100A8902EE3B45B549580824080B2E7
:100EC00002402D8C3F52967F902EC2B3290E762F72
:100ED000012EC900004081284552B330982E0FCA18
:100EE0005D54807F002EA140727F82808240607FAF
:100EF000982EFEC91025982E74C0626F0530874069
:100F0000C0910430052F052E830180B21430002FCC
:100F10000430052EC900736F8140E2406904110F4F
:100F2000E1401630FE29CB40022F836F830F222F22
:100F30004756130F1230772F4954420E1230732F39
:100F400000910A2F012E8B0119A802306C2F6350DB
:100F5000002E17420542682C12300B25080F503026
:100F6000022F212E8301032D4030212E83012B2EB1
:100F700085015A2C123000912B25042F635002302A
:100F80001742172C0242982EFEC91025982E74C0C5
:100F9000052EC90081845B308240372E8301020E0A
:100FA000072F5F52403062404140910E012F212EA9
:100FB000830105302B2E85011230362C1630152575
:100FC000817F982EFEC91025982E74C019A2163064
:100FD000152F052E9701806F820E052F012E860199
:100FE0000628212E86010B2D032E87015F544E28E3
:100FF0009142002E8240900E012F212E8801023056
:10100000132C0530C06F081CA80F163005305B503C
:10101000092F02802D2E820105420580002E0242FA
:101020003E80002E06420230906F3E88014004410F
:101030004C280142078010252440004000A8F522DA
:10104000232944427A827E884340044100ABF52341
:10105000DF284342D9A0142F0090022FD26F81B213
:10106000052F6354062890428542092C02305B50BC
:101070000380292E7E012B2E8201054212302B2E59
:1010800083014582002E40407A8202A0082F6350DF
:101090003B30154205423780372E7E010542123023
:1010A000012EC900028C404084417A8C040F032F2A
:1010B000012E8B0119A4042F2B2E8201982EF303ED
:1010C000123081906152082F654265424380398415
:1010D00082880542454285420543002E80410090AA
:1010E000902EE1B46554C16F804000B243586950FE
:1010F000442F555CB7878C0F0D2E9601C440362FB8
:1011000041568B0E2A2F0B52A10E0A2F052E8F014E
:101110001425982EFEC94B54020F695005306554B2
:10112000152F032E8E014D5C8E0F3A2F052E8F0149
:10113000982EFEC94F54820F053069506554302FE8
:101140006D521530428C454204302B2C84436B5237
:10115000428C002E85431530242C45428E0F202FC3
:101160000D2E8E01B10E1C2F232E8E011A2D0E0E68
:10117000172FA10F152F232E8D01132D982E74C01C
:101180004354C20E0A2F655004800B3006820B4276
:10119000798041401230252E8C0101420530695082
:1011A000655484824384BE8C8440864126299442BF
:1011B000BE8ED57F19A143400B2E8C018440C741C0
:1011C0005D29272945428442C27F012FC0B31D2FCC
:1011D000052E940199A0012F80B3132F80B3182FEF
:1011E000C0B3162F12400140927F982E74C0926FA8
:1011F000100F2030032F1030212E7E010A2D212EBA
:101200007E01072D2030212E7E01032D1030212E4E
:101210007E01C26F012EC900BC8402808240004062
:10122000900ED56F022F1530982EF30341910530A3
:10123000072F67503D802B2E8F0105420480002E22
:101240000542022C00300030A26F988A864080A7A9
:10125000052F982EF303C030212E950106251A255F
:10126000E26F768296405643510EFB2FBB6F305F84
:10127000B82E012EB8000131410840B22050F230A2
:101280000208FB7F0130102F052ECC008190E07FFB
:10129000032F232ECC00982E55B6982E1DB5102561
:1012A000FB6FE06FE05F802E95CF982E95CF1030CA
:1012B000212ECC00FB6FE05FB82E00510558EB7F6C
:1012C0002A2589526F5A895013410640B3011642AC
:1012D000CB160640F3021342650EF52F054014307D
:1012E0002C29044208A10030902E52B6B388B08A4F
:1012F000B684A47FC47FB57FD57F927F73300430DE
:10130000554042408A17F3086B01900253B84B8254
:10131000ADBE717F450A0954847F982ED9C0A36F52
:101320007B54D042A37FF27F607F2025716F755A76
:101330007758795C7556982E67CCB16F626F5042C2
:10134000B17FB3301025982E0FCA846F2029716F9A
:10135000926FA56F76826A0E73300030D02FD26FF5
:10136000D17FB47F982E2BB715BD0BB8020AC26F80
:10137000C07F982E2BB715BD0BB8420AC06F081757
:1013800041188916E118D018A17F27251625982E17
:1013900079C08B54907FB330824080900D2F7D5266
:1013A000926F982E0FCAB26F900E062F8B5014308A
:1013B000426F516F144212420142002E316F982E3B
:1013C00074C0416F807F982E74C0826F10044352A6
:1013D000010F052ECB0000300430212F516F4358F0
:1013E0008C0E04301C2F8588416F04418C0F043013
:1013F000162F8488002E044104058C0E04300F2F14
:101400008288316F044104058C0E0430082F8388D4
:10141000002E04418C0F0430022F212EAD01143018
:101420000091142F032EA10141900E2F032EAD0128
:1014300014304C28232EAD0146A0062F81848D52F6
:1014400048828240212EA10142425C2C0230052EAE
:10145000AA0180B20230552F032EA901926FB3303A
:10146000982E0FCAB26F900F003002304A2FA26F31
:10147000875291008552510E022F002E432C0230CC
:10148000C26F7F52910E02303C2F516F8154982EC3
:10149000FEC91025B3302125982E0FCA326FC07FA8
:1014A000B3301225982E0FCA426FB07FB330122589
:1014B000982E0FCAB26F90288352982EFEC9C26F21
:1014C000900F003002301D2F052EA10180B2123086
:1014D0000F2F426F032EAB01910E0230122F526F6D
:1014E000032EAC01910F02300C2F212EAA010A2CE1
:1014F0001230032ECB008D58088941401143004320
:10150000252EA101D46F8F5200433A89002E10433B
:101510001043610EFB2F032EA001111A022F02258A
:10152000212EA001EB6F005FB82E915210300230D7
:10153000955652424B0EFC2F8D5488829356804212
:101540005342404242868354C02EC242002EA352D0
:101550000051524047401A25012E97008FBE7286D7
:10156000FB7F0B307CBFA5501008DFBA7088F8BF36
:10157000CB42D37F6CBBFCBBC50A907F1B7F0B4368
:10158000C0B2E57FB77FA67FC47F902E1CB7072E21
:10159000D200C0B20B2F9752012ECD00827F982E21
:1015A000BBCC0B30372ED200826F906F1A2500B261
:1015B0008B7F142FA6BD25BDB6B92FB980B2D4B08C
:1015C0000C2F99549B560B300B2EB100A1589B4207
:1015D000DB426C092B2EB1008B42CB42867F738499
:1015E000A756C30839520550727F637F982EC2C038
:1015F000E16F626FD10A012ECD00D56FC46F726F9B
:1016000097529D5C982E06CD236F906F9952C0B271
:1016100004BD5440AFB94540E17F0230062FC0B24F
:101620000230032F9B5C12309443854303BF6FBB92
:1016300080B3202F066F2601166F6E034542C090BF
:10164000292ECE009B52142F9B5C002E9341864185
:10165000E304AE0780AB042F80910A2F866F730FCF
:10166000072F836FC0B2042F544245421230042C1E
:101670001130022C1130113002BC0FB8D27F00B2F1
:101680000A2F012EFC00052EC701101A022F212E51
:10169000C701032D022C01300130B06F982E95CF79
:1016A000D16FA06F982E95CFE26F9F52012ECE0082
:1016B000824050420C2C42421130232ED200013085
:1016C000B06F982E95CFA06F0130982E95CF002E39
:1016D000FB6F005FB82E83860130003094402418E1
:1016E0000600530E4F02F92FB82EA952002E60406B
:1016F00041400DBC98BCC02E010A0FB8AB52533C00
:10170000524040404B00821626B901B841401008B3
:1017100097B80108C02E11300108438625400440C7
:10172000D8BE2C0B2211544203804B0EF62FB82E3C
:101730009F501050AD52052ED300FB7F002E13405A
:101740009342410EFB2F982EA5B7982E87CF012EDE
:10175000D90000B2FB6F0B2F012E69F7B13F0108D2
:101760000130F05F232ED900212E69F7802E7AB741
:10177000F05FB82E012EC0F8032EFCF51554AF56BD
:1017800082080B2E69F7CB0AB1588090DDBE4C0859
:101790005FB959228090072F0334C308F23A0A0830
:1017A0000235C0904A0A4822C02E232EFCF5105064
:1017B000FB7F982E56C7982E49C31030FB6FF05F01
:1017C000212ECC00212ECA00B82E032ED30016B82D
:1017D00002344A0C212E2DF5C02E232ED30003BC3B
:1017E000212ED500032ED50040B21030212E7700D7
:1017F0000130052F052ED8008090012F232E6FF584
:10180000C02E212ED90011308108012E6AF7713FB8
:1018100023BD0108020AC02E212E6AF730250030B0
:10182000212E5AF51050212E7B00212E7C00FB7FAB
:10183000982EC3B74030212ED400FB6FF05F0325F4
:10184000802EAFB7802E00C1802E00C1802E00C137
:10185000802E00C1802E00C1802E00C1802E00C1CC
:10186000802E00C1802E00C1802E00C1802E00C1BC
:10187000802E00C1802E00C1802E00C1802E00C1AC
:10188000012E5DF708BC80AC0EBB022F0030410476
:101890008206C0A40030112F40A9032F40910D2FC4
:1018A00000A70B2F80B3B358022F90A1261320233B
:1018B00080901030012FCC0E002F0030B82EB55084
:1018C000180808BC88B60D17C6BD56BCB758DABA9A
:1018D00004011D0A1050053032254503FB7FF63008
:1018E0002125982E37CA16B59ABC06B880A8410A99
:1018F0000E2F8090022F2D50480F092FBFA0042FCC
:10190000BF90062FB754CA0F032F002E022CB752D8
:101910002D52F233982ED9C0FB6FF137C02E01083B
:10192000F05FBF56B954D040C4400B2EFDF3BF52F8
:101930009042944295420530C1500F8806400441C0
:101940009642C54248BE73300D2ED8004FBA84422D
:10195000034281B3022F2B2E6FF5062D052E77F74C
:10196000BD569308252E77F7BB54252EC2F5072EBA
:10197000FDF34230B433DA0A4C00272EFDF3434026
:10198000D43FDC084342002E002E43402430DC0AC2
:1019900043420480032EFDF34A0A232EFDF36134F3
:1019A000C02E0142002E60501A257A86E07FF37F18
:1019B0000325C3524184DB7F3330982E16C21A258B
:1019C0007D82F06FE26F32251640944026018540FB
:1019D0008E17C4426E039542410EF42FDB6FA05F59
:1019E000B82EB051FB7F982EE80D5A25982E0F0E79
:1019F000CB583287C47F65896B8DC55A657FE17F7F
:101A0000837FA67F747FD07FB67F947F1730C752C5
:101A1000C954517F002E856F427F002E5141458170
:101A2000424113403B8A00404B04D006C0AC857F46
:101A3000022F02305104D306418405305D02C916DD
:101A4000DF08D3008D02AFBCB1B9590A656F1143ED
:101A5000A1B4524153410143347F657F2631E56F84
:101A6000D46F982E37CA326F756F83404241237FFF
:101A7000127FF63040255125982E37CA146F200565
:101A8000706F256F6907A26F316F0B3004429B4264
:101A90008B425542327F40A9C36F717F0230D040E4
:101AA000C37F032F4091152F00A7132F00A4112FE0
:101AB00084BD982E79CA556FB75454418200F33FC4
:101AC0004541CB02F630982E37CA356FA46F41439B
:101AD000032C0043A46F356F1730426F516F934052
:101AE00042820041C3000343517F002E9440414194
:101AF0004C02C46FD156630E746F5143A57F8A2F79
:101B0000092ED80001B3212FCB58906F1341B66F27
:101B1000E47F002E9141144092411540172E6FF53D
:101B2000B67FD07FCB7F982E000C0715C26F140BA9
:101B3000292E6FF5C3A3C18FE46FD06FE62F143049
:101B4000052E6FF5140B292E6FF5182DCD56043286
:101B5000B56F1C0151415241C340B57FE47F982EBF
:101B60001F0CE46F218700430432CF545A0EEF2F2D
:101B70001554092E77F7220B292E77F7FB6F505E4D
:101B8000B82E1050012ED40000B2FB7F512F01B2AD
:101B9000482F02B2422F0390562FD75279804240ED
:101BA000818400404242982E930CD954D750A140D2
:101BB00098BD82403E82DA0A44408B16E3005342CD
:101BC000002E43409A025242002E414015544A0EC4
:101BD0003A2F3A8200304140212E850F40B20A2F21
:101BE000982EB10C982E450E982E5B0EFB6FF05F71
:101BF0000030802ECEB7DD52D35442424F84733032
:101C0000DB5283421B306B422330272ED700372E06
:101C1000D400212ED6007A84172C42423030212E57
:101C2000D400122D21300030232ED400212E7BF73A
:101C30000B2D1730982E510CD5500C8272302F2E50
:101C4000D400252E7BF74042002EFB6FF05FB82EAC
:101C500070500A253986FB7FE1326230982EC2C46B
:101C6000B556A56FAB08916F4B08DF56C46F2309BB
:101C70004DBA93BC8C0BD16F0B09CB52E15E56422F
:101C8000AF094DBA23BD940AE56F68BBEB08BDB937
:101C900063BEFB6F5242E30AC02E4342905FD150B5
:101CA000032E25F3134000409BBC9BB408BDB8B97C
:101CB00098BCDA0A08B68916C02E190062021050C4
:101CC000FB7F982E810D012ED40031300804FB6F6C
:101CD0000130F05F232ED600212ED700B82E012E22
:101CE000D700032ED600480E012F802E1F0EB82ECF
:101CF000E350213401428230C132252E62F50100C9
:101D0000223001404A0A0142B82EE354F03B83409E
:101D1000D808E5528342003083305042C432272E27
:101D200064F5940050424042D33F84407D82E308F2
:101D300040428342B82EDD52003040427C86B95288
:101D4000092E700FBF54C442D3865440554094426C
:101D50008542212ED7004240252EFDF3C0427E82CF
:101D6000052E7D0080B2142F052E890027BD2FB9C6
:101D70008090022F212E6FF50C2D072E710F14303D
:101D80001C09052E77F7BD5647BE9308940A252EE9
:101D900077F7E75450424A0EFC2FB82E50500230CD
:101DA0004386E550FB7FE37FD27FC07FB17F002E6B
:101DB000414000404804982E74C01EAAD36F1430CE
:101DC000B16FE322C06F5240E46F4C0E1242D37FDA
:101DD000EB2F032E860F40901130032F232E860FFA
:101DE000022C0030D06FFB6FB05FB82E4050F17FF7
:101DF0000A253C86EB7F41332230982EC2C4D36F34
:101E0000F430DC094758C26F9409EB586ABBDC0810
:101E1000B4B9B1BDE95A950821BDF6BF770B51BEE3
:101E2000F16FEB6F52425442C02E4342C05F50509C
:101E3000F55031301142FB7F7B300B421130028074
:101E4000233301420300072E8003052ED3002352C3
:101E5000E27FD37FC07F982EB60ED16F080A1A2575
:101E60007B86D07F01331230982EC2C4D16F080A0E
:101E700000B20D2FE36F012E80035130C786232E51
:101E800021F208BCC042982EA5B7002E002ED02EFD
:101E9000B06F0BB8032E1B00081AB07F7030042FF0
:101EA000212E21F2002E002ED02E982E6DC0982EBD
:101EB0005DC0ED50982E44CBEF50982E46C3F150A4
:101EC000982E53C73550982E64CF1030982EDC03CF
:101ED0002026C06F02311242AB330B4237800130F3
:101EE0000142F337F752FB504440A20A42428B3181
:101EF000092E5EF7F954E30883421B4223334B005B
:101F0000BC840B40333083420B42E07FD17F982E5C
:101F100058B7D16F803040420330E06FF354043043
:101F2000002E002E0189620EFA2F43421130FB6F02
:101F3000C02E0142B05FC14A00006D570000778E8D
:101F40000000E0FFFFFFD3FFFFFFE5FFFFFFEEE133
:101F5000FFFF7C13000046E6FFFF000000000000CA
:101F60000000000000000000000000000000000071
:101F70000000000000000000000000000000000061
:101F80000000000000000000000000000000000051
:101F900000000000802E00C1802E00C1802E00C1F4
:101FA000802E00C1802E00C1802E00C1802E00C175
:101FB000802E00C1802E00C1802E00C1802E00C165
:101FC000802E00C1802E00C1802E00C1802E00C155
:101FD000802E00C1802E00C1802E00C1802E00C145
:101FE000802E00C1802E00C1802E00C1802E00C135
:101FF000802E00C1802E00C1802E00C1802E00C125
:10200000802E00C1802E00C1802E00C1802E00C114
:10201000802E00C1802E00C1802E00C1802E00C104
:10202000802E00C1802E00C1802E00C1802E00C1F4
:10203000802E00C1802E00C1802E00C1802E00C1E4
:10204000802E00C1802E00C1802E00C1802E00C1D4
:10205000802E00C1802E00C1802E00C1802E00C1C4
:10206000802E00C1802E00C1802E00C1802E00C1B4
:10207000802E00C1802E00C1802E00C1802E00C1A4
:1020800040F0200070472DE9F14FB0B09246049126
:102090000DF142013A9A2B9199464A7000200AE0CC
:1020A0001AF8011B0498309A90470028049000F019
:1020B00034860D98401C0D909AF8000050B12528E8
:1020C000EED1002100220791089209910A920B910A
:1020D0000C9204E00D9800F022BE41F001011AF8C4
:1020E000010F2028F9D023280CD02B2804D02D282C
:1020F00005D0302809D00BE041F00201EFE741F0B4
:102100000401ECE741F00801E9E741F01001E6E7DE
:102110002A280FD1D9F8002052F8040BC9F8002062
:1021200000280F9003D540420F9041F004010AF1BE
:10213000010A14E00F92DFF8EC3B0AE00F98984296
:1021400005DA00EB800402EB4402303A0F920AF108
:10215000010A9AF80020A2F130000A28EED39AF87A
:1021600000002E2803D04FF0FF320E9229E01AF81B
:10217000010F2A2809D1D9F8000050F8042BC9F81A
:1021800000000E920AF1010A1BE02D280CBF0AF193
:10219000010A002000220E92DFF8884B0BE040B9C4
:1021A0000E9AA24205DA02EB820503EB4503303BAF
:1021B0000E930AF1010A9AF80030A3F130020A2ABC
:1021C000EDD3ADF840100FF660309AF8001000F033
:1021D000EDFE08B11AF8010B8DF842009DF842009F
:1021E000682805D19AF8000068280CD1622106E021
:1021F0006C2804BF9AF800006C2804D171218DF876
:1022000042100AF1010A12A806901AF801BBBBF1AC
:1022100025012CD01C3900F09481091F022940F2BD
:102220009081133900F0AB84093900F08A81891E4E
:1022300000F04085491E00F0ED84491E022940F25D
:102240008081091F00F0E684491F00F0EF80491EDD
:1022500000F09584491E00F0D780C91E0CD0891E5D
:1022600000F08D84C91E00F08A8400F02EBD012389
:102270000793252100F026BDD9F8000050F8044B43
:10228000C9F80000002C059440F0AB802B994878E9
:10229000002800F0A1804FF0FF340FF6942000F0EA
:1022A0009FFE241A40F0398500F01BBD01236A46C9
:1022B00002A9304600F000FE002840F02E85641E82
:1022C000F4D13096079C12AF74B1309E17F8011B01
:1022D0000498B0470028049000F01F850D98401C1A
:1022E000641E0D90F2D130960A9C3021002C8DF89E
:1022F00000100CDD309E01236A4602A9304600F032
:10230000DBFD002840F00985641EF4D13096059F5E
:10231000089C74B1309E17F8011B0498B047002840
:10232000049000F0FA840D98401C641E0D90F2D1C8
:1023300030960B9C3021002C8DF800100CDD309E67
:1023400001236A4602A9304600F0B6FD002840F09D
:10235000E484641EF4D1309605980899099C4718C6
:1023600074B1309E17F8011B0498B0470028049000
:1023700000F0D3840D98401C641E0D90F2D130966D
:102380000C9C3021002C8DF800100CDD309E0123B8
:102390006A4602A9304600F08FFD002840F0BD8457
:1023A000641EF4D130969DF8400041077FF584AE5D
:1023B0002020002D8DF800007FF77EAE309C012399
:1023C0006A4602A9204600F077FD002840F0A58467
:1023D0006D1EF4D130946FE60FF63C30059000F09E
:1023E00080BC0E9D002D04D5204600F019FE044649
:1023F00007E02A46204600F033FE002814BF041BE5
:102400002C46089400F06DBCD9F8001051F8040B6C
:10241000C9F8001020F00004002121F0FF35CDE9BB
:10242000024512AB0593782100F040BC2B99487807
:1024300020B14FF0FF340FF6B02030E79DF8420096
:10244000622860D0682817D06A283FD06C2806D050
:10245000712847D074282CD07A281DD062E0D9F892
:10246000001051F8040BC9F80010002866D14FF095
:10247000FF340FF68C2012E7D9F8001051F8040B46
:10248000C9F8001020B94FF0FF340FF6742006E7AA
:102490000D99018000F025BCD9F8001051F8040B0B
:1024A000C9F80010002849D14FF0FF340FF6502032
:1024B000F5E6D9F8001051F8040BC9F8001000280F
:1024C0003CD14FF0FF340FF63820E8E6D9F8001081
:1024D00051F8040BC9F8001080B94FF0FF340FF623
:1024E0002020DCE6D9F8001051F8040BC9F80010E0
:1024F00020B94FF0FF340FF60820D0E60D9AD3171D
:10250000C0E90023EDE3D9F8001051F8040BC9F835
:10251000001020B94FF0FF340FF6E410BFE60D991C
:102520000170DEE3D9F8001051F8040BC9F800106F
:1025300020B94FF0FF340FF6C810B0E60D990160D6
:10254000CFE39DF842004C2807BFD9F80010CA1D00
:10255000D9F80000C21D22F00702C9F80020D2E914
:1025600000010832C9F80020CDE90201C80F02D0ED
:1025700007982D210AE0BDF84000810702D5079891
:102580002B2103E0C00705D50798202112AA11547A
:10259000401C079012A807994BF0200300EB010C98
:1025A000DDE90201CDE92C01612BCDF814C021AC8D
:1025B0000BD00E98002848BF062105D404BF4BF06D
:1025C0002000672801D101210E91DDE902014F00B1
:1025D00047EAD0777E15FF174FF0FF32974208BFCA
:1025E000964210D1090341EA10510003002908BFA7
:1025F000002808D0ABF1610503211A2D089118D3EA
:102600000FF61C1110E0DDE902014A00521512F12B
:10261000010F11D108030FD1ABF1610503211A2D70
:1026200008911FD30FF600110322604600F044FD0D
:1026300057E30FF6E801F7E7DDE902016A4600F02B
:102640009BFDCDE902014BF02000612811D10598D6
:1026500030210170821C0592BBF1610F0CBF782103
:10266000582102E00FF6BC01DEE741700798801C9C
:102670000790DDE9020120F0000231F0004308BFBD
:10268000002A02D10026002542E14BF02008B8F1D3
:10269000610F40F092800E98002847BF21210191E0
:1026A000401C0190019FDDE92C017F1C00220023CA
:1026B000DDE9024500F098FD38BF85F0004500993E
:1026C0008DF88420091F002F00910DF1850632DD61
:1026D000204629460022002300F0A0FD2BD21C2218
:1026E00000F0B6FD04460D4600F034FEFF1F002F3B
:1026F000804609DD00F035FE02460B46204629469D
:1027000000F036FE04460D46F01D0721B8F1000F1B
:102710000CDD491E5EBF08F00F0200F8012D4FEAE4
:102720002818F3D502E0002200F8012D491EFAD541
:10273000C61D002FCCDC0DF18500361A01980DF175
:1027400085048642D8BF304600282FD4B04206DA2E
:102750000DF185010A5C082AA8BF0F2100DA0021CB
:10276000024621AB134400E0401E13F80159521EEB
:102770008D42F9D00F2904D10DF185018B5C5B1CD2
:102780008B54002A04D50099091D21AC401C0091EE
:10279000411E0BD4621813783033DDB23A2DA4BF3A
:1027A0005B443A3B491E02F80139F4D50E990029E1
:1027B00040F1AC80421E0E92A8E00099DFF8E826B6
:1027C00047F29750414391FBF2F20092DDE92C452C
:1027D000C2F10702002A25F0004504DD2046294603
:1027E00000F03EFB0BE052420020DFF8C01600F084
:1027F00037FB02460B462046294600F0C2FD044640
:102800000D46B8F1660F06BF009F0A3706270E98DF
:102810003F18142FC8BF142730208DF884000DF105
:102820008506002F34DD2046294600F0B3FD014621
:102830000A4606F1080304200A26B2FBF6F606EB68
:10284000860EA2EB4E02303203F8012C0A22B6FBB0
:10285000F2F202EB820EA6EB4E063036401E03F873
:10286000026DE9D1083F002F03F10806D9DD0846C3
:1028700000F097FD02460B462046294600F078FD01
:102880000022DFF82C3600F093FD04460D46CAE71F
:102890000DF18500361A0DF1850404E00098401E04
:1028A000761E0090641C20783028F7D0B8F1660FAF
:1028B00002D10098401C04E0B8F1650F0CBF012064
:1028C00000200E9940188642B8BF701E00281DD403
:1028D000B04204DA215C3429C8BF392100DC302140
:1028E0000246631E9D1800E0401E15F80169521E45
:1028F0008E42F9D0392902D1A15C491CA154002A89
:1029000004D50099491C1C46401C00910646009DB8
:102910000E9F30B2002802DC01260FF210644BF04B
:102920002000662808BF6D1C15D067280FFA85F8AF
:1029300041D118F1040F44DBB84542DA9DF840005C
:102940006D1C010703D430B2B842D8BF074628B285
:102950003F1A48BF00270FFA85F8B8F1000F00F3BF
:10296000AF800898411C0891302205990A54002F25
:1029700003DC9DF84000010705D50898411C08912B
:102980002E2205990A5417EB080FB8BF7D422DB2CD
:102990006842ED1932B20B909542B8BF2E46059BA6
:1029A000089836B2099632462146184400F084FB56
:1029B000AD1B0C95CCE0BBF1610F15D14FF0700B46
:1029C00017E030B2B84204DA9DF840100A0758BF49
:1029D00007467F1E48BF0027BBF1670F14BF4FF0AB
:1029E000450B4FF0650B04E0BBF1410F08BF4FF002
:1029F000500B0898411C0891002F059914F8012BE1
:102A00000A5403DC9DF84000010719D50898411CC1
:102A100008912E2205990A54002F11DD761E30B23E
:102A20008742B8BF3E460598089B32B221461844FB
:102A300000F042FB089836B23018BF1B08900B9785
:102A4000059808990844B8F1000F80F800B003D445
:102A50002B224270821C04E02D2145464170821CCD
:102A60006D4200212CAB28460AE004460A2094FB64
:102A7000F0F000EB8005A4EB450403F8014B491C82
:102A800000B20028F1DC012906DC4BF020006528AB
:102A900004BF302002F8010B00292CAB08D13020F4
:102AA00002F8010B06E0491E585C303002F8010BB9
:102AB0000029F8DC059908980844121A099247E0A1
:102AC00030B229B288421BDA0598089B32B22146FF
:102AD000184400F0F1FA089936B271180891A8EB81
:102AE0000600002F0B9003DC9DF84000020705D57F
:102AF000059A2E2050540999491C09910C9727E0FA
:102B00000598089B2AB22146184400F0D5FA089887
:102B1000761B4044002F089003DC9DF840100A0704
:102B200004D5411C08912E2205990A5430B28742DF
:102B3000B8BF3E460598089B32B204EB0801184422
:102B400000F0BAFA089836B23018BE1B08900B96FF
:102B50009DF8400000F01400102840F0C280079A51
:102B600008980B99821809988A1882180C980F995E
:102B70008018884280F2B580081A0A90B1E09DF86A
:102B80004200622808D068280ED06A2814D06C2829
:102B90001FD0712810D01CE0D9F8001051F8040B98
:102BA000C9F80010C0B21AE0D9F8001051F8040BAF
:102BB000C9F8001080B212E0D9F80000C21D22F05E
:102BC0000702C9F80020D2E900010832C9F8002044
:102BD00006E0D9F8001051F8040BC9F800100021E4
:102BE000CDE902019DF8400001075AD5DDE9022335
:102BF000002B08BF002A54D04BF02000782850D179
:102C0000079812A930220A54401C431C079301F86C
:102C100000B046E09DF84200622808D068280ED037
:102C20006A2814D06C281FD0712810D01CE0D9F865
:102C3000001051F8040BC9F8001040B21AE0D9F89E
:102C4000001051F8040BC9F8001000B212E0D9F8D6
:102C50000000C21D22F00702C9F80020D2E90001DD
:102C60000832C9F8002006E0D9F8001051F8040B2A
:102C7000C9F80010C117CDE90201002902D5079853
:102C80002D210AE0BDF84000810702D507982B21CD
:102C900003E0C00705D50798202112AA1154401C53
:102CA000079012A8079901440591594602A800F01F
:102CB0004DF816E001200790D9F8000050F8041BE9
:102CC000C9F800008DF848100BE001212522BBF166
:102CD000000F07918DF8482003D0022207928DF84B
:102CE00049B00F9D07990A986D1A08992D1A0B98EB
:102CF0006D1A09992D1A0C986D1A9DF840102D1A0D
:102D000048073FF5DFAA2021002D8DF800107FF73E
:102D1000D9AA309E2C46FFF7C9BA4FF0FF3031B028
:102D2000BDE8F08FCBCCCC0C686A6C747A4C000098
:102D30007072696E74665F733A20626164202573F5
:102D400020617267756D656E740000002DE9FC47A7
:102D500007468A463C6950466F2808BF082505D0BB
:102D6000FFF78EF9782814BF0A251025D7E900014E
:102D70003C2680468946BAF1640F18BFBAF1690F44
:102D800005D1002903D5D8F1000869EB4909B9F14B
:102D9000000F08BFB8F1000F0CD1386B50B9082DE7
:102DA0003AD197F83800010736D530223B2684F80F
:102DB0003B2031E08DF800A0404649462A46EB17FB
:102DC00000F000FB3032D0B2761E3A2801960EDABF
:102DD000A255404649462A46EB1700F0F3FA8046D2
:102DE0005FEA010908BFB8F1000F05D108E09DF8BE
:102DF00000001218513AEBE7F868A1198842DBD3BA
:102E0000082D09D197F83800010705D5A05D3028B5
:102E100002D0761E3020A055C6F13C03BB61A1193B
:102E2000F960386B834208DAC31A3B624FF6EF70E1
:102E3000398F01403987BDE8F38700280ED597F810
:102E4000380000F01400102808D17A6B7969386ACC
:102E5000521A121AD21A002AC8BF3A62BDE8F38782
:102E60002DE9D04306460F4614464FF00008DFF820
:102E7000449012E0E00707D542464B4630463946BB
:102E800000F096FA06460F464046494642464B46F3
:102E900000F08EFA641080468946002CEAD1304654
:102EA0003946BDE8D0830000A08601000000F03F55
:102EB00084D7974100002440F8B505460E461746D2
:102EC0001C4600205CB117F8011BB068A847B06031
:102ED00030B1F06A401CF0620020641EF3D1F2BDF4
:102EE0004FF0FF30F2BD00007072696E74665F7360
:102EF0003A20256E20646973616C6C6F776564009D
:102F00007072696E74663A2062616420256E206179
:102F10007267756D656E7400000000006E616E0072
:102F20004E414E00696E6600494E46003000F0B4D6
:102F30000246106895681318506803EB5004C007E8
:102F400048BF4D44A3422DD013F8016B16F0030087
:102F500004BF13F8010BC01C31090F2907D113F866
:102F6000011B0F3103E013F8017B05F8017B401EC4
:102F7000F9D10029E6D013F8010BC6F38106032E20
:102F800008BF13F8016B00EB0620404228440026DE
:102F9000B71E8F421EBF10F8017B05F8017B761C1F
:102FA000F6D1CFE7F0BC02F10C007047C9B202784D
:102FB0008A421AB11CBF10F8012FF9E718BF002090
:102FC000704703681AB95A1E02600846704719789C
:102FD00011B94FF0FF307047591C016018787047E5
:102FE00080B500B906A005490B681BB1222200215B
:102FF000984701E000F0FEFA222002BD08130228E3
:10300000636F6E73747261696E742068616E646C54
:1030100065723A20626164206D6573736167650053
:1030200000F10103810704D010F8011B820781B170
:10303000FAD10268A2F10131914311F0803104BF4D
:1030400050F8042FF6E709BAB1FA81F100EBD1008C
:10305000401CC01A70470268531C0360117070470F
:10306000C9B2830706D0521E22D310F8013B994201
:10307000F7D11FE0083A13D302F1040241EA01211B
:1030800041EA014150F8043B121F21BF4B40A3F11C
:10309000013C2CEA030C1CF0803FF3D0C9B2001FA6
:1030A000083210F8013B521E28BF91EA030FF8D8EE
:1030B00018BF0120401E704762B38B0708D0521E14
:1030C00011F8013B00F8013B00F024808B07F6D19A
:1030D000830740F0208000BF103A07D330B4B1E836
:1030E0003810103AA0E83810F9D230BC530724BF8A
:1030F000B1E80810A0E8081044BF51F8043B40F8BC
:10310000043BD20724BF31F8022B20F8022B44BF26
:103110000B7803707047121F17D35B0009D151F869
:10312000043B20F8023B1B0C121F20F8023BF6D296
:103130000BE051F8043B00F8013B1B0A20F8023B6E
:103140001B0C121F00F8013BF3D238BF121D521E98
:1031500024BF11F8013B00F8013BF8D8704700008C
:1031600010B5024651EC100B144600F00BF841EC80
:10317000100B226010BD00BF10B5144600F002F81D
:10318000226010BDC1F30A5343B14A0012F5001F7B
:1031900028D2A3F2FE32A1EB0251704750EA410C53
:1031A00020D001F0004C31EA0C01B1FA81F204BFE9
:1031B000B0FA80F3D2180B3AB2F120032CBF00FA18
:1031C00003F1914041EA0C013EBFC2F1200C20FA0C
:1031D0000CF319439040524240F2FD33D21A01EBF6
:1031E000035170470022704741EA030C50EA4C0C2F
:1031F00052EA0C0C4FF4001C09D307D01CEB410F12
:103200009CBF1CEB430F8B4208BF824270471CEBF4
:10321000430FFBD8994208BF9042704741EA030C24
:1032200050EA4C0C52EA0C0C4FF4001C09D307D0A6
:103230001CEB410F9CBF1CEB430F994208BF90420F
:1032400070471CEB410FFBD88B4208BF824270478E
:1032500000B541EC100B104600F004F851EC100BD7
:1032600000BD00BF020030EE101B40F2FF7C37D4DF
:103270001CEA115313D063456BD09B18634504D2ED
:1032800001EB025120EE101B704701F0004141EAB2
:103290000C51002041EC100BAFF30080704710EE92
:1032A000100B50EA410054D0B2F57F7F08D202EBF8
:1032B0005C010905002041EC110B20EE010B704769
:1032C0004FF0FE41002341EC113B20EE010BB2F523
:1032D0007E7230EE101B4FEA410342EB5353CDE7B1
:1032E00052421CEA115316D0634532D09A4204D29E
:1032F000A1EB025120EE101B70475B1ED21AA1EB0E
:10330000035120EE101B372A0CD3002001F000419E
:1033100041EC100BC0E710EE100B50EA410018D042
:10332000372AF2D2C2EB5C021105002041EC110BEE
:10333000F1EE100A20F01F0121F4F851E1EE101A0D
:1033400020EE010BF1EE101AE1EE100A11F0080F59
:10335000A2D1704741EC100BBDEEC00B10EE100A6D
:10336000704700EE100AB8EEC00B51EC100B70471E
:1033700041EC100B43EC112B30EE410B51EC100BD8
:10338000704741EC100B43EC112B80EE010B51EC1C
:10339000100B704741EC100BBCEEC00B10EE100A86
:1033A000704700EE100AB8EE400B51EC100B70475E
:1033B00041EC100B43EC112B20EE010B51EC100BE8
:1033C00070470000BBBBE1B1B2F5803F80F07E806A
:1033D000022A1ED98C46B1FBF2F102FB11C31B0479
:1033E00043EA1043B3FBF2FC02FB1C3380B240EA19
:1033F0000343B3FBF2F002FB103240EA0C4000231F
:103400007047022A05D98446B0FBF2F002FB10C2D5
:1034100070474AB105D100F0010249085FEA300067
:10342000704700220023704700F0E8B80B0002004C
:10343000002100207047904271EB030CF6D3B3F5E6
:10344000803F2FD2F0B5B3FA83F7B1FA81F4A7F138
:103450000F0E3D1B5340CEF1200602FA0EF2F3414F
:103460005340B5F10F0746D80F3C2C444140C4F1FE
:103470002006A040F1414140B1FBF3F603FB1611D9
:10348000A2FB0645001BA94102D2761E80185941B5
:1034900080EA010221FA0EF362FA0EF200215A408C
:1034A0003046F0BD30B4B1FBF3FC03FB1C11A2FBB2
:1034B0000C45001BA94103D2ACF1010C8018594105
:1034C00030BC02460B46604600217047B2F1807F57
:1034D00065D3F0B5B2FA82F7B1FA81F4C7F10F06FD
:1034E0003D1B22FA06F307F1110EF24120355A4036
:1034F000B5F10F07B8D94140C4F12006A040F14111
:103500004140B1FBF3FC03FB1C11A2FB0C45001B6B
:10351000A94103D2BCF1010C801859410F2F12D3DD
:103520000F3FC90341EA5041B1FBF3F603FB16110B
:10353000A2FB0645D4EBC030A94102D2761E80180A
:10354000594146EACC3C07B34140C7F12006B84098
:10355000F1414140B1FBF3F603FB1611A2FB064516
:10356000001BA94102D2761E8018594180EA01024F
:1035700021FA0EF3C7F1200462FA0EF20CFA07F0FA
:103580005A402CFA04F13043F0BD80EA010221FADE
:103590000EF3002162FA0EF260465A40F0BD8C46EE
:1035A000B1FBF2F102FB11C31B0243EA1063B3FB50
:1035B000F2FC02FB1C331B024CEA002043EA1063BE
:1035C000B3FBF2FC02FB1C331B024CEA002043EA73
:1035D0001063B3FBF2FC02FB1C331B024CEA00201D
:1035E00043EA1063B3FBF2FC02FB1C324CEA0020FE
:1035F00000237047012000F003B80000704700006E
:1036000080B5AFF30080024A11001820ABBEFBE783
:1036100026000200022801D3012010E00B00DBB2DB
:10362000042B01DB01200AE0DFF8283803EB8000DF
:10363000C9B2405C824201D3012000E00020704703
:10364000F8B506000F0015001C00022E01D3012062
:103650001DE02A003900C9B23000FFF7DBFF012866
:1036600001D1012013E03800C0B2002812D1B4F516
:10367000807F0DD2DFF8E0077603304400EB850051
:1036800010F58050016864F30F2101600020F2BD45
:103690000120FCE7FFB2012F11D1B4F5803F0CD21D
:1036A000DFF8B4077603304400EB850010F5A05036
:1036B000016864F317210160E8E70120E7E70120D2
:1036C000E5E700B20012C0B27047F8B505000E0081
:1036D0001700280000B2FFF7F4FF04002000C0B27A
:1036E000022801D3012024E03A003100C9B22000B1
:1036F000C0B2FFF78FFF012801D1012019E0DFF8E8
:1037000058172000C0B2400308442A00D2B200EB90
:103710008200D0F8000CF6B266F3092067F30700C8
:10372000E4B264032144EDB201EB8501C1F8000C61
:103730000020F2BD70B504000D001600022C01D36C
:1037400001201DE032002900C9B22000FFF762FF0E
:10375000012801D1012013E0DFF8FC1660030858AE
:1037600050F0004050F0407050F47F00EDB265F32F
:10377000092066F30700620388506403085900209B
:1037800070BD10B5C0B2002800F0EA80022800F039
:10379000EB80C0F0E780042800F0EA80C0F0E6800B
:1037A000062800F0E980C0F0E580082800F0E880F5
:1037B000C0F0E4800A2800F0E780C0F0E3800C2825
:1037C00000F0E680C0F0E2800E2800F0E580C0F056
:1037D000E180102800F0E480C0F0E080122800F0C2
:1037E000E380C0F0DF80142800F0E280C0F0DE80CB
:1037F000162800F0E180C0F0DD80182800F0E0809D
:10380000C0F0DC801A2800F0DF80C0F0DB801C28CC
:1038100000F0DE80C0F0DA801E2800F0DD80C0F00D
:10382000D980202800F0DC80C0F0D880222800F069
:10383000DB80C0F0D780242800F0DA80C0F0D6808A
:10384000262800F0D980C0F0D580282800F0D88044
:10385000C0F0D4802A2800F0D780C0F0D3802C2874
:1038600000F0D680C0F0D2802E2800F0D580C0F0C5
:10387000D180302800F0D480C0F0D080322800F011
:10388000D380C0F0CF80342800F0D280C0F0CE804A
:10389000362800F0D180C0F0CD80382800F0D080EC
:1038A000C0F0CC803A2800F0CF80C0F0CB803C281C
:1038B00000F0CE80C0F0CA803E2800F0CD80C0F07D
:1038C000C980402800F0CC80C0F0C880422800F0B9
:1038D000CB80C0F0C780442800F0CA80C0F0C6800A
:1038E000462800F0C980C0F0C580482800F0C88094
:1038F000C0F0C4804A2800F0C780C0F0C3804C28C4
:1039000000F0C680C0F0C2804E2800F0C580C0F034
:10391000C180502800F0C480C0F0C080522800F060
:10392000C380C0F0BF80542800F0C280C0F0BE80C9
:10393000562800F0C180C0F0BD80582800F0C0803B
:10394000C0F0BC805A2800F0BF80C0F0BB805C286B
:1039500000F0BE80C0F0BA805D2800F0BB80BBE004
:103960001924BFE03124BDE01824BBE03324B9E0C2
:103970003524B7E01424B5E03724B3E01324B1E0D4
:103980002024AFE01224ADE02124ABE01124A9E013
:103990001024A7E02824A5E02924A3E02A24A1E0FC
:1039A00009249FE02B249DE008249BE02C2499E02F
:1039B000032497E0022495E0392493E03B2491E02E
:1039C0003D248FE001248DE03F248BE0002489E03A
:1039D000402487E0412485E0422483E0432481E0C1
:1039E000BF247FE048247DE049247BE0BC2479E0CB
:1039F000992477E09A2475E0502473E09B2471E0C9
:103A0000B6246FE051246DE09C246BE0B52469E09E
:103A1000522467E0A02465E0B42463E0532461E00D
:103A2000B3245FE054245DE0B2245BE0B12459E0AC
:103A3000AD2457E0602455E0AE2453E0612451E00A
:103A4000AD244FE062244DE063244BE0AB2449E019
:103A5000642447E0AA2445E0652443E0A92441E02A
:103A6000A8243FE069243DE06B243BE06D2439E06D
:103A70006F2437E0A32435E0702433E0A22431E042
:103A800071242FE0A1242DE097242BE0962429E037
:103A9000742427E0952425E0752423E0942421E074
:103AA00093241FE092241DE078241BE0792419E080
:103AB0008C2417E07A2415E08B2413E07B2411E09A
:103AC0008A240FE05A240DE059240BE0892409E0F0
:103AD000582407E0882405E09D22DFF840190020E3
:103AE00000F03CFE2000C0B210BD10B5C0B20028EE
:103AF00000F0EA80022800F0EB80C0F0E7800428A4
:103B000000F0EA80C0F0E680062800F0E980C0F00E
:103B1000E580082800F0E880C0F0E4800A2800F082
:103B2000E780C0F0E3800C2800F0E680C0F0E2807F
:103B30000E2800F0E580C0F0E180102800F0E4805D
:103B4000C0F0E080122800F0E380C0F0DF8014288D
:103B500000F0E280C0F0DE80162800F0E180C0F0C6
:103B6000DD80182800F0E080C0F0DC801A2800F02A
:103B7000DF80C0F0DB801C2800F0DE80C0F0DA803F
:103B80001E2800F0DD80C0F0D980202800F0DC8005
:103B9000C0F0D880222800F0DB80C0F0D780242835
:103BA00000F0DA80C0F0D680262800F0D980C0F07E
:103BB000D580282800F0D880C0F0D4802A2800F0D2
:103BC000D780C0F0D3802C2800F0D680C0F0D280FF
:103BD0002E2800F0D580C0F0D180302800F0D480AD
:103BE000C0F0D080322800F0D380C0F0CF803428DD
:103BF00000F0D280C0F0CE80362800F0D180C0F036
:103C0000CD80382800F0D080C0F0CC803A2800F079
:103C1000CF80C0F0CB803C2800F0CE80C0F0CA80BE
:103C20003E2800F0CD80C0F0C980402800F0CC8054
:103C3000C0F0C880422800F0CB80C0F0C780442884
:103C400000F0CA80C0F0C680462800F0C980C0F0ED
:103C5000C580482800F0C880C0F0C4804A2800F021
:103C6000C780C0F0C3804C2800F0C680C0F0C2807E
:103C70004E2800F0C580C0F0C180502800F0C480FC
:103C8000C0F0C080522800F0C380C0F0BF8054282C
:103C900000F0C280C0F0BE80562800F0C180C0F0A5
:103CA000BD80582800F0C080C0F0BC805A2800F0C9
:103CB000BF80C0F0BB805C2800F0BE80C0F0BA803E
:103CC0005D2800F0BB80BBE00824C0E00824BEE013
:103CD0000824BCE00824BAE00824B8E00824B6E0D0
:103CE0000824B4E00824B2E00824B0E00824AEE0E0
:103CF0000824ACE00824AAE00824A8E00824A6E0F0
:103D00000824A4E00824A2E00824A0E008249EE0FF
:103D100008249CE008249AE0082498E0082496E00F
:103D2000082494E0082492E0082490E008248EE01F
:103D300008248CE008248AE0082488E0082486E02F
:103D4000082484E0082482E0082480E008247EE03F
:103D500008247CE008247AE0082478E0082476E04F
:103D6000082474E0082472E0082470E008246EE05F
:103D700008246CE008246AE0082468E0082466E06F
:103D8000082464E0082462E0082460E008245EE07F
:103D900008245CE008245AE0162458E0082456E081
:103DA000082454E0082452E0082450E008244EE09F
:103DB00008244CE008244AE0082448E0082446E0AF
:103DC000082444E0082442E0082440E008243EE0BF
:103DD00008243CE008243AE0082438E0082436E0CF
:103DE000082434E0082432E0082430E008242EE0DF
:103DF00008242CE008242AE0082428E0082426E0EF
:103E0000082424E0082422E0082420E008241EE0FE
:103E100008241CE008241AE0082418E0082416E00E
:103E2000082414E0082412E0082410E008240EE01E
:103E300008240CE008240AE0082408E0082406E02E
:103E40004FF48672DFF8D415002000F087FC2000C4
:103E5000C0B210BDC0CA08100000044080B5C0B296
:103E6000002800F0EA80022800F0EB80C0F0E78034
:103E7000042800F0EA80C0F0E680062800F0E9801F
:103E8000C0F0E580082800F0E880C0F0E4800A284F
:103E900000F0E780C0F0E3800C2800F0E680C0F07E
:103EA000E2800E2800F0E580C0F0E180102800F0EC
:103EB000E480C0F0E080122800F0E380C0F0DF80F2
:103EC000142800F0E280C0F0DE80162800F0E180C7
:103ED000C0F0DD80182800F0E080C0F0DC801A28F7
:103EE00000F0DF80C0F0DB801C2800F0DE80C0F036
:103EF000DA801E2800F0DD80C0F0D980202800F094
:103F0000DC80C0F0D880222800F0DB80C0F0D780B1
:103F1000242800F0DA80C0F0D680262800F0D9806E
:103F2000C0F0D580282800F0D880C0F0D4802A289E
:103F300000F0D780C0F0D3802C2800F0D680C0F0ED
:103F4000D2802E2800F0D580C0F0D180302800F03B
:103F5000D480C0F0D080322800F0D380C0F0CF8071
:103F6000342800F0D280C0F0CE80362800F0D18016
:103F7000C0F0CD80382800F0D080C0F0CC803A2846
:103F800000F0CF80C0F0CB803C2800F0CE80C0F0A5
:103F9000CA803E2800F0CD80C0F0C980402800F0E3
:103FA000CC80C0F0C880422800F0CB80C0F0C78031
:103FB000442800F0CA80C0F0C680462800F0C980BE
:103FC000C0F0C580482800F0C880C0F0C4804A28EE
:103FD00000F0C780C0F0C3804C2800F0C680C0F05D
:103FE000C2804E2800F0C580C0F0C180502800F08B
:103FF000C480C0F0C080522800F0C380C0F0BF80F1
:10400000542800F0C280C0F0BE80562800F0C18065
:10401000C0F0BD80582800F0C080C0F0BC805A2895
:1040200000F0BF80C0F0BB805C2800F0BE80C0F014
:10403000BA805D2800F0BB80BBE00020C0E000201B
:10404000BEE00120BCE00120BAE00220B8E003207D
:10405000B6E00320B4E00420B2E00420B0E0052084
:10406000AEE00520ACE00620AAE00720A8E0092089
:10407000A6E00A20A4E00B20A2E00B20A0E00C2088
:104080009EE00C209CE00D209AE00D2098E00E2090
:1040900096E00F2094E0102092E0112090E0112093
:1040A0008EE012208CE012208AE0132088E0142099
:1040B00086E0152084E0162082E0162080E018209B
:1040C0007EE019207CE019207AE01A2078E01B209D
:1040D00076E01C2074E01C2072E01C2070E01D20A3
:1040E0006EE01D206CE01D206AE01E2068E01E20AE
:1040F00066E01E2064E01F2062E01F2060E02020B8
:104100005EE020205CE021205AE0222058E02420BC
:1041100056E0242054E0252052E0252050E02620BF
:104120004EE027204CE027204AE0282048E02820C5
:1041300046E0292044E0292042E02A2040E02C20CB
:104140003EE02D203CE02E203AE02F2038E02F20CA
:1041500036E0302034E0302032E0312030E03120D1
:104160002EE032202CE033202AE0342028E03420D6
:1041700026E0352024E0352022E0362020E03720DC
:104180001EE038201CE039201AE0392018E03A20DF
:1041900016E03A2014E03B2012E03B2010E03B20E8
:1041A0000EE03C200CE03C200AE03D2008E03D20F1
:1041B00006E040F27B129949002000F0CFFA00207F
:1041C000C0B202BD002007E09549C2018A5822F022
:1041D0000042C301CA50401C3F28F5DB704770B550
:1041E00004000E00002000202000C0B2FFF736FEC1
:1041F0008B4DC0B2C0012844006A80B206FB00F6B5
:104200004FF47A70B6FBF0F62000C0B2FFF726FE3E
:10421000C0012844B6B246612000C0B2FFF71EFEBE
:104220000100C9B2C9012944096C51F00101C0B2B1
:10423000C0012844016470BD2DE9F041AAB004001A
:104240000D001600342100221DAF380000F018FBCD
:104250000020742100226F46380000F011FB0E2070
:104260001E902000C0B2FFF740FC8DF87C002000BB
:10427000C0B2FFF786FA07005FF008082000C0B25E
:10428000FFF77FFA1DAA97FBF8F108FB11773900B9
:10429000644BC0B2C010C001184400F0B0FB200055
:1042A000C0B2FFF7DBFD00220121C0B210F5937010
:1042B00000B2FFF70AFA2000C0B2FFF7CFFDC0B28C
:1042C00010F5937000B2FFF7FCF9092300220121D9
:1042D000C0B2FFF7B5F92000C0B2FFF7BFFDC0B212
:1042E00010F5937000B2FFF7ECF900220121C0B283
:1042F000FFF720FA4C48B0FBF5F1090C4A482A04B4
:10430000B0FBF2F302FB1300002800D0491C022985
:1043100003D200208DF801002FE0032903D20120F1
:104320008DF8010029E0052903D202208DF8010053
:1043300023E0092903D203208DF801001DE0112993
:1043400003D204208DF8010017E0212903D20520B3
:104350008DF8010011E0412903D206208DF80100FB
:104360000BE0812903D207208DF8010005E040F21F
:10437000C9122A49002000F0F1F904208DF800004C
:1043800001208DF8100000208DF8110003208DF819
:10439000120003208DF8130000208DF80800224938
:1043A00001229DF901008240B1FBF2F0B0FBF5F073
:1043B000401E05900598401C06FB00F64FF47A70ED
:1043C000B6FBF0F0089002208DF8400003208DF835
:1043D000680001201B9001208DF828002000C0B249
:1043E000FFF73CFD0E4D6946C0B2C001284400F005
:1043F00045FB2000C0B2FFF731FDC0B2C001284428
:1044000000F03CFC2000C0B2FFF728FDC0B2C001A4
:10441000284400F038FC2AB0BDE8F08194C40810AC
:10442000000058400000314000127A0082B00020A5
:104430000190002000900020019009E00098401CAD
:1044400000900098B0F5005FF8D30198401C0190EF
:104450000198B0F5805F02D200200090F1E702B031
:10446000704780B50100002000F082FE01BD2DE9FB
:10447000F043ADF5137D0700884616001C000020B0
:10448000ADF802000020ADF80000002002900020EE
:10449000ADF804000020ADF806004046FEF7C0FD70
:1044A0000290DFF8A0532888002801D028698047AF
:1044B000DFF894030078002800F033812888002872
:1044C00000F01181BDF90600411CADF806103A005C
:1044D000010089B20020EB68984747464046FEF746
:1044E0009FFD02906888A97990FBF1F0ADF8040077
:1044F0003800471C00780028FAD10020ADF80000F1
:104500000EE07F1E38782F2802D038785C2804D13E
:10451000BDF80000401CADF800000298401E02905B
:10452000BDF80000022802DA02980028E9D50298B6
:10453000002806D47A1CDFF8141353A801F04EF8B3
:104540000EE0BDF80000002805D13A00C04953A88C
:1045500001F044F804E03A00BC4953A801F03EF8E9
:104560000020ADF8020042E0BDF80010BDF80020C8
:10457000BDF8023053AF9BB2BDF90400434313FAB8
:1045800082F0385C43AA89B25054BDF80000401C48
:10459000ADF80000BDF8000080B2BDF904108842FB
:1045A0000EDA53A8FEF73CFDBDF80020BDF802303E
:1045B0009BB2BDF904104B4313FA82F18842D3D267
:1045C000002043A9BDF800208854BDF90600411C15
:1045D000ADF8061043AAE97911FB00F189B2002079
:1045E000EB689847BDF80200401CADF80200BDF82A
:1045F000027053A8FEF714FDBDF90410B0FBF1F0F2
:10460000401CBFB2874203D20020ADF80000C1E7D2
:104610003200904953A800F0E1FFBDF90600411CAB
:10462000ADF8061053AAE97911FB00F189B2002018
:10463000EB689847002C74D00020ADF8020041E0F0
:10464000BDF80010BDF80020BDF802309BB2BDF9E6
:104650000400434313FA82F0205C43AA89B2505409
:10466000BDF80000401CADF80000BDF8000080B2AD
:10467000BDF9041088420EDA2000FEF7D1FCBDF827
:104680000020BDF802309BB2BDF904104B4313FA71
:1046900082F18842D4D2002043A9BDF8002088547A
:1046A000BDF90600411CADF8061043AAE97911FBDB
:1046B00000F189B20020EB689847BDF80200401C69
:1046C000ADF80200BDF802602000FEF7A9FCBDF9BC
:1046D0000410B0FBF1F0401CB6B2864221D200209B
:1046E000ADF80000C1E74FF4807100220DF10C0914
:1046F000484600F0C5F83800A9688847002C07D064
:10470000009433004246544903A800F067FF05E0D7
:1047100033004246514903A800F060FF03A8A9688E
:1047200088470DF5137DBDE8F08310B54648007845
:10473000002809D04B4C2100002000F027FD012269
:104740002100474800F0CFFF10BD10B51400220033
:10475000D2B2002000F0FDFC200010BD38B50C00E6
:104760001500C0B2002803D13F480078002800D1CE
:1047700031BD3E490878002800D0FEE70878401C8B
:10478000087001F015FA00232A0021003848FFF7CD
:104790006EFEFFF74BFEF6E710B514001A00C0B22C
:1047A000002808D128480078002804D00B002100F8
:1047B0003048FFF75CFE10BD002101804FF6FF710D
:1047C00041808180FF218171C171002181600021C0
:1047D000C1600021016170471A4902880A8042883D
:1047E0004A8082888A8082798A71C279CA71826895
:1047F0008A60C268CA6000690861012012490870B5
:10480000704700B585B06846FFF7D6FF1A4802909A
:104810006846FFF7E1FF05B000BD80B5FFF7F1FF87
:10482000002300225FF4E131002000F0D4FD40239A
:10483000124A00210A4801F051F90121002000F03C
:104840004BFD01BDE01102282C13022890CA08106C
:1048500070CA08109CCA081048C9081000CA08107D
:10486000B01102282D130228970702282E130228C0
:1048700080CA0810A8CA08106344081080100228D3
:1048800062F30F2262F31F42401810F0030308D0B6
:10489000C91A1FD3DB0748BF00F8012D28BF20F835
:1048A000022D130030B414461546103928BF20E9F4
:1048B0003C00FAD8490728BF20E90C0048BF40F85F
:1048C000042D890028BF20F8022D48BF00F8012DD3
:1048D00030BC7047C91818BF00F8012DCB0728BF9E
:1048E00000F8012D7047000030B4614B1818C00962
:1048F000604C14EB001404290DD223681F25C80056
:104900008540AB43D2B212F01F02C90012FA01F186
:10491000194321600CE0091F63681F25C80085400A
:10492000AB43D2B212F01F02C9008A401A43626040
:1049300030BC7047002A04D1012212FA01F1416013
:1049400003E0012212FA01F18160704710B489007E
:10495000436C0F248C40A34312F00F0212FA01F1B2
:104960001943416410BC704710B4836C01248C401F
:10497000A34312F0010212FA01F11943816410BC41
:10498000704710B4C36C01248C40A34312F00102A1
:1049900012FA01F11943C16410BC704710B4490008
:1049A0001031C36C03248C40A34312F0030212FAAB
:1049B00001F11943C16410BC70474269012212FA27
:1049C00001F141614069704710B4836901248C4052
:1049D000A34312F0010212FA01F11943816110BCE4
:1049E000704710B44900036C03248C40A34312F0B9
:1049F000030212FA01F11943016410BC7047F8B5C3
:104A000005000E0014000027002D2ED0002C2CD005
:104A1000226831002800FFF78DFF227A310028003C
:104A2000FFF762FF626931002800FFF79DFFA2696E
:104A300031002800FFF7A5FFE26931002800FFF7E9
:104A4000ADFF626831002800FFF780FFE2683100A7
:104A50002800FFF7C6FF31002800FFF7AEFF2269EC
:104A600031002800FFF7B0FF00E0034F3800F2BD2F
:104A70000000CFBF0000304001005A000122002892
:104A800000F0EC80002900F0E980754A12680B7A8A
:104A900063F392420B7B13F0030363F311420B7831
:104AA00013F0070363F31A628B7863F39E7291F835
:104AB000283063F3000291F8343063F341020B7F36
:104AC00063F382024B7F63F3C30291F8403063F3D8
:104AD0008A2291F84030DBB25B08DBB263F34922F3
:104AE00091F8703063F3082291F8713013F00303EA
:104AF00063F30D3202600A7A002A02D1002282603A
:104B000007E00A7A012A02D14A69826001E00122A3
:104B100082600A6A02614A6A4261CA6A82610A6BF9
:104B2000C2614A6902628A6942624E4A126891F819
:104B3000443003F0FF03120A12021A4391F84C307A
:104B400003F0FF0363F3174291F85C3003F0FF03B7
:104B500063F31F6291F86C3003F0FF0363F30F22DD
:104B60004264414A126891F8643003F0FF0363F332
:104B70000F2291F8543003F0FF03120A12021A4375
:104B800082643A4A126891F8413013F003039208A4
:104B900092001A4391F8603013F0030363F38B2201
:104BA00091F8483013F0030363F3051291F8503085
:104BB00013F0030363F3092291F8583013F0030351
:104BC00063F3871291F8683013F0030363F38302F1
:104BD000C264274A126891F8723013F00703D208B2
:104BE000D2001A4391F8733013F0070363F30612EF
:104BF000426591F8352082671E4A12680B7C13F0DB
:104C00000303920892001A43CB7C13F0030363F36F
:104C100087124B7C13F0030363F383028B7C13F046
:104C2000030363F305120265134A1268CB8863F32A
:104C30001F428B889BB21B0A9BB263F30F220B7837
:104C4000052B06D1097901F0FF01120A12020A436D
:104C500002E0497861F30702026300221000704706
:104C600044CB081048CB08104CCB081050CB081090
:104C700054CB081058CB08105CCB0810016851F0D9
:104C80000041016070474030016851F0100101603F
:104C900070470000022801D3012010E00B00DBB2B6
:104CA000042B01DB01200AE0DFF8EC3803EB800085
:104CB000C9B2405C824201D3012000E0002070476D
:104CC000F8B504000F0015001E00022C01D30120CE
:104CD0002AE02A003900C9B22000FFF7DBFF0128D3
:104CE00001D1012020E006983900C9B202291ED165
:104CF000B6F5803F19D2202817D24FF4C052DFF802
:104D00009C1863030B4403EB850313441F6866F38D
:104D100017271F606403214401EB850111440A68D1
:104D200060F3C7020A600020F2BD0120FCE7FFB279
:104D3000032F1FD1B6F1807F1AD2202818D24FF44A
:104D4000E052DFF8581863030B4403EB8503134468
:104D50001F6807F0FF0757EA06271F606403214416
:104D600001EB850111440A6860F3C7020A60DAE7C3
:104D70000120D9E70120D7E700B20012C0B2704786
:104D8000F8B505000E001700280000B2FFF7F4FF89
:104D900004002000C0B2022801D3012024E03A0020
:104DA0003100C9B22000C0B2FFF774FF012801D161
:104DB000012019E0DFF8E4172000C0B240030844E6
:104DC0002A00D2B200EB8200D0F8000CF6B266F3F3
:104DD000092067F30700E4B264032144EDB201EB5C
:104DE0008501C1F8000C0020F2BD70B504000D0073
:104DF0001600022C01D301201DE032002900C9B2A7
:104E00002000FFF747FF012801D1012013E0DFF860
:104E10008C176003085850F0004050F0407050F478
:104E20007F00EDB265F3092066F307006203885046
:104E300064030859002070BDD0F840037047D0F8D3
:104E40000803C005C00D7047C0F840127047D0F885
:104E50000802C005C00D7047C0F8C81F7047D0F8E1
:104E6000C80F7047C0F8C01FD0F8C00F7047C0F817
:104E7000881F7047D0F8880F7047C0F8801FD0F89F
:104E8000800F7047016851F000410160704770B5B4
:104E900006000124DFF808573000C0B255F82000A2
:104EA000FFF7DDFF40071FD53000C0B255F82000E6
:104EB000FFF7C5FF002810D03000C0B255F8200021
:104EC000FFF7BAFFDFF8DC163200D2B288540120B7
:104ED000DFF8D4163200D2B288540421F6B255F865
:104EE0002600FFF7BFFF0FE03000C0B255F82000EA
:104EF000FFF7C0FF800507D54FF40071F6B255F8F3
:104F00002600FFF7BAFF00242000C0B270BD38B5FC
:104F100004001500C9B200290ED0102919D020298B
:104F200024D030292FD031293AD0402945D05029DA
:104F300050D060295BD067E0DFF87006A0600120E8
:104F40002073112060734FF48C70E0811220208256
:104F500060E0DFF85C06A060012020731120607320
:104F600040F21D10E0816B20208253E0DFF8440600
:104F7000A06001202073112060734FF48E70E081D7
:104F80006A20208246E0DFF83006A060022020730D
:104F90001120607340F21B10E0816920208239E00B
:104FA000DFF81806A060012020731120607340F222
:104FB0001B10E081692020822CE0DFF80406A0604D
:104FC00001202073132060734FF48D70E0816820FE
:104FD00020821FE0DFF8EC05A06001202073112083
:104FE000607340F21F10E0816D20208212E0DFF834
:104FF000D805A06001202073112060734FF48F70DA
:10500000E0816C20208205E0BA22DFF8C015002084
:10501000FFF7A4FBEDB2002D0ED0102D19D0202DDE
:1050200024D0302D2FD0312D3AD0402D45D0502DC9
:1050300050D0602D5BD067E0DFF870052060002065
:105040002071112060714FF48C70E0811220208259
:1050500060E0DFF85C0520600020207111206071A5
:1050600040F21D10E0816B20208253E0DFF8440500
:10507000206000202071112060714FF48E70E0815B
:105080006A20208246E0DFF8300520600120207190
:105090001120607140F21B10E0816920208239E00C
:1050A000DFF818052060002020711120607140F2A7
:1050B0001B10E081692020822CE0DFF804052060CD
:1050C00000202071132060714FF48D70E081682002
:1050D00020821FE0DFF8EC04206000202071112006
:1050E000607140F21F10E0816D20208212E0DFF835
:1050F000D804206000202071112060714FF48F705F
:10510000E0816C20208205E0FE22DFF8C014002040
:10511000FFF724FB31BD70B504000D00DFF880649B
:105120002000C0B256F82000FFF791FE1028F5D2FB
:10513000EDB229002000C0B256F82000FFF784FE2F
:105140002000C0B256F82000FFF781FE0028F7D1FA
:1051500070BD70B505000E00140006E0317828001F
:10516000C0B2FFF7D8FF641E761C002CF6D170BDCC
:1051700038B504000D0005E029782000C0B2FFF723
:10518000CAFF6D1C28780028F6D131BD10B400226A
:10519000DFF814340200D2B29A5C002A0AD0DFF899
:1051A00004240400E4B2125D0A700021C0B2195454
:1051B000012000E00020C0B210BC704770B50500AF
:1051C0000C00DFF8DC632800C0B256F82000FFF7BF
:1051D00051FE4008400001002800C0B256F82000EF
:1051E000FFF745FE2800C0B256F82000FFF742FE48
:1051F00030F0020001002800C0B256F82000FFF78E
:1052000036FE2800C0B256F82000FFF733FE30F01B
:10521000200001002800C0B256F82000FFF727FE4A
:105220002800C0B256F82000FFF724FE30F04000FE
:1052300001002800C0B256F82000FFF718FE280031
:10524000C0B256F82000FFF715FE30F01000010044
:105250002800C0B256F82000FFF709FE2800C0B2AF
:1052600056F82000FFF706FE30F480700100280099
:10527000C0B256F82000FFF7FAFD2800C0B256F879
:105280002000FFF7F7FD30F4806001002800C0B275
:1052900056F82000FFF7EBFD002C0ED02800C0B21E
:1052A00056F82000FFF7E6FD50F400700100EDB263
:1052B00056F82500FFF7DBFD0DE02800C0B256F8D8
:1052C0002000FFF7D7FD30F400700100EDB256F872
:1052D0002500FFF7CCFD70BD70B505000C00DFF8B0
:1052E000C0622800C0B256F82000FFF7B8FD4008A1
:1052F000400001002800C0B256F82000FFF7ACFDC6
:105300002800C0B256F82000FFF7A9FD30F00800D1
:1053100001002800C0B256F82000FFF79DFD2800CC
:10532000C0B256F82000FFF79AFD30F020000100CF
:105330002800C0B256F82000FFF78EFD2800C0B24A
:1053400056F82000FFF78BFD30F480700100280034
:10535000C0B256F82000FFF77FFD2800C0B256F813
:105360002000FFF77CFD30F4007001002800C0B27F
:1053700056F82000FFF770FD2800C0B256F8200054
:10538000FFF76DFD30F4006001002800C0B256F850
:105390002000FFF761FD002C0ED02800C0B256F8A7
:1053A0002000FFF75CFD50F004000100EDB256F85C
:1053B0002500FFF751FD0DE02800C0B256F820008F
:1053C000FFF74DFD30F004000100EDB256F8250066
:1053D000FFF742FD70BD2DE9F0412DED028BA8B025
:1053E00005000E00170028003900C9B20909C0B233
:1053F000884201D1012000E000201C00DFF8CC81B0
:1054000040F2F9124146C0B2FFF7A8F92800210086
:10541000C9B20909C0B2884201D1012000E00020D0
:105420004FF4FD724146C0B2FFF798F902A814216B
:1054300000F0E6FB342100220DF168084046FFF73A
:105440001FFA4C2100220DF11C084046FFF718FA04
:10545000082080B206FB00F65D48B0FBF6F85C4819
:1054600006FB180000EE100AB8EE400B01EE106AC1
:10547000B8EE411B80EE010BBFEEED0B10EE100BF2
:1054800008EE100A2200D2B23900C9B202A8FFF712
:105490003EFD08201B909DF80D008DF870001AAAA3
:1054A0009DF80C100298FFF7AAFA06201B909DF8B1
:1054B00015008DF870001AAA9DF814100498FFF7D3
:1054C0009EFA0020079008200890082009900220EA
:1054D0000B9000200C900020129000201490304C73
:1054E0002800C0B254F8200000F0D0FC39492A004E
:1054F000D2B2382042430A4407A92800C0B254F867
:10550000200000F081FB2800C0B254F82000FFF713
:10551000B9FC2A00D2B20321BDF91600FFF730FC16
:10552000BDF91600FFF728FC8DED008AB8F10108DF
:1055300043462A00D2B20321C0B2FFF7C1FBBDF936
:105540001600FFF719FC2A00D2B20321C0B2FFF700
:105550004CFCBDF91800ADF800000320ADF80200C6
:1055600001208DF8040007221B482900C9B250F819
:105570002110684600F028FB00212800C0B2FFF788
:10558000ABFE00212800C0B2FFF718FE28B0BDEC2A
:10559000028BBDE8F0810000C0CA08100000044082
:1055A00078070228581202286012022800003140B1
:1055B0000002314000053140800831408006314012
:1055C000000731400001314080013140E4C408103F
:1055D00000B4C4049C0902285C0702280CB430B54E
:1055E00083B00A4606A9029104460025019400955D
:1055F00002AB01A9084878441E30FCF744FD019A2B
:10560000157000284EBF04460198041B204603B0C5
:1056100030BC5DF80CFB00BF3FDAFFFF82688918E1
:10562000816003E082684169521A82608168426940
:105630009142F7D27047C2688918C16003E0C2681E
:105640004169521AC260C16842699142F7D27047FB
:1056500070B50400002C01D0012000E0002054228D
:10566000DFF8B414C0B2FFF779F80025207850F0C5
:10567000010020700020A0600020E06060692061CF
:105680006078002803D0022810D007D315E06169A4
:10569000002266683000FFF7F3F80EE06169490008
:1056A000002266683000FFF7EBF806E061698900C8
:1056B000002266683000FFF7E3F800202070280021
:1056C000C0B270BD10B50400002C01D0012000E074
:1056D00000207022DFF84014C0B2FFF73FF8606985
:1056E0002169401A10BD2DE9F84305001600002D70
:1056F00001D0012000E000200C00AA22DFF81814DD
:10570000C0B2FFF72BF800270020002C01D103279F
:10571000B5E0287810F0050F01D00427AFE0287815
:1057200050F0040028702869B042C0F0A380D5F87A
:105730001480A868B8EB0008B04567D268780028E4
:1057400003D0022841D01FD390E042462100686870
:10575000AB6800EB03094846FDF7AEFC4146280064
:10576000FFF75CFFB6EB080204EB08016868AB6862
:1057700000EB03042000FDF79FFCB6EB0808414650
:105780002800FFF74BFF71E05FEA480221006868DC
:10579000AB6800EB43094846FDF78EFC4146280004
:1057A000FFF73CFFB6EB0802520004EB48016868C3
:1057B000AB6800EB43042000FDF77EFCB6EB080865
:1057C00041462800FFF72AFF50E05FEA88022100E7
:1057D0006868AB6800EB83094846FDF76DFC4146FD
:1057E0002800FFF71BFFB6EB0802920004EB8801CC
:1057F0006868AB6800EB83042000FDF75DFCB6EB46
:10580000080841462800FFF709FF2FE068780028C4
:1058100003D002281DD00ED328E032002100686892
:10582000AB6800EB03042000FDF746FC31002800C4
:10583000FFF7F4FE1AE0720021006868AB6800EB25
:1058400043042000FDF738FC31002800FFF7E6FE96
:105850000CE0B20021006868AB6800EB8304200014
:10586000FDF72AFC31002800FFF7D8FE2869861BC7
:105870002E6100E00527287810F0FB002870380022
:10588000C0B2BDE8F283F8B504000D001600002C8C
:1058900001D0012000E0002040F21D12DFF8781254
:1058A000C0B2FEF75BFF0027002D01D103272BE0DC
:1058B000207810F0030F01D006273CE02000FFF70E
:1058C00001FF002801D1072735E0207850F00800BB
:1058D00020706078002803D002280CD005D30FE098
:1058E0006068E168405C28700AE06068E16830F850
:1058F0001100288004E06068E16850F82100286009
:10590000207810F0F7002070F6B2002E13D1207826
:105910000B2801D102270EE0207850F00200207001
:1059200001212000FFF787FE2069401C20612078BC
:1059300010F0FD0020703800C0B2F2BD2DE9F04734
:1059400005000E001F00002D01D0012000E0002006
:105950001400DFF8C48140F25B124146C0B2FEF78A
:10596000FDFE002C01D0012000E000204FF4AE72BB
:105970004146C0B2FEF7F2FE5FF0000800200020B2
:10598000002E02D15FF003088BE0297811F0030F9D
:1059900003D020605FF006089CE02800FFF792FE2D
:1059A0002168884209D220605FF00708002804D1EE
:1059B000287810F0F70028708CE0287850F0080064
:1059C0002870D5F81490E868B9EB00092068814583
:1059D00022D36878002803D0022813D008D35CE0D3
:1059E00022686868E96801443000FDF765FB54E00F
:1059F000226852006868E96800EB41013000FDF759
:105A00005BFB4AE0226892006868E96800EB81016C
:105A10003000FDF751FB40E06878002803D00228F1
:105A200027D011D339E04A466868E9680144B24694
:105A30005046FDF741FB2268B2EB090269684E440B
:105A40003000FDF739FB28E05FEA49026868E96841
:105A500000EB4101B2465046FDF72EFB2268B2EB47
:105A600009025200696806EB49063000FDF724FB85
:105A700013E05FEA89026868E96800EB8101B246D9
:105A80005046FDF719FB2268B2EB090292006968E3
:105A900006EB89063000FDF70FFB287810F0F700C1
:105AA0002870FFB2002F15D128780B2802D15FF0A3
:105AB00002080FE0287850F00200287021682800C2
:105AC000FFF7B9FD2969206841182961287810F08D
:105AD000FD0028704046C0B2BDE8F087F8B504006C
:105AE0000E0017001D00002C01D0012000E0002056
:105AF0004FF407720849C0B2FEF730FE002067601D
:105B00000021217066700021A1600021E160256103
:105B10006561C0B2F2BD0000F4C30810010009B213
:105B2000002908D4012210F01F018A401B4900B24D
:105B3000400941F820207047010009B2002908D42B
:105B4000012210F01F018A40154900B2400941F8B6
:105B500020207047020012B2002A04D44901114AE1
:105B600000B2115407E049010F4A00B210F00F00D3
:105B7000104400F8041C7047002800D162B60B489E
:105B80000168491C0160704772B60849086800281E
:105B900002D00868401E08600868704700E100E015
:105BA00080E200E000E400E018ED00E0FC120228D2
:105BB00080B5FFF7E9FFFEF705FB01BD80B5C9B26F
:105BC00000B2FFF7C7FF01BD70B504000D0016005D
:105BD000200000F0A3F92900B4F9000000F0DDF97D
:105BE0003100C9B2B4F90200FFF7E8FFB4F90200CE
:105BF000FFF7A2FFB4F90200FFF790FF70BD0000AD
:105C0000002200F0E1B900002DE9F44FDFF8D822BE
:105C1000DFF8D8321B68DFF8D8422468DFF8D452A6
:105C20002D68DFF8D4623668DFF8D0723F68DFF89D
:105C3000D0C2DCF800C0DFF8CCE2DEF800E0DFF82C
:105C4000C882D8F80080DFF8C492D9F80090DFF855
:105C5000C0A2DAF800A0002800F01581002900F0A9
:105C600012810A68022A06D191F82620002A02D160
:105C70005FF0000B03E0D1F804B0BBF1010B91F829
:105C80002420002A01D0012200E0002262F3104308
:105C900033F440436BF30303022262F3196303609E
:105CA0000A7812F0030262F31964046491F8252063
:105CB000002A01D0012200E0002262F38615CA7E8C
:105CC000002A01D0012200E0002262F38A254A7EE8
:105CD000002A01D0012200E0002262F308258A7E1A
:105CE000002A01D0012200E0002262F349258A6BDC
:105CF000521E12F00F0262F313450A69521E12F08F
:105D00000702ED08ED0015434A6962F304154A697C
:105D1000520862F3451585640A7B002A01D00122EE
:105D200000E0002262F308260A7E002A01D0012248
:105D300000E0002262F349268A68521E12F01F0218
:105D4000760976011643C0F800630A7F02F0FF026D
:105D50003F0A3F02174391F8202002F0FF0262F34E
:105D60001747C0F8107391F82720002A01D00122AC
:105D700000E0002262F3082C0A69521E12F00702AA
:105D80005FEADC0C5FEACC0C52EA0C0C4A6962F365
:105D9000041C4A69520862F3451CC0F844C00A7BDF
:105DA000002A01D0012200E0002262F3082E8A6856
:105DB000521E12F01F025FEA5E1E5FEA4E1E52EA9A
:105DC0000E0E0A68012A01D1012200E0002262F3CE
:105DD000104EC0F800E291F83C2002F0FF025FEAAA
:105DE00018285FEA082852EA0808C0F8048391F8E6
:105DF0002820002A01D0012200E0002262F3596924
:105E0000CA6A012A01D1012200E0002262F3186966
:105E10004A6B012A01D1012300E00023009A63F3B9
:105E2000104991F8303003F0FF035FEA19295FEA67
:105E3000092953EA0909C0F8509091F8443003F059
:105E4000FF035FEA1A2A5FEA0A2A53EA0A0AC0F83D
:105E500004A28B6CC0F8883F096CC0F8C81F002AE8
:105E600010D00020506000201060002090600020C2
:105E7000D060002010620020D06200201063DFF8A4
:105E80009400506300221000BDE8F28FDFF8881004
:105E900001605FF4401101640021816440F2071148
:105EA000C0F800130022C0F804230022C0F8102319
:105EB00000224264C0F800120021C0F80412002140
:105EC00001650021C0F8C81E0021C0F8881E00210D
:105ED000C0F8C81F0021C0F8881F0021C0F8081FA3
:105EE0000021C0F8481F70470160AA0000CB0810CD
:105EF00004CB081008CB08100CCB081010CB0810EE
:105F000014CB081018CB08101CCB081020CB08109D
:105F100024CB0810EFCDAB000F00000330B40021FC
:105F2000234A1368234A1468002832D0224A15688D
:105F3000C5F303250E2D0FD01268C2F303220D2ADC
:105F400028D1827812F00F02240924011443027927
:105F5000002A15D0012214E0827812F00F021B09EA
:105F60001B0113430279002A01D0012200E0002224
:105F700062F3DF73114AB0F9000042F8203009E003
:105F8000002262F3DF740E4AB0F9000042F82040AC
:105F900000E00649080030BC70470A4B1A68002A26
:105FA00003D01A6800B242F8201070470100560072
:105FB00028CB08102CCB08100000204000A0204067
:105FC00000C02040EC06022800B500BF1300964632
:105FD0009446103928BFA0E80C50FAD85FEA417CFB
:105FE00028BF0CC048BF40F8042BC90728BF20F8C1
:105FF000022B48BF00F8012B00BD000003460846F5
:106000000122C168491CC16000210068184703468D
:106010000846C1680269491C521E002A0261C1601B
:1060200003D400680122002118474FF0FF30704769
:10603000034608461146C268521E11F1010FC260A4
:1060400002D0006800221847704700002DE9F04F89
:1060500099B04FF0FF35009100241B680193029224
:106060000DF13F02229B8DF81F30A8460394189231
:10607000824614E00398401C0390012200980021FE
:10608000D047A0F109010529F4D32028F2D0024617
:1060900069465046FFF7CCFF0298411C0291029CD2
:1060A0002078A0F10902052AE4D32028E2D020B903
:1060B000404500DA404600F01FBD25280AD1601C8B
:1060C000029001782A2903BF401C029010F8011D9C
:1060D000002110E00398401C039001220098002149
:1060E000D04721788842D7D0024669465046FFF70C
:1060F0009FFF0020DCE78DF81C1000210591DFF8E0
:10610000F43B0AE00598984205DA00EB800401EBC5
:10611000440130390591501C0290029A1178A1F186
:1061200030000A28EED306950FF6C4101178FCF75C
:106130003DFF20B10298401C0290401E00788DF86F
:106140001D009DF81D00682805D10299087868286F
:106150000CD1622206E06C2802BF029908786C28F4
:1061600004D17122491C8DF81D20029102980178FA
:106170000FF68830FCF71AFF88B90398401C03908B
:10618000012200980021D047A0F109010529F4D38C
:106190002028F2D0024669465046FFF749FF00200A
:1061A0008DF81E0002980178253939D01C3900F08D
:1061B0009A80091F022940F29680133900F0FE826E
:1061C000C91E1FD0891F00F08E80891E00F07B84BD
:1061D000491E00F0F382491E022940F28480091F03
:1061E00000F0EC82491F3ED0491E012940F2E682B0
:1061F000091F35D0891E00F0E182C91E00F0DE8241
:1062000000F06CBC2A4600F05FBC2298002800F029
:10621000668414F1230F40F06284284600F06CBCC1
:106220000398401C039001220098D0470446252C77
:106230000CD1B8F1000F48BF4FF000089DF81E00C8
:1062400000283FF429AF08F1010825E722466946F6
:106250005046FFF7EDFE14F1010F40F03F844EE38E
:10626000012200F031BC9DF81C000028E1D19DF80E
:106270001D0062282CD0682811D06A281BD06C28F9
:1062800001D0712817D0019951F8040B019118B968
:106290000FF6702000F013BC03990160C9E7019963
:1062A00051F8040B019118B90FF6582000F007BC03
:1062B00003990180BDE7019951F8040B019110B9D0
:1062C0000FF64020FBE3039AD317C0E90023B0E7A1
:1062D000019951F8040B019110B90FF62820EEE353
:1062E00003990170A5E705980028D8BF6FF000401A
:1062F000049069465046FFF78AFE00240DF12409F8
:106300002B2818BF2D2807D18DF824006946504648
:10631000FFF77DFE0DF125090A260027302818D148
:1063200069465046FFF773FE40F02001C9B2782954
:1063300002D001273946E0E0302089F8000089F8D2
:10634000011050466946FFF762FE09F10209102666
:10635000F0E740F02001CAB26E2A48D16E2009F859
:10636000010B69465046FFF752FE064646F02000F4
:10637000C0B26128A34640F07481612109F8011B75
:1063800050466946FFF743FE064646F02000C0B27D
:106390006E2840F0668169465046FFF738FE28288F
:1063A00006D0024669465046FFF742FE6E204EE098
:1063B0000498401E049004D50398401C039028467E
:1063C00003E069465046FFF719FEA0F16101064659
:1063D0001A2921BFA0F141021A2A30380A28E7D32E
:1063E0005F2EE5D0292E40F03C816E202FE0C9B20F
:1063F000692940F09280692009F8010B69465046EE
:10640000FFF705FE064646F02000C0B26E28A34600
:1064100040F027816E2109F8011B50466946FFF7BD
:10642000F6FD064646F02000C0B2662840F019810D
:1064300069465046FFF7EBFD40F02001C9B26929DB
:1064400008D0024669465046FFF7F2FD662009F87B
:10645000010B0DE169465046FFF7D9FD064640F0B5
:106460002000C0B26E2840F0FC8003980499401CC4
:10647000491E00290491039005D4009801220021AF
:10648000D047064600E02E4646F02000C0B26928FC
:1064900040F0E78003980499401C491E00290491AC
:1064A000039005D4009801220021D047064600E061
:1064B0002E4646F02000C0B2742840F0D2800398E7
:1064C0000499401C491E00290491039005D40098AA
:1064D00001220021D047064600E02E4646F020006B
:1064E000C0B2792840F0BD80662109F8011BBFE0E9
:1064F00069465046FFF782FD0121302808D10498F3
:10650000401E0490F4D50398401C03902846F3E7FE
:106510000F4611B1302109F8011B3A46002713E05C
:106520000398401C039028460DE0242FAEBF641C46
:1065300009F8010B7F1C0498401E0490F0D46946B2
:106540005046FFF75BFD012210F1010F2AD0C3B2C4
:10655000612BA8BFA0F157010ADA412BA8BFA0F117
:10656000370105DA303B0A2B34BFA0F13001FF219F
:10657000C9B2B142D9D38DF820602E281646BB4649
:1065800014D109F8010B03990498491C401E0028F6
:106590000490039104D4009801220021D04705E023
:1065A000284603E08DF82060BB461646BBF1000F7D
:1065B00017D104E069465046FFF720FD0126302838
:1065C00009D10498641E401E0490F3D50398401C22
:1065D00003902846F2E7002C03D5302109F8011B6F
:1065E000641C9DF82070314604E069465046FFF770
:1065F00005FD012110F1010F24D0C3B2612BA8BF0A
:10660000A0F157020ADA412BA8BFA0F1370205DA40
:10661000303B0A2B34BFA0F13002FF22D2B2BA4283
:1066200010D2BBF1240F08DB0498401E0490DCD587
:106630000398401C03902846DBE709F8010B0BF197
:10664000010BF1E7BB4606460F46F8B248B146F0EB
:106650002000BBF10A0FC0B235D1652835D000E06B
:106660000646324669465046FFF7E2FCFFB217B3D2
:10667000002189F800109DF81C0000287FF4D9AD96
:10668000BBF10A0F0B4673DC224609A800F06BFB36
:1066900001228DF81E209DF81D20019B6C2A72D1CD
:1066A00053F8042B0193002A6AD1DFF840047844A0
:1066B00000F23A4003E209A8814508BF16F1010F34
:1066C00040F00C821BE17028CBD109F8016B0498D3
:1066D000401E049010D40398401C0390012200989F
:1066E0000021D0472B2818BF2D2811D109F8010B04
:1066F0000498401E049004D50398401C039028463B
:1067000006E00398401C0390012200980021D04726
:10671000002704E069465046FFF770FC0127302847
:1067200008D10498401E0490F4D50398401C0390AF
:106730002846F3E717B1302109F8011B002604E0D1
:1067400069465046FFF75AFC0127A0F130010A299B
:1067500086D2082E08DB0498401E0490F0D50398DA
:10676000401C03902846EFE709F8010B761CF2E77E
:10677000002209A800F0F7FAA200FCF769FD87E7FC
:10678000C2E9000155E54C2A0AD153F8042B0193C4
:10679000002AF5D1DFF85403784400F554708EE1F7
:1067A0001C681A1D01922CB9DFF84003784400F5EB
:1067B0004F7084E100F0DBFA20603AE5059800288C
:1067C000CCBF401EDFF8300500280DF120090490F1
:1067D0001BD40398401C0390012200980021D0474D
:1067E0002B2818BF2D2814D18DF820000DF1210978
:1067F00003980499401C491E00290491039007D472
:10680000009801220021D04703E00399491C03911D
:1068100028460021029A1278642A18BF752A0FD0E0
:10682000692A08BF00240CD06F2A08BF082408D0AA
:10683000702A1CBF42F02002782A02D1102400E006
:106840000A24302860D104980126401E0490039841
:1068500005D4401C039001220098D04702E0401C60
:106860000390284640F02001C9B2782949D1002C74
:1068700018BF102C50D104981024401E0490039887
:1068800007D4401C0390012200980021D047002625
:1068900042E0401C03902E46002701E006460F46CA
:1068A000324669465046FFF7C3FBFFB207B30021EB
:1068B00089F800109DF81C0000287FF4BAAC0298FB
:1068C0000078642818BF692800F0B380224608A821
:1068D00000F024FB01228DF81E20029A1378702B01
:1068E0005AD1019B53F8042B0193002A52D1E4E0C2
:1068F00008A8814508BF16F1010F40F0EF802C4633
:10690000EDE04CB9082407E0ECB90A241BE0694625
:106910005046FFF773FB0126302808D10498401E2B
:106920000490F4D50398401C03902846F3E73146C1
:10693000CAB242B1302209F8012B04E06946504640
:10694000FFF75CFB012110F1010FA7D0C2B2612A51
:10695000A8BFA0F157030ADA412AA8BFA0F1370364
:1069600005DA303A0A2A34BFA0F13003FF23DBB244
:10697000E2B2934292D21899894508D30498401EF6
:106980000490DBD50398401C03902846DAE709F809
:10699000010BF3E710604CE49DF81D20622A39D00A
:1069A000682A11D06A2A25D06C2A06D0712A29D0EB
:1069B000742A18D07A2A0FD034E0019B53F8042BA4
:1069C0000193002AE6D178E0019B53F8042B019350
:1069D000002A72D010802CE4019B53F8042B019301
:1069E000002AD7D169E0019B53F8042B0193002AB8
:1069F000D0D162E0019B53F8042B0193002A7FF46D
:106A0000BFAE5AE0019B53F8042B0193002A7FF498
:106A1000B7AE52E0019B53F8042B0193002A4CD0EF
:106A2000107006E4019B53F8042B0193002AB1D1A6
:106A300043E0224608A800F0C7FA01228DF81E2084
:106A40009DF81D20622AE5D0682ABDD06A2A1DD093
:106A50006C2A06D0712A21D0742A10D07A2A07D045
:106A600024E0019B53F8042B0193002A92D124E0E7
:106A7000019B53F8042B0193002A8BD11DE0019B4D
:106A800053F8042B0193002A84D116E0019B53F89C
:106A9000042B0193002A7FF473AE0EE0019B53F8A0
:106AA000042B0193002A7FF46BAE06E0019B53F8A0
:106AB000042B0193002A7FF46DAF00BFA0A0FCF768
:106AC0008FFA2C1A05E000226946504600F03AF889
:106AD0000446002C3FF7ADABFFF797BB0024B8F19D
:106AE000000F7FF5E7AAA046FFF7E4BA545C000068
:106AF000686A6C747A4C000019B0BDE8F08FC9B2B6
:106B000008E003789942A4BF90F802C08C4515DADA
:106B1000C01CD21E032A09D343782D2BF1D010F8C4
:106B200001CB8C4518BF521EF4D107E042B110F8DA
:106B3000013B8B4202D0521EF9D101E00120704787
:106B4000002070472DE9F04F92460027BAF1000F60
:106B500083B080460E464FF0000B25D5B068411C2F
:106B6000B160084601785E2903BF401CB06010F890
:106B7000019DB946B56828785D280CBF681C284679
:106B80005D21FCF713FA002800F0AB80411B009157
:106B9000B0600098032807DB821E2D21681CFCF7DB
:106BA0005FFA08B14FF0010B7069002805DCBAF1FB
:106BB000000F14BF6FF0004001203061307F0028CB
:106BC00001BF706850F8044B7060002C08D14FF082
:106BD000FF3402487844001D11E000BFF85B00005C
:106BE000307FA8B9F07F98B1716851F8040B7160DB
:106BF000B0F1004FC0F007804FF0FF3448A0FCF721
:106C0000EFF9201A72E0B169884288BF0846B06186
:106C1000CDF80490CDF808B0DDF8009000E0022730
:106C2000F0683169401C491E00293161F06002D5CD
:106C30004FF0FF3B3DE0306801220021C047834612
:106C40001BF1010F35D0BAF1000F0CDC23D50298EF
:106C5000002801980FD000284A465946284617D0E8
:106C6000FFF74DFF0EE0ABF10900052821D3BBF182
:106C7000200F10D11DE000284A465946284603D06F
:106C8000FCF7EEF938B114E0FCF7EAF988B102E05C
:106C9000FFF735FF68B1307F0028C0D1B06938B147
:106CA00004F801BB0121B069B177401EB061B6E7BD
:106CB000012740465A463146FFF7BAF9BAF1000FAC
:106CC00001D0022F09D0022F0FD0F80702D41BF1F8
:106CD000010F06D14FF0FF3008E0307F28B9B069CE
:106CE00008B9002002E000202070012003B0BDE8B8
:106CF000F08F0000CBCCCC0CFEFFFF7F63436E5BBC
:106D0000000000007363616E665F733A2062616425
:106D100020256E20617267756D656E74000000003D
:106D20007363616E665F733A206261642025632C31
:106D30002025732C206F7220255B2073697A6500F3
:106D40007363616E665F733A2062616420696E747A
:106D50006567657220617267756D656E740000000D
:106D600051EC100B04BD80B500F002FAF8E741ECDD
:106D7000100BB7EEC00B10EE100A70472DE9FC4F58
:106D800085B00BB100241C600290824601E00AF13C
:106D9000010A9AF80000A0F10903052BF7D3202877
:106DA000F5D02D2818BF2B2807BF1AF8010B8DF836
:106DB00000002B238DF80030002A019103D4012A12
:106DC00001D0252A03DB002971D002986EE0002A49
:106DD0000CDD102A04BF9AF80000302802BF9AF890
:106DE000010040F02000782811D10CE09AF8000052
:106DF000302818BF0A220AD19AF8010040F020007A
:106E0000782803D110220AF1020A00E00822CDF806
:106E100010A001E00AF1010A9AF800003028F9D028
:106E20000A4878442630002400F128010026002773
:106E3000CDF80CA00025A0468DF801109346DFF890
:106E40000C90F94409F106091AE000BFE856000069
:106E500001469DF80100081A5FFA80F85846A0FB29
:106E600006234FEAEB7100FB073301FB0633344680
:106E700000213D4612EB080643EB01070AF1010A27
:106E80009AF80010A1F141001A2838BF20315A4663
:106E900009F12800FCF7E4F80028D9D104995145FC
:106EA0005A4607D1019810B1029801990860002054
:106EB000002130E0039919F80200AAEB0101091A38
:106EC00000291BD410DC0023B6EB080067EB03019C
:106ED0008F4209D301D8864206D3D317FCF772FA42
:106EE000A94208BFA04209D0AFF30080069808B1BC
:106EF000012101604FF0FF36374606E09DF80000A3
:106F00002D2802D1764267EB4707019808B1C0F8F7
:106F100000A03046394607B0BDE8F08F00BF00231F
:106F20002CE700002DE9FC410D0008BF6D468046AE
:106F3000444600E0641C2078A0F109010529F9D33A
:106F40002028F7D007462D2F18BF2B2F08D114F873
:106F5000010FA0F1090105290BD3202801D108E078
:106F60002B271E4629462046FFF708FF2A68944231
:106F700005D1C5F8008000200021BDE8FC812B2F41
:106F800005D14FF00043994209D2BDE8FC812D2F75
:106F9000FBD1B1F1004F12D301D801280FD3AFF3C9
:106FA00000800EB1012030602D2F19BF4FF0FF304F
:106FB0006FF0004100204FF00041BDE8FC814042ED
:106FC00061EB4101BDE8FC8100BF0023AAE700009E
:106FD00038B52DED028B040082B00D4600F0C18063
:106FE00051EC100B31F0004108BF002800F0B980CF
:106FF00051EC100B4A00521512F1010F02D1080397
:1070000000F0AF80002CB7EE008B4AD564425749A0
:10701000794401F5AC71082008E0E20744BF91ED26
:10702000001B28EE018B64080831401E002C18BF9D
:107030000028F2D16846FCF793F8009880EE080B20
:10704000FCF710F951EC100B31F0004108BF00289B
:1070500070D051EC100B4A00521512F1010F01D102
:10706000080367D0002C65D06846FCF779F80098D3
:107070009FED7A2B20EE020BFCF7F4F851EC100B8D
:1070800031F0004108BF002854D051EC100B4A00E9
:10709000521512F1010F01D108034BD0641EE3D148
:1070A00048E047DD31497944C2310820E20744BF56
:1070B00091ED001B28EE018B64100831401E002C5E
:1070C00001DD0028F2D16846FCF74AF8009820EE6E
:1070D000080BFCF7C7F851EC100B31F0004108BF6A
:1070E000002827D051EC100B4A00521512F1010F65
:1070F00001D108031ED0002C1CDD6846FCF730F8D7
:1071000000989FED582B20EE020BFCF7ABF851ECEA
:10711000100B31F0004108BF00280BD051EC100BD0
:107120004A00521512F1010F01D1080302D0641E6A
:10713000002CE2DC51EC100B31F0004108BF0028BC
:1071400008D051EC100B4A00521512F1010F08D172
:10715000080306D1AFF300801DB1286840F001009C
:10716000286002B0BDEC028B31BD00BF3C54000072
:107170002DE9F14185B0884616461D001CBF002050
:107180002860059F05A800F085F8C41020F00800CD
:10719000012804F0010425D10220009001AB0599DB
:1071A0004246384600F006F910B99FED300B15E065
:1071B0009DED020A0228B8EEC00B0FDB03A9401EAA
:1071C0009FED2C1B51F8042BB0EE402B00EE102A43
:1071D000B8EEC00B401E02EE010BF3D10198294618
:1071E000801927E0022828D1009001AB059942467A
:1071F000384600F0B3F910B99FED1C0B15E09DED7A
:10720000020A0228B8EEC00B0FDB03A9401E9FED57
:107210001B1B51F8042BB0EE402B00EE102AB8EEE9
:10722000C00B401E02EE010BF3D10198FCF71AF8D7
:1072300029463046FFF7CCFE0AE0032808BF9FED41
:10724000110B05D004280CBF9FED100B9FED070B11
:107250000CB1B1EE400B06B0BDE8F081436FAC64F9
:107260002806C80A3CBF737FDD4F1575000000007B
:10727000000000000000000065CDCD4100000000CE
:107280000000B041000000000000F07FFFFFFFFFA2
:10729000FFFFFF7FF0B404682346002200E05B1C80
:1072A0001D78A5F10906052EF9D3202DF7D02D2D37
:1072B0000CBF08222B2D00D15B1C1D7845F0200649
:1072C0006E2E26D15A7842F02002612A02BF9A78A7
:1072D00042F020026E2A02D02346002245E0DB1C49
:1072E0001C4604222578282D3FD114F8015FA5F112
:1072F00061061A2EF9D3A5F141071A2F24BF303D9C
:107300000A2DF2D325785F2DEFD0292D2DD1631CC6
:107310002BE0692E2CD15D7845F020056E2D02BF43
:107320009D7845F02005662D02D0234600221CE002
:1073300013F8034F44F0200442F00302692C02BF0B
:107340005C7844F020046E2C0FD19C7844F020042B
:10735000692C02BFDC7844F02004742C05D11C7920
:1073600044F02004792C08BF5B1DF9B10B601DE0CF
:10737000302D02BF597841F02001782914D1991C91
:107380000C782E2C08BF491C0978A1F16104052C4A
:1073900084BFA1F14105052D02D930390A2903D254
:1073A0009B1C42F0020201E042F001020360104621
:1073B000F0BC70472DE9F0478CB00027149C04EB1B
:1073C000C404804691464FF0000E2D2CC8BF2D24DA
:1073D00000201860586001E0491C01200A78302A1A
:1073E000FAD0002211E01868401C18600878302894
:1073F00009D04FF0010E06E0A242F4DAA6F1300007
:107400000DF80200521C491C01200E78A6F130052F
:107410000A2DF1D32E2E08BF491C72B90D78302DDC
:107420000BD11868401E1860491C0120F6E7302E69
:1074300018BF4FF0010E491C01200E78A6F130054F
:107440000A2D0AD2A242F2DAA6F130000DF80200AB
:10745000521C1868401E1860EDE7BEF1000F8C4604
:107460000DD00DF1FF310D5D6D1C0D5507E00DF1D7
:10747000FF34A15C49B91968491C1960521E002AE1
:10748000F5DC04BF8DF800700122002858D04FF0C1
:10749000090E92FBFEFEC2F109040EEBCE010C4474
:1074A000092194FBF1F1002501EBC101611A18D00B
:1074B000012716E053F8271001EB810106EB41018B
:1074C00043F827100BE0092194FBF1F101EBC10116
:1074D0001DF80560611AEDD17F1C43F82760641C1C
:1074E0006D1C9542EFDB9CF8001041F020016529EE
:1074F00026D161461CF8012F2B2A16BF2D2A1CF815
:10750000016B2B2600220024DFF84CE009E07445D3
:1075100004DA04EB840205EB4204303C0CF1010C6C
:1075200001229CF80050A5F1300ABAF10A0FEED3FF
:107530002D2E08BF64421E68A4191C6002B98C4637
:10754000B9F1000F03D000B9C446C9F800C03846ED
:107550000CB0BDE8F08700BF00E1F5052DE9F14F63
:107560008CB09146DDF85880C8EBC8084FF0000A8F
:10757000B8F1230FC8BF4FF02308C3F800A0C3F829
:1075800004A0002501E0491C012508783028FAD024
:1075900069A201925FF000046DA200920DF1080B48
:1075A0000E461F460EE03868401C386008E0A045D3
:1075B000F9DB019A0099801A085C0BF80400641C3E
:1075C000761C012596F800105BA01622FBF748FDFB
:1075D0000028ECD130463E4601782F462E2908BFC0
:1075E000401C002C054616D12878302813D131686C
:1075F000491E31606D1C0127F6E7A04509DB019AA1
:107600000099801A085C0BF80400641C3168491E5C
:1076100031606D1C012729785FF0160246A0FBF748
:107620001FFD0028E9D1A04517DA1BF8081007292B
:1076300006DD0DF1070111F80820521C01F80820A1
:1076400044463268521C326007E00DF10702115DBA
:1076500049B93268521C3260641E002CF5DC04BF4C
:107660008DF808A0012431688900002F316055D0C1
:10767000072394FBF3F3C4F1070BC3EBC3035B4491
:10768000072193FBF1F10022C1EBC101591A19D076
:107690004FF0010A16E056F82A100BEB011046F8DD
:1076A0002A000DE0072102A893FBF1F1C1EBC10113
:1076B00010F802B0591AEED10AF1010A46F82AB0C0
:1076C0005B1C521CA242EDDB297841F0200170299D
:1076D00024D1294615F8012F2B2A16BF2D2A15F87B
:1076E000014B2B2400220023124808E0834204DAD5
:1076F00003EB83020CEB4203303B6D1C012295F837
:1077000000C0ACF1300EBEF10A0FEFD32D2C08BF34
:107710005B4234681B19336002B90D46B9F1000FA2
:1077200003D007B90C9DC9F8005050460DB0BDE814
:10773000F08F000000E1F505303132333435363753
:1077400038396162636465664142434445460000DE
:10775000000102030405060708090A0B0C0D0E0FB1
:107760000A0B0C0D0E0F000010B52DED028BDFF88B
:1077700070459FED861ADFED860AB2EE080A2000FA
:1077800000F020FD9FED838ADFED838AF0EE680A2A
:10779000B0EE480A200000F033FDB3EE040A2000EA
:1077A00000F033FD0021200000F035FDDFF88445B6
:1077B0009FED7A1ADFED760A9FED790A200000F03E
:1077C00001FDF0EE680AB0EE480A200000F018FD56
:1077D0009FEDA90A200000F018FD0021200000F014
:1077E0001AFDBDEC028B10BD2DE9F0412DED068B8D
:1077F00058210022DFF8AC4525002800FDF740F8AD
:1078000058210022DFF8A0552E003000FDF738F88F
:1078100058210022DFF8946537003800FDF730F872
:1078200058210022DFF88875B8464046FDF728F851
:107830000323002201212B2000F039FE42F21078B0
:10784000002241460E20FCF7F7FC03230022012111
:107850002A2000F02CFE002241460D20FCF7ECFC13
:10786000032300220121522000F021FE0022414684
:107870002120FCF7E1FC032300220121532000F02A
:1078800016FE002241462220FCF7D6FC1834B1EE49
:10789000028ADFED7A8AB0EE681ADFED410AB0EEB7
:1078A000480A200000F08EFC9FED759ADFED759A76
:1078B000F0EE690AB0EE490A200000F0A1FC9FED4D
:1078C00035AAB0EE4A0A200000F09FFC00212000FB
:1078D00000F0A1FC15F11804DFED6BAAB0EE681AF8
:1078E000F0EE6A0A9FED690A200000F06BFCF0EEF2
:1078F000690AB0EE490A200000F082FCB0EE4A0AA4
:10790000200000F082FC0021200000F084FC16F131
:1079100018049FED461AF0EE6A0A9FED5D0A2000FA
:1079200000F050FCF0EE690AB0EE490A200000F0C9
:1079300067FCB0EE4A0A200000F067FC002120003E
:1079400000F069FC17F118049FEDC81AF0EE6A0AFE
:10795000B0EE480A200000F035FCF0EE690AB0EE07
:10796000490A200000F04CFCB0EE4A0A200000F06A
:107970004CFC0021200000F04EFCFFF7F5FE00F06B
:1079800011F8BDEC068BBDE8F08100000AD7233C5E
:10799000000000000000C8420000C8C26F12833A15
:1079A0009A99993E10B52DED048BDFF808449FEDB0
:1079B000B08A9FEDB01ADFEDAF0AB0EE480A2000A2
:1079C00000F000FCDFEDAC8A9FEDAC9AF0EE490AC6
:1079D000B0EE680A200000F013FCF2EE049AB0EE5C
:1079E000690A200000F011FC0121200000F013FCC6
:1079F000DFF8C4439FED9F1ADFED9E0AB0EE480A00
:107A0000200000F0DFFBF0EE490AB0EE680A20002B
:107A100000F0F6FBB0EE690A200000F0F6FB012151
:107A2000200000F0F8FBBDEC048B10BD0AD7A33C8E
:107A300080B52DED028B00F0BAFDB1EE408A00F06A
:107A4000BAFDF1EE408AB0EE480ADFF8680300F0B4
:107A5000EBFBB0EE408AB0EE680ADFF85C0300F0A2
:107A6000E3FBDFF8700580ED008ADFF8F00680EDBB
:107A7000000ABDEC028B01BD00004842CDCC4C3D5C
:107A800000009643000096C33333B33E3333934034
:107A90009A9999402DE9F0412DED068BDFF80443CA
:107AA00094ED029ADFF80453D5ED029ADFF8F862FC
:107AB00096ED028ADFF8F872D7ED028A39EE691A7C
:107AC00038EE680ADFED7A0AB0EEC11AB4EE601A39
:107AD000F1EE10FA01DB012000E00020B0EEC00A58
:107AE000B4EE600AF1EE10FA02DB5FF0010801E08B
:107AF0005FF0000858EA0001C9B2002900F0858053
:107B0000DFF85C160A78521C0A7009780529C0F261
:107B10008080DFF8C01491ED000AB5EE400AF1EE66
:107B200010FA02DDB7EE00AA0BE091ED000AB5EE07
:107B3000400AF1EE10FA02D5BFEE00AA01E09FED77
:107B40004DAAB5EE40AAF1EE10FA01D1B7EE00AAA7
:107B5000C0B2002829D0F0EEE90AB0EEC90A00F060
:107B60008FFDDFED540A20EE200AB5EE400AF1EE5B
:107B700010FA02D59FED3F0A09E0DFED520AB4EE9C
:107B8000600AF1EE10FA02DB9FED4F0AFFE72AEEE2
:107B9000000ABDEEC00AF4EE499AF1EE10FA02D5E1
:107BA00085ED000A01E084ED000A5FFA88F8B8F17B
:107BB000000F2ED0F0EEE80AB0EEC80A00F060FD2B
:107BC000DFED3C0A20EE200AB5EE400AF1EE10FA95
:107BD00002D59FED280A09E0DFED3A0AB4EE600A0B
:107BE000F1EE10FA02DB9FED380AFFE72AEE000AF9
:107BF000BDEEC00AF4EE488AF1EE10FA02D587ED28
:107C0000000A06E086ED000A03E00020DFF85015C8
:107C10000870BDEC068BBDE8F08138B50C001D0086
:107C200040F22D118C4201DB4FF49674DFF83C15C5
:107C30008C4200DA0C004460002C0AD401211000B0
:107C4000C0B200F0DAFB21002800C0B2FCF7C7FA8E
:107C50000AE000211000C0B200F0CFFB6442210016
:107C60002800C0B2FCF7BBFA31BD00008FC2F53C62
:107C7000CDCCCC3C000000009A99193E9A9919BECF
:107C8000DFED140A80EE200ADFED100A20EE200A54
:107C900070470000DFED100A80EE200ADFED0C0ACD
:107CA00020EE200ADFED0D0A20EE200A70470000CA
:107CB00001008C42CDCC4C3F80B5FFF7E1FFFFF7D0
:107CC000E9FF01BD0100C8430000C8430000704245
:107CD00000008045C67D743EB76DDB3E3EC32E3945
:107CE000000F022810B504002100C9B2DFF890048B
:107CF00000F091FA2100C9B2DFF8880400F08BFA95
:107D00002100C9B2DFF8800400F085FA2100C9B271
:107D1000DFF8780400F07FFAE4B2002C04D00120F0
:107D2000DFF86C14087003E00020DFF864140870BA
:107D300010BD0000400F022870B52DED048BB0EE91
:107D4000608AF0EE418AB0EE619A1648FDEEC00AF4
:107D5000C0ED000A144CFDEEC80AC4ED000A134D34
:107D6000FDEEE80AC5ED000ADFF81064FDEEC90A71
:107D7000C6ED000A183000F04BFAB0EE480A14F1D4
:107D8000180000F045FAB0EE680A15F1180000F08E
:107D90003FFAB0EE490A16F1180000F039FABDECCE
:107DA000048B70BD180D0228700D0228C80D022822
:107DB000200E0228001002284010022838B5DFF8F3
:107DC000D44394F8500000283BD094ED000AB8EE5C
:107DD000C00ADFED9F0AB4EE600AF1EE10FA01DB93
:107DE0009FED9C0ADFED9C0AB4EE600AF1EE10FAFA
:107DF00001D5B0EE600A14F11805280000F008FA69
:107E000094ED020A280000F00FFADFED940AB4EEB8
:107E1000600AF1EE10FA01DB9FED910ADFED910AA5
:107E2000B4EE600AF1EE10FA01D5B0EE600ABDEED4
:107E3000C00A84ED010A0E232B2261682000FFF79F
:107E4000ECFEDFF8544394F8500000283DD094ED48
:107E5000000AB8EEC00ADFED7E0AB4EE600AF1EE69
:107E600010FA01DB9FED7B0ADFED7B0AB4EE600ABE
:107E7000F1EE10FA01D5B0EE600A14F118052800F1
:107E800000F0C6F994ED020A280000F0CDF9B1EE39
:107E9000400ADFED720AB4EE600AF1EE10FA01DB7F
:107EA0009FED6F0ADFED6F0AB4EE600AF1EE10FA93
:107EB00001D5B0EE600ABDEEC00A84ED010A0D23C3
:107EC0002A2261682000FFF7A8FEB44C94F8500005
:107ED00000283BD094ED000AB8EEC00ADFED5C0A42
:107EE000B4EE600AF1EE10FA01DB9FED5A0ADFED05
:107EF0005A0AB4EE600AF1EE10FA01D5B0EE600A4B
:107F000014F11805280000F083F994ED020A280006
:107F100000F08AF9DFED510AB4EE600AF1EE10FAD2
:107F200001DB9FED4F0ADFED4F0AB4EE600AF1EE80
:107F300010FA01D5B0EE600ABDEEC00A84ED010A68
:107F40002123522261682000FFF767FE8B4C94F8D2
:107F5000500000283DD094ED000AB8EEC00ADFEDD5
:107F60003C0AB4EE600AF1EE10FA01DB9FED390A2B
:107F7000DFED390AB4EE600AF1EE10FA01D5B0EE89
:107F8000600A14F11805280000F042F994ED020A85
:107F9000280000F049F9B1EE400ADFED300AB4EEF6
:107FA000600AF1EE10FA01DB9FED2D0ADFED2D0ADC
:107FB000B4EE600AF1EE10FA01D5B0EE600ABDEE43
:107FC000C00A84ED010A2223532261682000FFF7D2
:107FD00024FE31BD9812022880B52DED048BF0EE01
:107FE000401A9FED602A31EEA00A01EE020A31EE3E
:107FF000E08A01EE028A9FED5C2A71EEE08A41EE92
:10800000028A31EEA09A01EE029AFFF755FEFDEECC
:10801000C09AB0EE480AFFF74FFEBDEEC08AB0EE40
:10802000680AFFF749FEFDEEC08AB0EE490AFFF785
:1080300043FEBDEEC00AF8EEC01AB8EEE81AF8EE3C
:10804000C80AB8EEE90AFFF777FEBDEC048B01BD64
:108050000100164300001643000016C301009643BA
:1080600000009643000096C380B52DED028B86B0CC
:1080700000F0B4FC4A48D0ED000A30EE608A00F00F
:10808000B1FC4848D0ED000A30EE600A4648D0ED19
:10809000000A464890ED001AF1EE481AB1EE402A67
:1080A0004348D0ED002A62EEA11AD0ED022A42EE3A
:1080B000A01A4048D0ED002A22EE822AD0ED022AF2
:1080C00002EE812AB1EE422ADFED292AF4EE621A8D
:1080D000F1EE10FA01DBDFED271A9FED273AF4EEFF
:1080E000431AF1EE10FA01D5F0EE431AB4EE622A0B
:1080F000F1EE10FA01DB9FED1F2AB4EE432AF1EEF8
:1081000010FA01D5B0EE432A2B48C0ED001A1348EF
:1081100080ED002A29480178491C017000780A2165
:1081200090FBF1F201FB1200002812D1B7EEC11A48
:108130008DED041BB7EEE01A8DED021BB7EEC00A01
:108140008DED000BB7EEC80A53EC102B1C4800F065
:1081500093FC06B0BDEC028B01BD00009C1202280E
:108160002A1302285C8F423E5C8F42BED4FEFFFF82
:108170009B99193E9A99193E9A9919BE200E022888
:10818000300D0228880D0228E00D0228380E022842
:1081900028130228180D0228700D0228C80D022885
:1081A000A4120228A8120228BC120228B81202281F
:1081B000800F0228C00F0228981202282B130228D1
:1081C00018C7081080ED000AC0ED010A80ED021A00
:1081D0000021C16000210161002141610021816114
:1081E00000220023C0E90823002181626A49C1629C
:1081F0006A4901636A494163002180F83810704779
:1082000080ED0B0AC0ED0C0A704780ED0D0A704737
:1082100080ED030A704780B580F83810C9B2002994
:1082200001D100F0C1F801BD70B52DED028B060043
:1082300096F83800002802D19FED520A9EE086EDA4
:10824000040A96ED030AD6ED040A30EE608A55481A
:10825000D0E90045D6E90801002904D1002802D15F
:108260009FED490A0CE0D6E90801201A75EB0101DF
:1082700000F016FC00EE100ADFED440A20EE200AA2
:10828000B5EE400AF1EE10FA06D9DFED410AB4EE80
:10829000600AF1EE10FA01DB9FED3B0ADFED390ACF
:1082A000DFED380ADFED371AD6ED000A60EE880AF6
:1082B00096ED062AD6E90801002901D100280CD044
:1082C00096ED051A38EE011A21EE001AF6EE002A94
:1082D00021EE221A32EE012A01E008EE002A96ED84
:1082E0000D1AB4EE421AF1EE10FA01D596ED0D2AF0
:1082F00096ED0D1AB1EE411AB4EE412AF1EE10FAE4
:1083000003D596ED0D1AB1EE412A96ED011A21EE34
:10831000021AD6E90801002901D1002810D0DFEDAA
:108320001D2AB4EE620AF1EE10FA09DBD6ED051A49
:1083300078EE611AD6ED022A61EEA21AC1EE801A19
:1083400030EE810A30EE210AD6ED0B0AF4EE400A37
:10835000F1EE10FA01D596ED0B0AD6ED0C0AB4EE4B
:10836000600AF1EE10FA01D596ED0C0A86ED058A49
:1083700086ED062AC6E9084586ED0A0ABDEC028BA1
:1083800070BD0000000000000AD7233CBD378635D1
:10839000CECCCC3DBE3786350000E1440000E1C4C0
:1083A0000000484428120228002141610021816117
:1083B00000220023C0E908230021816270470000E9
:1083C0000069C84010F001007047012212FA01F163
:1083D00081607047012212FA01F14160704710B4C8
:1083E0008900436C0F248C40A34312F00F0212FA51
:1083F00001F11943416410BC704780B5C9B200292E
:108400000ED00100C9B2082291FBF2F302FB131156
:10841000494AC0B2C010C0011044FFF7D6FF0DE0BA
:108420000100C9B2082291FBF2F302FB1311424A88
:10843000C0B2C010C0011044FFF7CCFF01BD80B531
:108440000100C9B2082291FBF2F302FB13113A4A70
:10845000C0B2C010C0011044FFF7B2FFC0B202BDED
:1084600010B5C9B200290BD1D2B2002A02D0022A1B
:1084700002D003E00F220BE00B2209E00A2207E002
:10848000D2B2042A01D10C2200E00E2212F007021F
:108490000100C9B2082391FBF3F403FB1411264B2E
:1084A000C0B2C010C0011844FFF799FF10BD2DE9FC
:1084B000F8418DB004000E0015001F003421002289
:1084C000E8464046FCF7DCF9F6B2002E0ED1FFB2CA
:1084D000002F02D0022F03D005E00F2001900DE005
:1084E000082001900AE00820019007E0FFB2042F65
:1084F00002D10F20019001E00E2001902000C0B2B7
:10850000C0280FD02100C9B208206A4691FBF0F3C1
:1085100000FB131108482300DBB2DB10DB01184419
:10852000FCF76DFA2900C9B22000C0B2FFF765FF61
:108530000EB0BDE8F08100000000314080B5454834
:108540000168491C016069460120FCF71FFE0028F4
:1085500004D0012269464048FDF7C5F801BD10B5B9
:10856000040040233D4A00213B48FDF7B7FA1023A1
:10857000102221000120FCF72EFF01210120FCF731
:10858000ABFE00203649087000203649087010BD47
:10859000E0B56B4601AA344900F0A6FA022805D1DD
:1085A00032480199016032480099016007BD2F48A7
:1085B00090ED000A70472E4890ED000A70471CB5F8
:1085C00004E00120207000202A490870002269463A
:1085D0002148FDF758F900282AD1274C2078002897
:1085E00003D19DF800002328EBD020780128EDD19D
:1085F0009DF8000024280ED11E490878002807D0D5
:108600001E4800220B78C254097889B2FFF7C0FFD8
:1086100000202070DAE7174801781F2907D29DF85B
:108620000010164A0378D1540178491C0170CDE737
:1086300013BD10B5040023210120FCF76CFD30347C
:108640002100C9B20120FCF766FD24210120FCF7BE
:1086500062FD10BD7412022868110228C00E0228A3
:108660001F13022820130228C8CA081078120228F3
:108670007C12022822130228211302281811022832
:1086800010EE100AF5EE400AF1EE10FA09D604BF1A
:10869000C04207E0B4EE600AF1EE10FAB8BFB0EEE7
:1086A000600A704728BFB0EE600A70472DE9F84FA6
:1086B0002DED068BDFF87C03D0E90045DFF8780369
:1086C000D0E90001201A75EB010100F0E9F900EE94
:1086D000100ADFEDBB0A20EE208AB5EE408AF1EEEB
:1086E00010FA06D99FEDB90AB4EE408AF1EE10FAFD
:1086F00001DB9FEDB78AFDF747FA00F023FA00F09F
:1087000041FA0020FDF738FACF4EC349CF48B0F9FF
:10871000000000EE100AB8EEC00AD1ED000A80EEAB
:10872000200A86ED000ACA4FCA48B0F9000000EEE0
:10873000100AB8EEC00AD1ED000A80EE200A87EDDB
:10874000000ADFF81483C548B0F9000000EE100AF3
:10875000B8EEC00AD1ED000A80EE200AB1EE400A60
:1087600088ED000ABE4AAD48B0F9000000EE100ADC
:10877000B8EEC00AD1ED010A80EE200AAA48D0ED79
:10878000000A30EE600A82ED000AB648A44BB3F945
:10879000003000EE103AB8EEC00AD1ED010A80EECA
:1087A000200AA24BD3ED000A30EE600A80ED000AE9
:1087B000AD4BDFF870C2BCF900C000EE10CAB8EED5
:1087C000C00AD1ED010A80EE200A9949D1ED000AD4
:1087D00030EE600A83ED000AA44991ED000ADFED56
:1087E000830A20EE200AD3ED000A9FED811A00EEE5
:1087F000810A81ED000AB6EE000AD1ED000AF0EE22
:10880000E00AF4EE400AF1EE10FA34D5D0ED000A99
:10881000F0EEE00AF4EE400AF1EE10FA2BD5D2EDBC
:10882000000AF0EEE00AF4EE400AF1EE10FA22D56A
:10883000DFF83CC2BCF800E0BEF1320F05DABCF84C
:1088400000E01EF1010EACF800E0BCF800C0BCF185
:10885000320F15DBDFF81CC291ED000ADCED000AD7
:1088600030EE600ADFED5A0A9CED001A00EE201A85
:108870008CED001A04E00021DFF8F4C1ACF8001020
:1088800093ED000A7B49D1ED000A30EE600ADFF873
:10889000AC91D9ED008A40EE088ADFF8A4A192EDF0
:1088A000000A9AED009A00EE089ADFF898B190ED70
:1088B000000ADBED009A40EE489AB0EE498AB0EE2D
:1088C00069AA96ED000AD6ED000A20EE200AD7ED3F
:1088D000000A97ED001A00EE810AD8ED000A98ED23
:1088E000001A00EE810A00F0EDF9DFED420AB4EE65
:1088F000600AF1EE10FA28DBDFED3F0AB4EE600A01
:10890000F1EE10FA21D597ED000AD7ED000A20EE1E
:10891000200AD8ED000A98ED001A00EE810A00F056
:10892000D1F9F0EE400A9FED35AA96ED000AB1EEBE
:10893000400A00F0D7F920EE0A8AD8ED000A97ED38
:10894000000A00F0CFF920EE0AAA9FED2D0ADFED14
:108950002D0A29EE201A08EE001A8AED001A69EE97
:10896000A00A4AEE000ACBED000AC9ED008A99ED93
:10897000000ADFED250AB4EE600AF1EE10FA07DB1B
:1089800099ED000ADFED210A30EE200A89ED000A98
:1089900099ED000ADFED1E0AB4EE600AF1EE10FA5E
:1089A00007D599ED000ADFED1B0A30EE200A89EDAC
:1089B000000A2148C0E90045BDEC068BBDE8F18FF7
:1089C000BD3786351D48002101607047CECCCC3DB7
:1089D0000AD7233C194890ED000A7047184890EDDB
:1089E000000A7047174890ED000A70476666663FB8
:1089F000CDCCCC3DCECC4C3F9A99993FE12E6542EF
:108A0000D0CC4C3D3333733F010034430000B4C33A
:108A1000000034C30000B443F006022812130228F9
:108A20001413022816130228C4120228C81202289E
:108A3000CC1202282812022848120228D01202283A
:108A4000D4120228D8120228AC12022818130228C5
:108A5000B01202281A130228B41202281C1302288A
:108A6000B8120228BC120228C0120228DC12022806
:108A700010130228E01202280EB4C0B5024603A863
:108A800000210190009101AB0121044878440C3091
:108A9000F9F7F9FA06BC5DF810FB00BF953F00003E
:108AA000A9B1B1FA81F241409040C2F1200261FACD
:108AB00002F181EA000018BF40F0010002F19D01BF
:108AC000C905020672F1004241EB1020704750B117
:108AD000B0FA80F29040C2F19D02D205010671F118
:108AE000004142EB102070470DB4C0B50A4604A8FF
:108AF00000210190009101AB03A9044878440C3097
:108B0000FDF7A4FA06BC5DF810FB00BFB7A4FFFF99
:108B100070B50020002500263000461C80B2B0F55C
:108B2000807F0BDA00215A4800F0D0FB04000120BE
:108B300000F044FDE4B2242CEED100E00125280031
:108B4000C0B270BDE0B506236A460C21504800F063
:108B5000F0FB9DF801009DF8001051EA00214D48FE
:108B600001809DF803009DF8021051EA00214A4857
:108B700001809DF805009DF8041051EA0021474846
:108B8000018007BDE0B506236A461221404800F087
:108B9000D0FB9DF801009DF8001051EA00214048EB
:108BA00001809DF803009DF8021051EA00213D4824
:108BB00001809DF805009DF8041051EA00213A4813
:108BC000018007BD7CB50024142000F0F7FC304D77
:108BD000792000907A233B226921280000F0FEFBD7
:108BE000FFF796FF002807D0E523304A30490020E0
:108BF000FBF7D2FD012448E000227C21280000F090
:108C000003FB012000F0DAFC00225921280000F0CB
:108C1000FBFA4FF40053274A5E21280000F01BFBAB
:108C200001225921280000F0EFFA142000F0C6FCC0
:108C30002121280000F04AFB012807D0F4231B4A19
:108C40001D490020FBF7A8FD01241EE00E227D2116
:108C5000280000F0D9FAA7224021280000F0D4FA19
:108C6000A9224221280000F0CFFA02224121280047
:108C700000F0CAFA114E5FF08B40306000224321B1
:108C8000280000F0C1FA0E4870602000C0B276BD26
:108C900018120228181302281A1302281C1302287B
:108CA000121302281413022816130228F8C20810FF
:108CB00064C908108000081018CA0810F0060228BD
:108CC0006F128341B5EEC00AF1EE10FA02D4B1EE94
:108CD000C00A70476FF0004C00EE10CAAFF300807E
:108CE0007047000052EC101AB0EEC00AC80F4900DD
:108CF0005200F0EEE00A28BF0C3011F1807F38BF3F
:108D000012F1807F0CD28A4238BF80F004001242F8
:108D100014D034BF80EE800A80EE200A00F0DEBC62
:108D200011F1807F08BF80F0040098BF12F1807FAE
:108D300008D88A4214BF00224FF07E5200EE102A5B
:108D400000F0CCBC6FF0004100EE101A704700003C
:108D50001CB50400002C01D0012000E000204122BD
:108D6000DFF86816C0B2FBF7F9FCDFF864060121F2
:108D70002278D21010EBC212237813F0070311FAF5
:108D800003F313602279D21010EBC210227912F093
:108D9000070211FA02F20260E06800900098421E99
:108DA00000920028FAD1DFF82C262079C01012EBAF
:108DB000C010237913F0070311FA03F30360E0688E
:108DC00000900098431E00930028FAD12078C0102C
:108DD00012EBC012207810F0070081401160E068AB
:108DE00000900098411E00910028FAD113BD1CB5D7
:108DF0000400002C01D0012000E000205522DFF803
:108E0000CC15C0B2FBF7AAFCDFF8C8050121227916
:108E1000D21010EBC212237913F0070311FA03F3F7
:108E200013602278D21010EBC210227812F00702E1
:108E300011FA02F20260E06800900098421E00926F
:108E40000028FAD1DFF888252078C01012EBC01076
:108E5000237813F0070311FA03F30360E06800902E
:108E60000098431E00930028FAD12079C01012EB1D
:108E7000C012207910F0070081401160E068009076
:108E80000098411E00910028FAD113BD38B50400A6
:108E90000D00002C01D0012000E000206A22DFF844
:108EA0002C15C0B2FBF75AFCDFF8281501222078F8
:108EB000C01011EBC010237813F0070312FA03F36C
:108EC0000360EDB2002D0CD02079C010DFF8003522
:108ED00013EBC013207910F0070012FA00F01860AD
:108EE00009E02079C01011EBC010237913F00703BB
:108EF00012FA03F30360E06800900098431E0093A9
:108F00000028FAD1DFF8C8342078C01013EBC01065
:108F1000257815F0070512FA05F50560E068009060
:108F20000098451E00950028FAD12078C01011EB5A
:108F3000C011207810F0070012FA00F008602079C4
:108F4000C01013EBC013207910F0070082401A60A4
:108F500031BD2DE9FC410400002C01D0012000E0CE
:108F600000208622DFF86414C0B2FBF7F7FB00256F
:108F7000DFF8646401272078C01016EBC010217858
:108F800011F0070117FA01F10160DFF8448420793C
:108F9000C01018EBC010217911F0070117FA01F188
:108FA0000160002200216068C0B2FFF759FAE06852
:108FB00000900098411E00910028FAD12078C0103E
:108FC00018EBC018207810F0070017FA00F0C8F866
:108FD0000000E06800900098411E00910028FAD13E
:108FE0006068C0B2FFF72BFA002800D00125207876
:108FF000C01016EBC016207810F0070087403760CD
:10900000032201216068C0B2FFF72AFAE0680090ED
:109010000098411E00910028FAD12800C0B2BDE896
:10902000F6817CB504000D00002C01D0012000E089
:109030000020A822DFF89413C0B2FBF78FFB802139
:109040000800C0B200284ED02800C0B208420CD0A0
:109050000120227912F0070290402279D210DFF825
:10906000703313EBC21318600BE00120227912F069
:10907000070290402279D210DFF85C3313EBC21361
:109080001860C9B24908E068400800900098421E84
:1090900000920028FAD10122207810F0070012FA7D
:1090A00000F02378DB10DFF8286316EBC31630607E
:1090B000E06800900098431E00930028FAD12078C1
:1090C00010F0070082402078C010DFF80C3313EB5B
:1090D000C0131A60E068400800900098421E009299
:1090E0000028FAD1ACE72000FFF733FF012801D1B7
:1090F000002000E00120C0B276BD2DE9FC4704004D
:109100000D00002C01D0012000E00020C222DFF879
:10911000BC12C0B2FBF722FB00260827DFF8B4829E
:109120005FF001092078C01018EBC010217811F011
:10913000070119FA01F10160E06800900098411EF2
:1091400000910028FAD1DFF888A22079C0101AEB2C
:10915000C010217911F0070119FA01F10160002214
:1091600000216068C0B2FFF77BF927E02078C010CB
:1091700018EBC010217811F0070119FA01F1016014
:10918000E06800900098411E00910028FAD12078F4
:10919000C0101AEBC010217811F0070119FA01F183
:1091A0000160E06800900098411E00910028FAD10B
:1091B0006068C0B2FFF743F950EA46063800471E20
:1091C000C0B20028D2D12078C01018EBC018207887
:1091D00010F0070019FA00F9C8F8009003220121E5
:1091E0006068C0B2FFF73CF9E06800900098411E4B
:1091F00000910028FAD12900C9B22000FFF746FEED
:109200003000C0B2BDE8F68770B504000D0016004E
:10921000002C01D0012000E000204FF49C72DFF808
:10922000AC11C0B2FBF79AFA2000FFF791FD217A4A
:109230004900C9B22000FFF7F4FE2900C9B220009E
:10924000FFF7EFFE3100C9B22000FFF7EAFE200071
:10925000FFF7CDFD70BD2DE9F04105000E001400B3
:109260001F00002D01D0012000E00020DFF85C810C
:109270004FF4A6724146C0B2FBF770FA002C01D041
:10928000012000E0002040F24D124146C0B2FBF741
:1092900065FA2800FFF75CFD297A4900C9B2280069
:1092A000FFF7BFFE3100C9B22800FFF7BAFE04E0A5
:1092B00021782800FFF7B5FE641C3800471E0028FF
:1092C000F6D12800FFF793FDBDE8F08138B5040022
:1092D0000D00002C01D0012000E000204FF4F372BB
:1092E0003A49C0B2FBF73AFA00202000FFF730FD00
:1092F000217A4900C9B22000FFF793FE2900C9B2C4
:109300002000FFF78EFE2000FFF722FD217A4900A2
:1093100051F00101C9B22000FFF783FE01212000B6
:10932000FFF7EBFE05002000FFF761FD2800C0B24B
:1093300032BD2DE9F04105000F0016001C00002D84
:1093400001D0012000E00020DFF880804FF4FF72A0
:109350004146C0B2FBF702FA002E01D0012000E026
:10936000002040F2FF124146C0B2FBF7F7F9280097
:10937000FFF7EEFC297A4900C9B22800FFF751FE39
:109380003900C9B22800FFF74CFE2800FFF7E0FCC7
:10939000297A490051F00101C9B22800FFF741FEC6
:1093A0000BE0002104E037007E1C002CF9D10121E4
:1093B000C9B22800FFF7A1FE38702000441E002823
:1093C000F1D12800FFF713FDBDE8F081A0C308101C
:1093D0000800314004003140040031402DE9F843D9
:1093E000040088461700002C01D0012000E0002076
:1093F000089D1E00DFF85C9040F2BA224946C0B2D8
:10940000FBF7ACF930002900C0B2C9B2884201D0E4
:10941000012000E0002040F2BB224946C0B2FBF729
:109420009DF93000C0B220602800C0B2606084F8AE
:109430000880E7600323012201213000C0B2FFF75A
:1094400036F80323012201212800C0B2FFF72FF8CC
:10945000BDE8F183A0C30810022801D301200FE06A
:109460000B00DBB2042B01DB012009E0954B03EB81
:109470008000C9B2405C824201D3012000E000209C
:109480007047F8B506000F0015001C00022E01D32E
:1094900001201CE02A003900C9B23000FFF7DCFFD0
:1094A000012801D1012012E03800C0B2002811D1FA
:1094B000B4F5807F0CD284487603304400EB8500FD
:1094C00010F58050016864F30F2101600020F2BDA7
:1094D0000120FCE7FFB2012F10D1B4F5803F0BD281
:1094E00079487603304400EB850010F5A050016800
:1094F00064F317210160E9E70120E8E70120E6E7CE
:1095000000B20012C0B27047F8B505000E00170097
:10951000280000B2FFF7F4FF04002000C0B20228C8
:1095200001D3012023E03A003100C9B22000C0B2CB
:10953000FFF792FF012801D1012018E062492000C5
:10954000C0B2400308442A00D2B200EB8200D0F837
:10955000000CF6B266F3092067F30700E4B2640377
:109560002144EDB201EB8501C1F8000C0020F2BDF1
:1095700070B504000D001600022C01D301201CE080
:1095800032002900C9B22000FFF766FF012801D18F
:10959000012012E04C496003085850F0004050F0A0
:1095A000407050F47F00EDB265F3092066F30700C8
:1095B0006203885064030859002070BDF8B50400A8
:1095C0004FF4FA504443414D414E00212878C001E8
:1095D000304400F09AF914E02878C001304400F0DB
:1095E00096F9B842F8D33B4F3C192878C001304473
:1095F00000F08DF93F1839002878C001304400F0A0
:1096000084F94CF25137BC42E6D22878C00130448C
:1096100000F07DF98442F8D2F1BD38B594B0502104
:1096200000226C462000FBF72BF92B4C0022012175
:10963000B4F90000FFF768FFB4F90000FFF760FF1E
:10964000092300220121C0B2FFF71BFFB4F900007B
:10965000FFF756FF00220121C0B2FFF789FF5FF03C
:10966000FF30009000208DF8040000208DF80500E8
:1096700000208DF8060000208DF8080003208DF8EA
:1096800044000120129001208DF807000F4C104D6E
:1096900069462078C001284400F072F82078C001A3
:1096A000284400F02DF900212078C001284400F062
:1096B0002CF92078C0012844FBF7E5FA15B030BD3D
:1096C00000000000C0CA08100000044098070228EB
:1096D00000005940B03CFFFF940702281AA210EE88
:1096E000101A43F2A40CC3F6896CF2EC060A614529
:1096F00009DB00EE803A70EE800A83EE200A40F02B
:10970000020010EE101A4900D1F1E6410BD860EECC
:10971000000A20EE203A03EE010A01EEA02A42EEF2
:10972000202A80EE220A400810F0020F18BFB1EE86
:10973000400A02EB8002D2ED000A30EE200A28BF78
:10974000B1EE400A70470000D7B3DD3F6AD5033F52
:109750002B94A93DB82A593F0000803F000080BFEC
:1097600000000000920A063FDB0FC93F920A863FC5
:10977000DB0FC93F920A0640DB0F4940368D274078
:1097800010B4012291F84C30052B03D291F84D30E2
:10979000052B01D31000A7E0002800F0A4800029C9
:1097A00000F0A180514A12684B7963F392428B79A1
:1097B00013F0030363F311420B7A13F0070363F30F
:1097C0001A62CB7963F39E720B7D63F3000291F80A
:1097D000243063F3410202600A7910F130031C68FF
:1097E00062F307041C604A79012A0BD18A79002AA6
:1097F00002D10022826007E08A79012A04D10A6836
:10980000826001E001228260CA6802610A694261E5
:10981000CA6982610A6AC2610A680262344A1268CD
:109820000B7E03F0FF03120A12021A4391F8303044
:1098300003F0FF0363F3174291F8403003F0FF0396
:1098400063F31F6291F8483003F0FF0363F30F22C4
:109850004264284A126891F8383003F0FF03120A74
:1098600012021A4391F8283003F0FF0363F30F222A
:109870008264214A12688B7D13F0030392089200E0
:109880001A4391F8253013F0030363F38B2291F808
:109890002C3013F0030363F3051291F8343013F006
:1098A000030363F3092291F83C3013F0030363F3DD
:1098B000871291F8443013F0030363F38302C26408
:1098C0000E4A126891F84C3013F00703D208D20008
:1098D0001A4391F84D3013F0070363F30612426503
:1098E000497D81670022100010BC704730CB081002
:1098F00034CB081038CB08103CCB081040CB0810F4
:10990000016851F0004101607047816070478068D4
:1099100070477830016851F001010160704710F123
:1099200070010A6852F001020A60006F704700007F
:10993000DFF8C4110868C0F34000002801D00220FD
:1099400002E0086810F001007047DFF8B00100681D
:1099500010F0010070470000C21E022A01D301204E
:1099600002E0C01E0860002070471CB5FF24694655
:10997000FFF7F2FFC0B2002802D02000C0B207E01B
:10998000DFF8FC01009950F8210010F00100C0B28E
:1099900016BD0000002801D0032801D3012002E0F9
:1099A000401E0860002070471CB5FF246946FFF781
:1099B000F1FFC0B2002802D02000C0B208E0DFF8FA
:1099C000C401009909010844C06810F00100C0B248
:1099D00016BD0000DFF8BC010068800810F001002F
:1099E000704738B504002000C0B2082811D3DFF852
:1099F00098511822DFF89411280000F00DFC002087
:109A0000E87540F65B00DFF888110860002000F080
:109A10003BFCDFF8CC112000C0B251F82000C0F3AD
:109A20000020002805D0E4B251F8240010F00F0007
:109A300000E0FF2032BD38B504002000C0B2082885
:109A400011D3DFF844511822DFF84011280000F04C
:109A5000E3FB0020E8754FF40960DFF8341108607B
:109A6000002000F011FCDFF87801E4B250F8240087
:109A7000C0F30110C0B232BDDFF868211368C3F330
:109A8000072303601068C0F3C40008607047DFF864
:109A900058211368C3F3072303601068C0F3C400A0
:109AA0000860704738B50400072C11D3DFF8D85090
:109AB0001822DFF8C411280000F0AEFB0020E87582
:109AC0004FF4CE70DFF8C8100860002000F0DCFB17
:109AD000DFF8A00150F8240010F00700010009B2DF
:109AE000042907D1DFF8880150F8240010F01F0086
:109AF00050F4807000B232BD241526404015264037
:109B0000DFF8B01209688A03920B0260090E11F0A7
:109B10000101C171DFF8A01209680A00D204D20C59
:109B200082800A00120C02F0FF020281090C01F08F
:109B3000FF014181DFF84411096811F00F0202733F
:109B40000A00C2F3031242730A00120AD204D20CB2
:109B5000C281090F11F003010174DFF86413096871
:109B60000A00120A12F0070282710A00120CD205D2
:109B7000D20D4282890F11F001010175704700007A
:109B8000401626400019264050110228CCC108106A
:109B900070120228100027401CB50C006946FFF720
:109BA000DBFE0100C9B2002901D0C0B217E0DFF826
:109BB000B404009950F8210010F07F012160C0F337
:109BC00004216160C0F30441A1600100090F11F09C
:109BD00003016173C00E10F001002073002016BD58
:109BE0004012264008002040080420401CB50C000C
:109BF0006946FFF7CFFE0100C9B2002901D0C0B20B
:109C000035E0DFF8101500980001085800F0FF0259
:109C10002260C0F304226260C0F30442A260000F1D
:109C200010F00300207300980001084442681000FF
:109C3000C00F6073C2F30270002801D0012000E061
:109C40000020A07322F07F422261009800010844A6
:109C500080680100C90F21750100090E11F0010192
:109C60006175A075000C10F00700E075002016BDAE
:109C7000000126400012264030C208103815264048
:109C800080B50100DFF868051822F9F725FA0120F0
:109C9000DFF860150870002002BDDFF85C15096868
:109CA000C90F002908D0DFF84C150978002907D121
:109CB0000021016003207047002101600320FAE7C2
:109CC000DFF82C15096801600020F4E710B50400E6
:109CD000FFF72EFE002803D10020206003200DE0B6
:109CE000DFF810050078002805D0DFF8040580684B
:109CF0002060002002E000202060032010BD000052
:109D0000DFF8F0140978002905D0DFF8E414496879
:109D10000160002002E00021016003207047DFF8AD
:109D2000DC140968C90F002908D0DFF8C8140978C5
:109D3000002907D100210160032070470021016044
:109D40000320FAE7DFF8A814C96801600020F4E7EF
:109D5000DFF8AC140968C90F002908D0DFF89414A3
:109D60000978002907D100210160032070470021F4
:109D700001600320FAE7DFF8781409690160002028
:109D8000F4E710B50400FFF725FE002803D10020FA
:109D9000206003200DE0DFF85C040078002805D087
:109DA000DFF84C0440692060002002E000202060C1
:109DB000032010BD301526403415264010B50C0088
:109DC000C0B2FFF76FFE00280ED0012810D0022885
:109DD00012D0B0F5887F13D040F21111884213D011
:109DE000B0F58A7F14D017E02000FFF756FF16E089
:109DF0002000FFF785FF12E02000FFF767FF0EE06D
:109E00002000FFF78CFF0AE02000FFF7BAFF06E012
:109E10002000FFF79DFF02E000202060032010BD1E
:109E200080B501000020FFF7C9FF02BD80B5032205
:109E3000D2B2824203D200200860012003E0401C1D
:109E4000C0B2FFF7BBFF02BD18B587B0040068467B
:109E5000FFF7E6FF0100C9B2002903D0002121600D
:109E6000C0B22BE001A8FFF74BFE9DF814000228BA
:109E700003D100982060002020E0DFF8880300680C
:109E8000C00F002808D0FFF760FDC0B2002807D13E
:109E900000202060032011E00098206000200DE0E9
:109EA000009901984143BDF80800B1FBF0F09DF81E
:109EB0000B10491CB0FBF1F02060002008B010BD71
:109EC0003C152640F0B58BB005000C006946280013
:109ED000C0B2FFF7ABFF0100C9B2002903D00021D7
:109EE0002160C0B2BCE02800C0B202284CD307A950
:109EF0002800C0B2401CFFF74FFEC0B2002811D0AE
:109F0000DFF804631822DFF80413300000F084F94E
:109F10000020F07540F66310DFF8F41208600020AE
:109F200000F0B2F94F482900C9B200EB810050F8A7
:109F3000080CC00F002807D09DF82900022807D17F
:109F40000098206000208BE000982060002087E0CF
:109F5000EDB26D1C2800FFF708FD0100C9B2002911
:109F600002D0C0B2FF2803D100202060032077E098
:109F70000099079841430898B1FBF0F00999B0FBAC
:109F8000F1F0206000206BE001A92800C0B2401C65
:109F9000FFF72CFEC0B2002811D0DFF86C62182247
:109FA000DFF86812300000F037F90020F07540F655
:109FB0007F10DFF85C120860002000F065F955485A
:109FC0002900C9B209014058C00F002807D09DF8E8
:109FD0001000022807D100982060002040E000987F
:109FE000206000203CE0EDB26D1C2800FFF7DCFC97
:109FF0000100C9B2002902D0C0B2FF2803D100205D
:10A00000206003202CE09DF8110001281DD1009A4A
:10A010000023019E00273F0647EA162736060598CB
:10A02000002136184F41A6FB020106FB031107FB76
:10A030000211029A039BA3FB0223F9F7C3F9000E56
:10A0400040EA0120090E206009E00099019841438F
:10A050000298B1FBF0F00399B0FBF1F02060002012
:10A060000BB0F0BD0016264010B50323421E0400BD
:10A07000E4B2002C03D10800FFF7E6FE0CE0140068
:10A08000DBB2E4B2A34204D31000C0B2FFF71AFF60
:10A0900002E0C0B2FFF792FE10BD38B505000C001B
:10A0A0002800C0B2FFF79DFC0100C9B2FF2904D10E
:10A0B0002000FFF7F2FDC0B21BE06946C0B2FFF717
:10A0C000D3FF0100C9B2002903D000212160C0B232
:10A0D0000FE02800C0B2FFF7AEFCC0B2002805D0E8
:10A0E00002280BD006D303280CD00FE00098206084
:10A0F000002032BD009840082060F9E700988008F1
:10A100002060F5E70098C0082060F1E7002020609B
:10A110000320EEE7001926401FB5040002A9012024
:10A12000FFF7BBFF0100C9B2002903D00021216065
:10A13000C0B21AE0694601A8FFF79EFC0198002111
:10A14000421C71F1FF335B0143EAD2635201009874
:10A15000002112184B4102980021490141EAD061C7
:10A160004001F9F72FF92060002004B010BD1FB5A1
:10A17000040002A90120FFF790FF0100C9B20029E5
:10A1800003D000212160C0B21AE0694601A8FFF7A0
:10A190007EFC01980021421C71F1FF335B0143EA10
:10A1A000D26352010098002112184B4102980021FD
:10A1B000490141EAD0614001F9F704F9206000202B
:10A1C00004B010BD80B5DFF84C100A68C2F303225A
:10A1D0000E2A07D00968C1F303210D2905D1FFF725
:10A1E000C6FF02BDFFF798FFFBE70120F9E700007B
:10A1F000381102281E13022818152640081526407B
:10A200000C152640301526405011022830C2081087
:10A21000701202280000204001B58B071AD1830775
:10A2200024D1121F21D351F8043BA3F1013C2CEAA5
:10A23000030C1CF0803C04BF40F8043BF1E79CFA9F
:10A240008CFCBCFA8CF1C1F118018B40CB4040F87A
:10A25000043B13E0042A09D311F8013B521E00F815
:10A26000013B5BB18B07F7D1D9E7121D5AB111F849
:10A27000013B521E00F8013B03B1F8D111001CBF95
:10A280000022FAF701FB01BD01BEFEE780B5234ABB
:10A2900023490B6893423ED00A60224A12684A6200
:10A2A000214A8A6202684A6042688A608268CA609B
:10A2B000C2680A6102694A6142698A618269CA6147
:10A2C000C2690A62F1EE102A12F0900F23D0174AE9
:10A2D0008A62026ACA62426A0A63826A4A63C26A1C
:10A2E0008A63026BCA63426B0A64826B4A64C26B04
:10A2F0008A64026CCA64426C0A65826C4A65C26CEC
:10A300008A65026DCA65426D0A66826D4A66C26DD3
:10A310008A66006EC86600F00BF801BDFAF9F8F71E
:10A32000A40C022828ED00E0A4A3A2A1ABAAA9A82E
:10A33000FEE7000000EE100AB8EEC00ADFED8E0A5C
:10A3400080EE200ADFED8D0A20EE200ADFED8C0A78
:10A3500020EE200ADFED8B0A20EE200A7047DFF89E
:10A36000FC160A690168521A00EE102ADFF8F0168E
:10A370000A694168521A00EE902ADFF8E8160A6965
:10A380008168521A01EE102ADFF8DC160969C068EC
:10A39000091A01EE901AB8EEC00AB0EEC00AF8EE43
:10A3A000E00AF0EEE00AB8EEC11AB0EEC11A30EEE3
:10A3B000200A30EE010AF8EEE10AF0EEE00A30EE93
:10A3C000200AF5EE000A20EE200ABDEEC00A10EECB
:10A3D000100A7047F8B52DED028B82B0002417E00B
:10A3E000DFF8980600EBC40191ED010AB7EEC00A50
:10A3F0008DED000B00EBC40090ED000AB7EEC00A33
:10A4000053EC102B611CDFF87806FEF735FB641C5B
:10A41000052CE5DB9FED5C0ADFED5B0A00210EE019
:10A42000DFF8580600EBC10292ED001A30EE010A87
:10A4300000EBC10090ED011A70EE810A491C05295C
:10A44000EEDBDFF84046B1EE041A80EE010A84ED3F
:10A45000000AB1EE040A80EE800A84ED010A94ED50
:10A46000010AB7EEC00A8DED000B94ED000AB7EEBD
:10A47000C00A53EC102BDFF81006FEF7FDFA00209F
:10A480000CE0DFF8081601EBC001DFF8F02502EB65
:10A49000C00292EC020A81EC020A401C0528F0DBA3
:10A4A000DFF8E85515F1280094EC020A80EC020A66
:10A4B000DFF8DC0590EC020A002456E005EBC4004E
:10A4C00090ED001A31EE408A05EBC40090ED011AC0
:10A4D00071EE608ADFF8BC6528EE080A08EEA80A6B
:10A4E000FEF7F0FB06EB840080ED000ADFF8A875AC
:10A4F000F0EE480AB0EE680AFEF7F4FBDFED9A0AC8
:10A5000020EE200A07EB840080ED000A07EB8400B0
:10A5100090ED000AB5EE400AF1EE10FA0BD507EB0C
:10A52000840090ED000ADFED910A30EE200A07EB7F
:10A53000840080ED000A07EB840090ED000AB7EE7E
:10A54000C00A8DED000B06EB840090ED000AB7EE1B
:10A55000C00A53EC102B2100DFF84005FEF78CFAFF
:10A5600005EBC40090EC020A641C062CA6DB02B0CA
:10A57000BDEC028BF1BD000000008045B76DDB3EF5
:10A58000C67D743E9A99894000000000F8B52DED13
:10A59000028B84B0032000F004FB012840F0DF8030
:10A5A000DFF8FC140888002840F0D980502008808B
:10A5B000DFF8B8442078002807D0022800F0CC80CB
:10A5C00032D3032800F09880C6E0DFF8A45428783E
:10A5D000052802DB00F0CCF825E0DFF8C804DFF83E
:10A5E0007C1409690160DFF8781409694160DFF8BB
:10A5F000741409698160DFF870140969C160DFF8BB
:10A60000A864FEF7E7F986ED000A0120207096EDB8
:10A61000000AB7EEC00A53EC102B2978491CDFF86A
:10A620008C04FEF729FA97E0DFF87804FFF797FE2D
:10A63000DFF87C64FFF77EFE86ED000ADFF8680431
:10A6400090ED000ADFED760A20EE208ADFF8247410
:10A65000B0EE480A00F0C4FBD6ED000A97ED001AF0
:10A6600000EE201A87ED001AB0EE480A00F0BAFB9F
:10A67000D6ED000A97ED011A00EE201A87ED011AB7
:10A68000DFF8F803DFF8E853297800EBC10197EC15
:10A69000020A81EC020A297800EBC10191ED010A5E
:10A6A000B7EEC00A8DED020B297800EBC10090EDEA
:10A6B000000AB7EEC00A8DED000B96ED000AB7EE6A
:10A6C000C00A53EC102B2978491CDFF8E803FEF789
:10A6D000D3F92878401C28702878052805DBFFF777
:10A6E00079FEDFF8D403FEF7C7F9002020700020C0
:10A6F000DFF8841308702FE00020FDF7F3FA002143
:10A70000DFF8B803FDF787FD0021DFF8B403FDF79C
:10A7100082FDDFF8B00300210160DFF8AC03002107
:10A7200001600020DFF850130870DFF8A00300215B
:10A7300001600120DFF898130870002020700020CD
:10A74000CB490870CB480021016000214160DFF84F
:10A750008403FEF791F9FFE7032000F026FA04B026
:10A76000BDEC028BF1BD0000E02E65420000B44359
:10A770003EB5DFF86443002020700320BB49087019
:10A78000DFF858030021016000214160FEF71AF94B
:10A79000D34800210160CB4800210160CA48002154
:10A7A00001600120FDF79EFAC44D2800FDF7FCFD75
:10A7B00001212800FDF72FFDC14D2800FDF7F4FD14
:10A7C00001212800FDF727FDB648A4490969016069
:10A7D000A34909694160A34909698160A2490969DE
:10A7E000C160BA48002101600120B9490870AA4837
:10A7F000217800EB810090ED000AB7EEC00A8DEDE4
:10A80000000BA448217800EB810090ED000AB7EE20
:10A81000C00A53EC102B2178B248FEF72DF937BD52
:10A8200035FA8E3C2DE9F0412DED048B84B09C4C23
:10A830002088002802D02088401E2080AA4D288829
:10A8400000283ED02888401E28802888002837D13C
:10A85000A1488E49027801EBC201083991EC020A45
:10A860009E4981EC020A8F497C4A12690A607C4A3F
:10A8700012694A607B4A12698A607B4A1269CA601F
:10A88000924900220A600121914A117050212180D1
:10A890008149027801EB820191ED000AB7EEC00A0E
:10A8A0008DED000B7B49027801EB820191ED000AEE
:10A8B000B7EEC00A53EC102B01788C48FEF7DCF899
:10A8C000C1E06A4E3078032803D000206A4908703E
:10A8D000B9E07448FFF743FDFFF72CFDB0EE409A56
:10A8E0007D4F6D48397800EB810090ED000ADFED77
:10A8F000580A60EE209ADFF8E481B0EE690A00F0B1
:10A900006FFAD8ED000A40EE090AB0EE608AB0EEA8
:10A91000690A00F067FAD8ED010A40EE090AF0EE84
:10A92000608A5A48397800EBC10090ED000A30EE99
:10A93000489A90ED010A70EE689A29EE090A09EE2C
:10A94000A90AFEF7BFF9DFED430AB4EE600AF1EEA3
:10A9500010FA53D5B7EEE81A8DED021BF0EE480A57
:10A96000B7EEE01A8DED001BB7EEC00A53EC102BCA
:10A9700039785F48FEF780F83878401C38703878AE
:10A98000062821DB5B48002101605B480021016053
:10A990005A480021016000203749087049480021C9
:10A9A00001604948002101600020307000203049DA
:10A9B0000870304800210160002141605020208053
:10A9C0004F48FEF759F83EE03220288049480021E0
:10A9D00001604948002101604848002101600020D1
:10A9E000254908703748002101603748002101607F
:10A9F0003978491E4348FEF73FF824E029EE090A5A
:10AA000009EEA90AFEF75EF9DFED130AB4EE600A5B
:10AA1000F1EE10FA0BDBF5EE000AC0EE800A20EE34
:10AA2000899AF5EE000A80EE800A60EE299A314894
:10AA300080ED009A3048C0ED009A30480021016056
:10AA400001200D49087004B0BDEC048BBDE8F08115
:10AA500035FA8E3C0BD7A33C0100803E180D02282E
:10AA6000700D0228C80D0228200E02282513022886
:10AA7000231302283012022826130228F01002287D
:10AA8000B8C9081038120228F4C80810C0100228EB
:10AA9000D0CA0810801102289811022810C9081085
:10AAA0000C130228081202288012022884C50810FC
:10AAB00084120228A0C608102CC90810000F022812
:10AAC000400F0228981202289C120228881202289D
:10AAD0009607022848CA08102413022840120228A8
:10AAE000A01202283CC808100E130228C8C608107D
:10AAF00070C608108C1202289012022894120228A4
:10AB00005CCA0810F0C6081010B5002000241FE031
:10AB100000212200D2B2815413E039482100C9B289
:10AB2000415C0229F4D037492200D2B251F82210F8
:10AB30000A3940F2DE329142EAD201212200D2B239
:10AB4000815400202F492200D2B241F82200641C17
:10AB50002000C0B2052823DA2B482100C9B2405C8E
:10AB6000FDF76DFC0128D8D026482100C9B250F865
:10AB70002110491C2200D2B240F822104FF47A7101
:10AB8000224A1268B1FBF2F12200D2B250F8220040
:10AB90008842DCD302201A492200D2B28854D6E778
:10ABA00010BD1749C0B2085C70470021144AC0B2FA
:10ABB0001154704770B50400002C01D0012000E052
:10ABC00000208C221249C0B2F9F7C8FD00200025F0
:10ABD0000EE00123012200210B482E00F6B2805D19
:10ABE000FDF765FC002006492A00D2B288546D1C8E
:10ABF0002800C0B20528ECDB0448046070BD0000EA
:10AC000050120228F4110228D8CA08100013022892
:10AC100044C40810DFED620A60EE200A10EE902AAC
:10AC200022F0004101EE101ADFED5E1AB4EE611A57
:10AC3000F1EE10FA25D54FF07C5102F000420A43A4
:10AC400001EE102A71EE200AFDEEE00A10EE901AD5
:10AC500000296AD0FAEEC90A9FED531A00EE810A64
:10AC6000DFED521A00EEA10A9FED512A00EE820A92
:10AC7000DFED502A00EEA20A9FED4F1A00EE810A86
:10AC800053E010EE101A4B001B1613F1010F0AD1FE
:10AC90004900081610F1010F02D1090240F07F802F
:10ACA0009FED460A7047490004D1002877D0B7EEDF
:10ACB000000A70474FF07C5102F000420A4301EE57
:10ACC000102A71EE200A10EE902A51000DD0090EC4
:10ACD000C1F196011829A8BF02F0004203DA002949
:10ACE000C4BFCA408A4000EE902A10EE901A490074
:10ACF00017D09FED331A20EE811ADFED2B1A01EEEB
:10AD0000210A9FED2A2A01EE020ADFED292A01EE2F
:10AD1000220A9FED283A01EE030ADFED271A01EE21
:10AD2000210AFDEEE00A10EE901A01F00301081866
:10AD300010EE101A21F0004100EE901A9FED211A3A
:10AD4000F4EE410AF1EE10FA04D5C10723D5B7EEAF
:10AD5000000A20E0C10760EE000A0ED59FED1A0A36
:10AD60009FED1A1A00EE801ADFED191A41EE201A33
:10AD7000B7EE000A01EEA00A0DE09FED162ADFED06
:10AD8000161A40EE821ADFED152A20EE201A41EE47
:10AD9000A02A01EE220A800748BFB1EE400A7047A0
:10ADA00083F9223F0000004F0000C9C600A0FDC08B
:10ADB0000020A2BA000034B30030C2AEFFFFFF7F14
:10ADC00000008038000080399349B2BA36A02A3D8D
:10ADD000DFFFFFBE6E8C4CB94283083CA1AA2ABE9D
:10ADE000012017E7002015E7022801D3012010E019
:10ADF0000B00DBB2042B01DB01200AE0DFF8CC33CF
:10AE000003EB8000C9B2405C824201D3012000E024
:10AE100000207047F8B506000F0015001C00022E38
:10AE200001D301201DE02A003900C9B23000FFF72C
:10AE3000DBFF012801D1012013E03800C0B2002857
:10AE400012D1B4F5807F0DD2DFF88403760330444D
:10AE500000EB850010F58050016864F30F2101605C
:10AE60000020F2BD0120FCE7FFB2012F11D1B4F5A3
:10AE7000803F0CD2DFF858037603304400EB8500A6
:10AE800010F5A050016864F317210160E8E7012084
:10AE9000E7E70120E5E700B20012C0B27047F8B55D
:10AEA00005000E001700280000B2FFF7F4FF0400B1
:10AEB0002000C0B2022801D3012024E03A00310072
:10AEC000C9B22000C0B2FFF78FFF012801D10120D5
:10AED00019E0DFF8FC122000C0B2400308442A0049
:10AEE000D2B200EB8200D0F8000CF6B266F3092073
:10AEF00067F30700E4B264032144EDB201EB85017E
:10AF0000C1F8000C0020F2BD70B504000D00160061
:10AF1000022C01D301201DE032002900C9B220001B
:10AF2000FFF762FF012801D1012013E0DFF8A01232
:10AF30006003085850F0004050F0407050F47F001B
:10AF4000EDB265F3092066F30700620388506403DD
:10AF50000859002070BD0100C9B2002905D002299E
:10AF600007D004D3032906D006E03E2004E04120A8
:10AF700002E09A2000E08B20C0B270470100C9B205
:10AF8000002905D0022907D004D3032906D006E002
:10AF90000A2004E00A2002E00A2000E00A20C0B2F1
:10AFA00070470100C9B2002905D0022907D004D397
:10AFB000032906D006E03F2004E0422002E09B2067
:10AFC00000E08C20C0B2704738B5040000208148F2
:10AFD0002100C9B2405C002813D07F482100C9B2CB
:10AFE00050F82100FEF793FC05002000C0B2FFF7E7
:10AFF000D8FFC0B2FDF723FA01280AD02DB26D4266
:10B0000007E0764D7448E4B250F8240000F0F0F800
:10B010002D1A280000B232BD80B56E490200D2B2AE
:10B02000895C002907D000216B4AC0B252F8200089
:10B03000FEF76BFC06E00021674AC0B252F8200020
:10B0400000F0D4F801BD2DE9F841A1B005000E00D3
:10B0500014003421002214AF3800F9F711FC280045
:10B060003100C0B2C9B2884201D1012000E0002005
:10B070005D4FE7223900C0B2F9F770FB30002100C4
:10B08000C0B2C9B2884201D1012000E00020E8220C
:10B090003900C0B2F9F762FB524F002201212800AB
:10B0A000C0B237F91000FFF7FAFE2800C0B237F936
:10B0B0001000FFF7F0FE092300220121C0B2FFF7C4
:10B0C000A9FE2800C0B237F91000FFF7E4FE002205
:10B0D0000121C0B2FFF718FF0E2015903000C0B25A
:10B0E000FFF74CFF8DF858003000C0B2FFF733FF78
:10B0F00007005FF008083000C0B2FFF72CFF384EA1
:10B1000014AA97FBF8F108FB11773900C0B2C01000
:10B11000C0013044F9F773FC0B20159000208DF826
:10B1200058002000C0B2FFF73CFF07005FF008089E
:10B130002000C0B2FFF735FF14AA97FBF8F108FB17
:10B1400011773900C0B2C010C0013044F9F757FC84
:10B15000502100226C462000F9F792FB4FF6FF7059
:10B160000090039000208DF8040000208DF8050069
:10B1700000208DF8060000208DF8080000208DF8D2
:10B18000440002201290144C69462800C0B254F8C2
:10B190002000FEF7F5FA2800C0B254F82000FEF7B0
:10B1A000AFFB2800C0B254F82000F9F76CFD002175
:10B1B0002800C0B254F82000FEF7A7FB0120054983
:10B1C000EDB2485522B0BDE8F0810000C0CA0810B9
:10B1D0000000044004130228100702280080FFFF2B
:10B1E00000003140080702284CC3081081607047F6
:10B1F00080687047022801D3012010E00B00DBB209
:10B20000042B01DB01200AE0DFF86C3303EB800044
:10B21000C9B2405C824201D3012000E000207047A7
:10B22000F8B506000F0015001C00022E01D3012006
:10B230001DE02A003900C9B23000FFF7DBFF01280A
:10B2400001D1012013E03800C0B2002812D1B4F5BA
:10B25000807F0DD2DFF824037603304400EB8500B5
:10B2600010F58050016864F30F2101600020F2BDE9
:10B270000120FCE7FFB2012F11D1B4F5803F0CD2C1
:10B28000DFF8F8027603304400EB850010F5A0509B
:10B29000016864F317210160E8E70120E7E7012076
:10B2A000E5E700B20012C0B27047F8B505000E0025
:10B2B0001700280000B2FFF7F4FF04002000C0B21E
:10B2C000022801D3012023E03A003100C9B2200056
:10B2D000C0B2FFF78FFF012801D1012018E0A74974
:10B2E0002000C0B2400308442A00D2B200EB820022
:10B2F000D0F8000CF6B266F3092067F30700E4B259
:10B3000064032144EDB201EB8501C1F8000C00207B
:10B31000F2BD70B504000D001600022C01D301200F
:10B320001CE032002900C9B22000FFF763FF0128AA
:10B3300001D1012012E091496003085850F000400B
:10B3400050F0407050F47F00EDB265F3092066F3D1
:10B3500007006203885064030859002070BD80B55F
:10B360000100C9B2032906DA8549C0B2C001084408
:10B37000FEF7D5FA07E08349C0B2C0010844B0F532
:10B38000C070FEF7CCFA01BD70B596B004000D0098
:10B390005021002202AE3000F9F772FA0026200098
:10B3A000C0B203286ADA002201212000C0B200F2F4
:10B3B000711000B2FFF779FF2000C0B200F27110E7
:10B3C00000B2FFF76EFF092300220121C0B2FFF790
:10B3D00027FF2000C0B200F2711000B2FFF761FF3A
:10B3E00000220121C0B2FFF794FF2000C0B210F587
:10B3F000D570ADF800000220ADF8020001208DF8F4
:10B400000400032260482100C9B250F821106846A8
:10B41000FAF7DAFBED00029500208DF80C00002011
:10B420008DF80D0000208DF80E0000208DF8100022
:10B4300003208DF84C000120149000208DF854005A
:10B4400000208DF855004E4D02A92000C0B2C00169
:10B450002844FEF795F92000C0B2C0012844FEF749
:10B460004FFA2000C0B2C0012844F9F70CFCE4B246
:10B47000E40105EB0400FEF74CFA7AE0002201211A
:10B480002000C0B210F5B17000B2FFF70EFF20002F
:10B49000C0B210F5B17000B2FFF703FF092300221C
:10B4A0000121C0B2FFF7BCFE2000C0B210F5B170A0
:10B4B00000B2FFF7F6FE00220121C0B2FFF729FF1C
:10B4C0002000C0B200F29B10ADF800000220ADF8E1
:10B4D000020001208DF8040003222B482100C9B28C
:10B4E00050F821106846FAF76FFBED00002005E0E8
:10B4F000B5F5803F01D3761C6D08401C0828F7DBAA
:10B5000002958DF80C6000208DF80D0000208DF85C
:10B510000E0000208DF8100003208DF84C00012053
:10B52000149000208DF8540000208DF85500154D22
:10B5300002A92000C0B2C0012844B0F5C070FEF7D7
:10B540001FF92000C0B2C0012844B0F5C070FEF75A
:10B55000D7F92000C0B2C0012844B0F5C070F9F797
:10B5600092FBE4B2E40105EB0400B0F5C070FEF715
:10B57000D0F916B070BD0000C0CA08100000044029
:10B5800000005940008058402007022810B52DEDDA
:10B59000028B0020FFF7E3FE77480168491C016039
:10B5A00000F028F9FDF782F874480078002801D0EF
:10B5B000FCF75AFDFCF73CFA7148007800280BD0E4
:10B5C00070487149096801607048714909680160F3
:10B5D0007048714909680160704C94F8380000287F
:10B5E00034D0FDF7F7F9B0EE408A6A4890ED000AD2
:10B5F0002000FCF70DFEB0EE480A2000FCF714FE18
:10B60000674C2000FCF704FE664890ED000ADFED71
:10B61000560A20EE200A6449D1ED000A9FED531A24
:10B6200000EE810A80ED000A90ED000A2000FCF790
:10B63000FBFDDFED4F0A20EE201A5448D0ED000A42
:10B64000504890ED000AFCF7C7FC09E09FED491A4D
:10B650004E48D0ED000A4B4890ED000AFCF7BCFCC8
:10B66000FCF718FAFCF7AAFBBDEC028B10BD80B505
:10B670000120FFF774FEFFF747FA01BD80B50220F5
:10B68000FFF76DFE4948D0E90023521C73F1FF33E8
:10B69000C0E9002301BD80B50320FFF760FE01BDB6
:10B6A00080B50420FFF75BFE01BD80B50520FFF7E4
:10B6B00056FE01BD80B50620FFF751FE01BD80B5E5
:10B6C0000720FFF74CFE01BD80B50820FFF747FEBD
:10B6D00001BD80B50920FFF742FE01BD80B50A20FB
:10B6E000FFF73DFE01BD80B50B20FFF738FE01BD21
:10B6F00080B50C20FFF733FE01BD80B50D20FFF7AC
:10B700002EFE01BD80B50E20FFF729FE00F0F0F8F7
:10B7100001BD80B50020F9F7BAFB002801D0F9F788
:10B7200004F801BD80B50120F9F7B1FB002801D074
:10B73000FCF704FF01BD80B50220F9F7A8FB002843
:10B7400001D000F013F901BD80B50320F9F79FFB8C
:10B7500001BD80B50420F9F79AFB002802D01448F7
:10B760000068804701BD0000CDCC4C3FCDCC4C3EA5
:10B7700035FA8E3C000000006812022829130228C6
:10B7800026130228981202288C1202289C120228E2
:10B7900090120228A012022894120228000F0228F8
:10B7A000400F02286C120228C01202282812022818
:10B7B000F806022880B50520F9F769FB01BD80B5C0
:10B7C0000620F9F764FB01BD80B5022202210220A8
:10B7D000FFF739FC032203210320FFF734FC00228A
:10B7E00000210020FFF72FFC012201210120FFF79B
:10B7F0002AFC01BD10B52DED028B394C0220FFF75C
:10B80000E3FBA081B6EE008A94ED020A20EE080A5E
:10B81000B4F90C0000EE900AF8EEE00A00EE880A97
:10B8200084ED020A2069B4F90C104018206102204E
:10B83000FFF7F2FB2B4C0020FFF7C6FBA08194ED35
:10B84000020A20EE080AB4F90C0000EE900AF8EEA5
:10B85000E00A00EE880A84ED020A2069B4F90C10AF
:10B86000401820610020FFF7D7FB1F4C0320FFF793
:10B87000ABFB4042A08194ED020A20EE080AB4F925
:10B880000C0000EE900AF8EEE00A00EE880A84ED63
:10B89000020A2069B4F90C10401820610320FFF758
:10B8A000BBFB124C0120FFF78FFB4042A08194EDBF
:10B8B000020A20EE080AB4F90C0000EE900AF8EE35
:10B8C000E00A00EE880A84ED020A2069B4F90C103F
:10B8D000401820610120FFF79FFBBDEC028B10BDDB
:10B8E000180D0228700D0228C80D0228200E02280B
:10B8F000F8B51948007800282DD00020174C0820F2
:10B900002060174D04202860082028600420206053
:10B910000820206004202860002615E00820286008
:10B92000104F072000F0ACF83100C9B227F8110021
:10B93000042000F0A5F83100C9B207EB4101A1F8DD
:10B94000000108202060761C3000C0B28028E5DBB2
:10B95000012005490870F1BD341302280803314065
:10B96000040331409C070228351302281FB500202C
:10B97000019040480078002868D004E00122694620
:10B980003D48F9F7B0FE69460220F9F7FFFB0028B1
:10B99000F4D19DF800000A2858D106200190364CB9
:10B9A000012301AA02A92000F9F7C8FF032228A158
:10B9B0000DF10B0000F09EF8002810D12748017807
:10B9C00002293DD0012101702000F9F77BFE019092
:10B9D000002301AA22492000F9F7B0FF30E003223A
:10B9E0001CA10DF10B0000F085F8002810D11D48B6
:10B9F0000178022924D0012101702000F9F762FEAC
:10BA00000190002301AA18492000F9F797FF17E0D9
:10BA1000032211A10DF10B0000F06CF800280FD1EA
:10BA20001248017802290BD0012101702000F9F79A
:10BA300049FE0190002301AA0D492000F9F77EFF7D
:10BA40002000F9F705FE01200C4908701FBD000019
:10BA5000524D4300474741005448530032130228D7
:10BA6000A40B022831130228240B022833130228C6
:10BA7000240C022830130228C81102282F13022890
:10BA800030B40100C9B249090200D2B2202392FBAE
:10BA9000F3F403FB1422154BC0B21B5C5B00D3F123
:10BAA0000403134C0800C0B254F820001500EDB296
:10BAB000AD01284400F63C00056855F0010505601D
:10BAC0000800C0B254F82000D0F80002C00F0028CF
:10BAD000F6D1C9B254F82100D2B292011044D0F884
:10BAE000240880B2184180B230BC7047780E02281A
:10BAF000FC0602288AB10B7890F800C09C4506D15C
:10BB000010F8013B4BB1491C521EF4D105E002D2A2
:10BB10004FF0FF3070470120704700207047000051
:10BB200038B500F077F900F042F800F0C9F8714933
:10BB30000868800312D4BFF34F8FBFF36F8F0020CC
:10BB40006D4A1060BFF34F8FBFF36F8F086850F4DA
:10BB500000300860BFF34F8FBFF36F8F0868C003DA
:10BB600024D40020654A1060BFF34F8F64480268F8
:10BB7000C2F34E33C2F3C90443F6E07010EA431037
:10BB800050EA84705F4D28602000441E0028F3D1E5
:10BB90001800431E0028EDD1BFF34F8F086850F402
:10BBA00080300860BFF34F8FBFF36F8F31BD70B52A
:10BBB00086B0684654491822F7F78EFA00200AE04A
:10BBC00069460200D2B201EBC2014968491C11F07A
:10BBD000070F0DD1401C0100C9B2032909D26946E3
:10BBE0000200D2B211F8321011F0070FE8D0FEE7D0
:10BBF000FEE7464C207810F0070F00D0FEE7444DDA
:10BC00002868401C10F0070F00D0FEE7002622E055
:10BC100068463100C9B200EBC10041683000C0B2D3
:10BC200052F8300000F043F814E000200028EFD074
:10BC30002168491E3000C0B252F8300000F037F8D9
:10BC400068463100C9B200EBC10041682868401C59
:10BC500000F02DF8761C3000C0B2032825D26A46C9
:10BC60003000C0B252F83000002813D020683100F4
:10BC7000C9B252F8311088420AD368463100C9B2BD
:10BC800000EBC10040682168884201D30120CDE764
:10BC90000020CBE768463100C9B200EBC100406824
:10BCA00021688842C1D30120C0E706B070BD0022E0
:10BCB000002302E0C0E9002308308842FAD370472D
:10BCC00030B4144880081449144A002308E01C00CA
:10BCD000E4B252F824401D00EDB241F825405B1C4F
:10BCE0001C000500E4B2EDB2AC42F0D30C48016098
:10BCF00030BC704714ED00E050EF00E084ED00E050
:10BD000080ED00E060EF00E0D0C90810C4C1081069
:10BD1000C8C108108000000080130228000008102D
:10BD200008ED00E010B5002042490860BFF34F8FD6
:10BD300041480168C1F34E32C1F3C90343F6E070D4
:10BD400010EA421050EA83703C4C20601800431EF9
:10BD50000028F3D11000421E0028EDD1BFF34F8F11
:10BD6000BFF36F8FBFF34F8FBFF36F8F0020344946
:10BD70000860BFF34F8FBFF36F8F00F001F810BD65
:10BD800038B586B068462F491822F7F7A5F96846F6
:10BD9000FDF776FFC0B200280DD02B4C18222B499E
:10BDA0002000FEF739FA0020E0754E20284908608F
:10BDB0000020FEF769FA274D2800FEF703FAC0B20B
:10BDC00000280DD0204C182220492000FEF724FA2C
:10BDD0000020E07550201E4908600020FEF754FA4C
:10BDE0001D49286808600A681C4882181C48B2FB74
:10BDF000F0F01C4A10601C48096801F2E7314FF46A
:10BE00007A72B1FBF2F101600068C0031749086063
:10BE100007B030BD80B500F02DF815490A6852F41E
:10BE200070020A60BFF34F8FBFF36F8F00F026F8E8
:10BE300001BD000084ED00E080ED00E074EF00E063
:10BE400050EF00E0E8C908105011022894C2081011
:10BE500070120228E4120228E81202283F420F0062
:10BE600040420F00F0120228EC120228F4120228BD
:10BE700088ED00E0EFF3108072B6704780F3108811
:10BE800070470000010009B2002908D4012210F017
:10BE90001F018A404F4900B2400941F820207047F5
:10BEA000FEE780B54C4800684C4801680800C00FA8
:10BEB000002805D04A488905890D50F8210080479F
:10BEC0000020FFF7DFFF01BD80B546480068464807
:10BED00001680800C00F002805D041488905890D78
:10BEE00050F8210080470120FFF7CCFF01BD80B54D
:10BEF0003E4800683E4801680800C00F002805D091
:10BF000037488905890D50F8210080470220FFF746
:10BF1000B9FF01BD80B5374800683748016808009F
:10BF2000C00F002805D02E488905890D50F8210042
:10BF300080470320FFF7A6FF01BD80B52F480068AA
:10BF40002F4801680800C00F002805D02448890543
:10BF5000890D50F8210080470420FFF793FF01BDB1
:10BF600080B528480068284801680800C00F0028EC
:10BF700005D01B488905890D50F821008047052010
:10BF8000FFF780FF01BD80B52048006820480168A8
:10BF90000800C00F002805D011488905890D50F808
:10BFA000210080470620FFF76DFF01BD80B51948CD
:10BFB0000068194801680800C00F002805D008482B
:10BFC0008905890D50F8210080470720FFF75AFFA7
:10BFD00001BD000080E200E0E0CA0810000120403E
:10BFE00000000228E4CA081004012040E8CA081032
:10BFF00008012040ECCA08100C012040F0CA0810CB
:10C0000010012040F4CA081014012040F8CA08109A
:10C0100018012040FCCA08101C01204010B5012066
:10C02000FBF760FE334C2000FCF7BEF90121200035
:10C03000FCF7F1F8304C2000FCF7B6F901212000A4
:10C04000FCF7E9F8FCF7BEFC2C48002101602C4805
:10C05000002101602B480021016001202A4908705D
:10C0600010BD80B50020FEF79CFD012802D1012003
:10C07000FCF7DFFA0120FEF794FD012802D102202F
:10C08000FCF7D7FAFEF782FA0220FEF78AFD0128B4
:10C090002ED10020FBF726FE00211648FCF7BBF846
:10C0A00000211548FCF7B7F80020174908700E2347
:10C0B0002B2200211548FBF7B0FD0D232A22002179
:10C0C0001348FBF7AAFD2123522200211148FBF758
:10C0D000A4FD2223532200210F48FBF79EFD0848B0
:10C0E000002101600748002101600320FCF7A1FA4C
:10C0F00001BD0000000F0228400F0228A0120228F4
:10C10000981202289C12022827130228180D0228D0
:10C11000700D0228C80D0228200E022872B61D4993
:10C1200008684FEA102000F00F000E2808BF1A49D7
:10C130000D2808BF1949072808BF1949082808BF52
:10C140001849086820F00B0008600868BFF34F8F9B
:10C15000154816490860BFF34F8F1549086840F02D
:10C16000070008601349086840F007000860BFF343
:10C170004F8FBFF36F8F00200021124AE2E80201C7
:10C180006A45FBD10C4FB8470C4FB8470C4FB84726
:10C19000FEE70000000020400C0020400C0420407E
:10C1A0000C0820400C0C20400000081008ED00E0B6
:10C1B00090EF00E094EF00E021BB0810ADC708103D
:10C1C0009DC9081000FF0728FFFF0728423A5C635B
:10C1D0007974345C5365656B667265655F43595469
:10C1E0003442425F4F70656E736F757263655F4C6A
:10C1F0006962726172795C6C69627261726965739D
:10C200005C73646B5C747669696268346D5C7372CC
:10C21000635C647269766572735C737973636C6B6B
:10C220005C63795F737973636C6B2E680000000048
:10C23000423A5C637974345C5365656B667265651C
:10C240005F4359543442425F4F70656E736F75722D
:10C2500063655F4C6962726172795C6C696272617C
:10C26000726965735C73646B5C7476696962683467
:10C270006D5C7372635C647269766572735C73790A
:10C2800073636C6B5C63795F737973636C6B2E6340
:10C2900000000000423A5C637974345C5365656B5E
:10C2A000667265655F4359543442425F4F70656EF4
:10C2B000736F757263655F4C6962726172795C6CF1
:10C2C00069627261726965735C73646B5C747669D0
:10C2D000696268346D5C7372635C73797374656DE5
:10C2E0005C73797374656D5F747669696268346DC7
:10C2F0005F636D372E630000423A5C637974345C8F
:10C300005365656B667265655F4359543442425F9D
:10C310004F70656E736F757263655F4C69627261B1
:10C3200072795C6C69627261726965735C7A665F6E
:10C330006465766963655C7A665F64657669636582
:10C340005F696D7536363072612E6300423A5C6308
:10C350007974345C5365656B667265655F435954E7
:10C360003442425F4F70656E736F757263655F4CE8
:10C370006962726172795C6C69627261726965731B
:10C380005C7A665F6472697665725C7A665F647215
:10C39000697665725F656E636F6465722E63000017
:10C3A000423A5C637974345C5365656B66726565AB
:10C3B0005F4359543442425F4F70656E736F7572BC
:10C3C00063655F4C6962726172795C6C696272610B
:10C3D000726965735C7A665F6472697665725C7AAD
:10C3E000665F6472697665725F736F66745F6969B0
:10C3F000632E6300423A5C637974345C5365656B09
:10C40000667265655F4359543442425F4F70656E92
:10C41000736F757263655F4C6962726172795C6C8F
:10C4200069627261726965735C7A665F636F6D6D74
:10C430006F6E5C7A665F636F6D6D6F6E5F66696667
:10C440006F2E6300423A5C637974345C5365656BAC
:10C45000667265655F4359543442425F4F70656E42
:10C46000736F757263655F4C6962726172795C6C3F
:10C4700069627261726965735C7A665F6465766928
:10C4800063655C7A665F6465766963655F6B657931
:10C490002E630000423A5C637974345C5365656BCB
:10C4A000667265655F4359543442425F4F70656EF2
:10C4B000736F757263655F4C6962726172795C6CEF
:10C4C00069627261726965735C7A665F64726976CB
:10C4D00065725C7A665F6472697665725F70776DAB
:10C4E0002E630000423A5C637974345C5365656B7B
:10C4F000667265655F4359543442425F4F70656EA2
:10C50000736F757263655F4C6962726172795C6C9E
:10C5100069627261726965735C7A665F647269767A
:10C5200065725C7A665F6472697665725F75617266
:10C53000742E630000004129211C191716151413CD
:10C5400012121111111010100F0F0F0F0E0E0E0EF0
:10C550000E0E0E0D0D0D0D0D0D000000303132339D
:10C560003435363738396162636465666768696A8D
:10C570006B6C6D6E6F707172737475767778797A93
:10C5800000000000494E41563A2042256420726561
:10C59000636F72642073746172742C207961773DCB
:10C5A000252E31660A000000000000000000244033
:10C5B0000000000000005940000000000088C34057
:10C5C0000000000084D797410080E03779C34143E1
:10C5D000176E05B5B5B89346F5F93FE9034F384DE9
:10C5E000321D30F94877825A3CBF737FDD4F157595
:10C5F00010B5FBF7F9F8FFF7E7F80A20FEF7DAFACB
:10C60000FCF7E0FA5FF4E130FBF7A9FF42F21074A7
:10C6100021000020FEF7B8FE21000120FEF7B4FE45
:10C6200001210220FEF7B0FEFCF7CCF90148002101
:10C63000016010BDA012022830B4002512E050F8AD
:10C64000042BD30744BF4A44521E091F042942F851
:10C65000045BFAD213468C0744BF15809B1CC907A4
:10C6600048BF1D7050F8041B0029E8D130BC70474A
:10C67000494E41563A2053454725642061727269FC
:10C6800076656421206572723D252E33666D2070BB
:10C690006F7328252E32662C252E3266290A00005B
:10C6A000494E41563A2042256420646973743D2501
:10C6B0002E32666D2061627328252E32662C252E5F
:10C6C0003266290A00000000494E41563A2053457F
:10C6D00047256420474F20643D252E32666D20613A
:10C6E0003D252E3166205B6175746F5D0A00000088
:10C6F000494E41563A20534547256420617272697C
:10C700007665642C207061757365203530306D73EB
:10C710002E2E2E0A0000000070697463683D252EDD
:10C7200031662C726F6C6C3D252E31662C67793D1D
:10C73000252E31662C67783D252E31660A000000D3
:10C740007363616E665F733A2062616420666C6F2A
:10C750006174696E672D706F696E742061726775A0
:10C760006D656E740000000080B5084800F010F898
:10C77000F8F753F8FFF73CFFFFF750FCFFF771FCA9
:10C78000FEF750F8FBF71BFFF8E700BF80B2E60E9C
:10C7900080B505490860FFF7C5FAFCF73EFF0020A9
:10C7A000F9F7EAF901BD0000F812022810B50749AF
:10C7B00079441831064C7C44163404E00A68081D9C
:10C7C000114488470146A142F8D110BD5000000035
:10C7D0006C0000007363616E665F733A206261648F
:10C7E0002025632C2025732C206F7220255B20616F
:10C7F0007267756D656E74004EF68851CEF2000159
:10C80000086840F470000860BFF34F8FBFF36F8F6C
:10C810004FF00170E1EE100A704700001DFEFFFFAF
:10C820009C0B00009C070228000000000367FFFF2C
:10C830006E0300006601000000000228494E4156C8
:10C840003A20534547256420474F20643D252E322A
:10C85000666D20613D252E31660A00000420714678
:10C86000084202D0EFF3098001E0EFF3088000B541
:10C870000149884700BD00008DA2081080B58DF8E1
:10C880000000012269460120F7F75FFF012802D16D
:10C890009DF8000002BD4FF0FF3002BD0000000017
:10C8A000801C800803D0401C801EFCD100BF704754
:10C8B000EFF3108072B6704780F310887047000065
:10C8C00000F00EF8002801D0FFF770FFAFF30080F2
:10C8D0000020AFF30080FFF747FF00F003F80000EF
:10C8E0000020704700F000B807463846F6F788FE8B
:10C8F000FBE70000494E41563A2043454E5445520D
:10C9000028252E32662C252E3266290A00000000CA
:10C91000494E41563A20534547256420643D252E13
:10C9200032666D20613D252E31660A00494E415622
:10C930003A207072657373204B45595F3420746FD1
:10C9400020474F0A000000000D0A66696C6520252B
:10C9500073206C696E652025643A2025732E0D0ABC
:10C9600000000000696D7536363072612073656CA9
:10C970006620636865636B206572726F722E0000BB
:10C9800004207146084201D0EFF30980EFF30880DC
:10C9900000B50149884700BDB5CA081005480146E1
:10C9A00003B4684680F30988AFF30080FFF724FFE3
:10C9B000FFF786FFA5EDF5FE494E41563A20422588
:10C9C0006428252E32662C252E3266290A000000A6
:10C9D00000000228FFFF072800000020FF3F002082
:10C9E00000000000FF3F000000127A00000000007D
:10C9F0000024F4000080000000800000008000009F
:10CA00000D0A66696C65202573206C696E652025AA
:10CA1000642E0D0A00000000696D753636307261B3
:10CA200020696E6974206572726F722E00000000BA
:10CA300038B504460D462846FFF720FFA84218BF28
:10CA40000024204632BD0000494E41563A20666F10
:10CA50007263652073746F700A000000494E41567E
:10CA60003A20616C6C20646F6E65210A0000000042
:10CA700066696C653A206D646B2F257300000000B9
:10CA8000417373657274206572726F7200000000EA
:10CA900066696C653A202573000000006C696E655C
:10CAA0003A202564000000004C6F67206D657373A9
:10CAB00061676500816911F8021CC9B201607047A5
:10CAC000030100001011001025662C2566000000EF
:10CAD0000000000000000000A3A1A2A0AD00000023
:10CAE0000000000000000000000000000000000046
:10CAF0000000000000000000000000000000000036
:10CB00000000000000000000000000000000000025
:10CB10000000000000000000000000000000000015
:10CB20000000000000000000000000000000000005
:10CB300000000000000000000000000000000000F5
:10CB400000000000000000000000000000000000E5
:10CB500000000000000000000000000000000000D5
:10CB6000FFF7FEBFFFF77ABEFFF778BEFFF776BE8E
:10CB7000FFF7FEBFFFF7FEBFFFF7FEBFFFF7FEBFE9
:10CB8000FFF7FEBFFFF7FEBFFFF7FEBFFFF7FEBFD9
:10CB9000FFF7FEBFFFF7FEBFFFF7FEBF7047F002D3
:10CBA000FFA1BE081004F1FF04F1FF04F1FF04F13E
:10CBB000FF04F1FF04F17704200C000002280000BC
:10CBC0008045333383419DCB101002904000100408
:10CBD00010132090406C013A01410160018083589C
:10CBE00040000A5840800D08100A1D58408DB508B5
:10CBF000106FB608107D0412970412A10412AB0442
:10CC000012B50412BF0412C90412D30412DD0412B7
:10CC1000E70412F10412FB04100305B70810130413
:10CC200012250412370412490412530412B50412D7
:10CC3000BF04100500006040000065041264041287
:10CC40006304126204126704000566407701010163
:10CC500006000000000000000000000000000000CE
:10CC600000000000000000000000000000000000C4
:10CC700000000000000000000000000000000000B4
:10CC800000000000000000000000000000000000A4
:10CC90000000000000000000000000000000000094
:10CCA0000000000000000000000000000000000084
:10CCB0000000000000000000000000000000000074
:10CCC0000000000000000000000000000000000064
:10CCD0000000000000000000000000000000000054
:10CCE0000000000000000000000000000000000044
:10CCF0000000000000000000000000000000000034
:0DCD00000000000000000000000000000026
:040000051008C99D79
:00000001FF
