:020000041008E2
:10000000000008286DCA081059D5081025D208101C
:100010005DD5081061D5081065D5081000000000F6
:100020000000000000000000000000006DD3081078
:1000300069D50810000000006DD5081071D50810B2
:10004000EFC7081015C808103BC8081061C8081091
:1000500087C80810ADC80810D3C80810F9C8081020
:1000600075D5081079D508107DD5081081D50810F0
:1000700085D5081089D508108DD5081091D50810A0
:10008000C82E002E802E3DB1C82E002E802E91034A
:10009000802EBCB0802EA303C82E002E802E00B070
:1000A0005030212E59F51030212E6AF5802E3B0359
:1000B0000000000008190100220075000010001067
:1000C000D100B343802E00C1802E00C1802E00C11C
:1000D000802E00C1802E00C1802E00C1802E00C164
:1000E000802E00C1802E00C1802E00C1802E00C154
:1000F000802E00C1802E00C1802E00C1802E00C144
:10010000802E00C1802E00C1802E00C1802E00C133
:10011000802E00C1802E00C1802E00C1802E00C123
:10012000802E00C1802E00C1802E00C1802E00C113
:10013000802E00C1802E00C1802E00C1802E00C103
:10014000802E00C1802E00C1802E00C1802E00C1F3
:10015000802E00C1802E00C1802E00C1802E00C1E3
:10016000802E00C1802E00C1802E00C1E05F000003
:1001700000000100000000000000000000009200EC
:10018000000000000000000000000000000000006F
:1001900008190000880000000000000005E0AA38EF
:1001A00005E09030FA0096004B09110011000200A2
:1001B0002D01D47B3B01DB7A04003F7BCD6CC30473
:1001C0008509C304ECE60C460100270019009600DF
:1001D000A00001000C00F03C000101000300010040
:1001E0000E00000032000500EE060400C80000000A
:1001F0000400A805EE060004BC02B3008507000059
:1002000000000000000000000000000000000000EE
:100210000000B4000100B9000100980000000000D7
:100220000000000001008000040000000000000049
:1002300000000000000000000000000000000000BE
:1002400000000000000000000000000000000000AE
:10025000000000000000000000000000000000009E
:10026000000000000000000000000000000000008E
:1002700000000000000000000000802E00C1FD2DE5
:10028000DE00EB00DA00000CFF0F0004C0005BF59D
:10029000C9011EF280003FFF19F458F566F564F5B8
:1002A000C0F1F000E000CD01D301DB01FF7FFF01D1
:1002B000E40074F7F300FA00FF3FCA036C3856FEFF
:1002C00044FDBC02F90600FC1202AE0158FA9AFD88
:1002D0007705BB02960195017F01820189018701A3
:1002E00088018A018C018F018D0192019101DD004D
:1002F0009F017E01DB00B601706926D39C071F05B4
:100300009D000008BC0537FAA201AA01A101A801BD
:10031000A001A805B401B401CE00D000FC00C501C5
:10032000FFFBB10000380030FDF5FCF5CD01A00069
:100330005FFF0040FF0000806D0FEB007FFFC2F504
:1003400068F7B3F1670F5B0F610F800F58F75BF72A
:10035000830F8600720F850FC6F17F0F6CF700E0E8
:1003600000FFD1F5870F8A0FFF03F03F8B008E004F
:100370009000B9002DF5CAF5CB0120F20000000075
:10038000000000000000000000000000000000006D
:10039000000000000000000000000000000000005D
:1003A000000000000000000000000000000000004D
:1003B000000000000000000000000000000000003D
:1003C000000000000000000000000000000000002D
:1003D000000000000000000000000000000000001D
:1003E000000000000000000000000000000000000D
:1003F00000000000000000000000000000000000FD
:1004000000000000000000000000000000000000EC
:1004100000000000000000000000000000000000DC
:1004200000000000000000000000000000000000CC
:1004300000000000000000000000000000000000BC
:1004400000000000000000000000000000000000AC
:1004500000000000000000003050982ED70E5032EF
:10046000982EFA030030F07F002E002ED02E002EA2
:10047000018008A2FB2F982EBA03212E1900012E0D
:10048000EE0000B2072F012E190000B2032F015019
:100490000352982E07CC012EDD0000B2272F052E27
:1004A0008A000552982EC7C1032EE90040B2F07FA2
:1004B000082F012E190000B2042F0030212EE90070
:1004C000982EB4B1012E180000B2102F0550982EAE
:1004D0004DC30550982E5AC7982EF9B4982E54B291
:1004E000982E67B6982E17B21030212E7700012E65
:1004F000EF0000B2042F982E7AB70030212EEF00C3
:10050000012ED40004AE0B2F012EDD0000B2072F08
:100510000552982E8E0E00B2022F1030212E7D0033
:10052000012E7D000090902EF102012ED70000B226
:10053000042F982E2F0E0030212E7B00012E7B00E1
:1005400000B2122F012ED4000090022F982E1F0E01
:10055000092D982E810D012ED4000490022F5032C7
:10056000982EFA030030212E7B00012E7C0000B271
:10057000902E0903012E7C000131010800B2042FE6
:10058000982E47CB1030212E77008130012E7C0031
:10059000010800B2612F032E8900012ED40098BCFF
:1005A00098B805B20F58232F079009540030372F01
:1005B00015410441DCBE44BEDCBA2C0161000F567B
:1005C0004A0F0C2FD14294B8C1421130052E6AF760
:1005D0002CBD2FB980B20822982EC3B7212D6130CF
:1005E000232ED400982EC3B70030212E5AF5182D93
:1005F000E17F5030982EFA030F520750504270306E
:100600000D5442427E82E26F80B24242052F212E7B
:10061000D4001030982EC3B7032D6030212ED400A3
:10062000012ED4000690182F012E76000B5407528D
:10063000E07F982E7AC1E16F081A4030082F212EF2
:10064000D4002030982EAFB75032982EFA03052DE3
:10065000982E380E0030212ED4000030212E7C0040
:10066000182D012ED40003AA012F982E450E012E1D
:10067000D4003F8003A2012F002E022D982E5B0E86
:100680003030982ECEB70030212E7D005032982E7B
:10069000FA03012E770000B2242F982EF5CB032EFB
:1006A000D5001154010ABC848386212EC901E04083
:1006B0001352C4408240A8B9524243BE5342040A76
:1006C0005042E17FF0314140F26F25BD0808020A37
:1006D000D07F982EA8CF06BCD16FE26F080A804267
:1006E000982E58B70030212EEE00212E7700212EB3
:1006F000DD00802EF4011A242200802EEC0110501F
:10070000FB7F982EF3035750FB6F01307154114259
:10071000420EFC2FC02E0142F05F802E00C1FD2D45
:100720000100000000000000000000009A013403F6
:1007300000000000000000000000000000000000B9
:1007400000000000000000000000000000000000A9
:100750000000000000000000000000000000000099
:100760000000000000000000000000000000000089
:100770000000000000000000000000000000000079
:100780000000000000000000000000000000000069
:100790000000000000000000000000000000000059
:1007A00000002050E77FF67F06320F2E61F5FE092C
:1007B000C0B3042F17302F2EEF002D2E61F5F66FEA
:1007C000E76FE05FC82E2050E77FF67F46300F2EA0
:1007D000A4F1BE0980B3062F0D2ED40084AF022FE2
:1007E00016302D2E7B0086302D2E60F5F66FE76FCC
:1007F000E05FC82E012E77F709BC0FB800B2105089
:10080000FB7F10300B2F032E8A0096BC9FB840B29E
:10081000052F032E68F79EBC9FB840B2072F032E0A
:100820007E004190012F982EDC03032C0030212EF6
:100830007E00FB6FF05FB82E2050E07FFB7F002E24
:100840002750982E3BC82950982EA7C80150982EA3
:1008500055CCE16F2B50982EE0C9FB6F0030E05F64
:10086000212E7E00B82E7350013057541142420E93
:10087000FC2FB82E212E59F51030C02E212E4AF112
:100880009050F77FE67FD57FC47FB37FA17F907FB5
:10089000827F7B7F982E35B700B2902E97B0032EC3
:1008A0008F00072E9100052EB1003FBA9FB8012E90
:1008B000B100A3BD4C0A052EB10004BEBFB9CB0ADE
:1008C0004FBA22BD012EB300DC0A2FB9032EB800A7
:1008D0000ABE9A0ACFB99BBC012E97009FB8930A13
:1008E0000FBC910A0FB8900A252E1800052EC1F5ED
:1008F0002EBD2EB9012E190031308A040090072F29
:10090000012ED40004A2032F012E180000B20C2FD8
:1009100019500552982E4DB7052E78008090103052
:10092000012F212E7800252EDD00982E3EB700B233
:1009300002300130042F012E190000B2002F2130A7
:10094000012EEA00081A0E2F232EEA0033301B5026
:100950000B090140175646BE4B084C0A01420A805B
:1009600015520142002E012E180000B21F2F032E37
:10097000C0F5F030480847AA7430072E7A0061228B
:100980004B1A052F072E66F5BFBDBFB9C0900B2FC0
:100990001D562B30D242DB420104C24204BDFE8010
:1009A0008184232E7A0002420232252E62F5052E22
:1009B000D6008184252ED6000231252E60F5052E25
:1009C0008A000B50900880B20B2F052ECAF5F03E1E
:1009D0009008252ECAF5052E59F5E03F9008252EE2
:1009E00059F5906FA16FB36FC46FD56FE66FF76F56
:1009F0007B6F826F705FC82EC050907FE57FD47F81
:100A0000C37FB17FA27F877FF67F7B7F002E012E81
:100A100060F5607F982E35B70230636F1552507FB6
:100A2000627F5A2C02321A0900B3142F00B2032F2E
:100A3000092E180000910C2F437F982E97B71F5056
:100A4000028A02320430252E64F51552506F436F2E
:100A50004443252E60F5D908C0B2362F982E3EB7F4
:100A600000B2062F012E190000B2022F506F009025
:100A70000A2F012E79000090192F1030212E7900B5
:100A80000030982EDC03132D012EC3F50CBC0FB8DB
:100A90001230100403B0262521500352982E4DB772
:100AA0001030212EEE000230607F252E7900606F1D
:100AB0000090052F0030212EEA001550212E64F5FC
:100AC0001552232E60F50232506F0090022F033032
:100AD000272E7800072E60F51A090091A32F190917
:100AE0000091A02F906FA26FB16FC36FD46FE56FAD
:100AF0007B6FF66F876F405FC82EC050E77FF67F31
:100B000026300F2E61F52F2E7C000F2E7C00BE09A3
:100B1000A27F807F80B3D57FC47FB37F917F7B7FAF
:100B20000B2F23501A251240427F74821240527FAD
:100B3000002E0040607F982E6AD68130012E7C0006
:100B4000010800B2422F032E8900012E890097BCB4
:100B500006BC9FB80FB80090232ED800103001308B
:100B60002A2F032ED40044B2052F47B200302D2F78
:100B7000212E7C002B2D032EFDF59EBC9FB84090AE
:100B8000142F032EFCF599BC9FB840900E2F032E16
:100B900049F125544A084090082F982E35B700B2E5
:100BA0001030032F5030212ED400102D982EAFB7C7
:100BB0000030212E7C000A2D052E69F72DBD2FB99E
:100BC00080B2012F212E7D00232E7C00E031212ECA
:100BD00061F5F66FE76F806FA26FB36FC46FD56F6B
:100BE0007B6F916F405FC82E60510A253688F47F75
:100BF000EB7F0032315232301330982E15CB0A255C
:100C00003384D27F433005502D52982E95C1D26F38
:100C10002752982ED7C72A25B086C07FD37FAF84AE
:100C20002950F16F982E4DC82A25AE8AAA88F26EF7
:100C30002B50C16FD36FF47F982EB6C8E06E00B210
:100C4000322F33548386F16FC37F04303030F47F0A
:100C5000D07FB27FE330C56F56404541280803146A
:100C60000EB408BC8240100A2F542605917F4428F8
:100C7000A37F982ED9C008B933305309C16FD36F01
:100C8000F46F831747406C15B26FBE09750B904225
:100C90004542510E32BC0289A16F7E86F47FD07F1F
:100CA000B27F0430916FD62FEB6FA05EB82E032E6B
:100CB00097001BBC60509FBC0CB8F07F40B2EB7F2C
:100CC0002B2F032E7F004140012EC800011A112F47
:100CD0003758232EC8001041A07F38810141D07FB2
:100CE000B17F982E64CFD06F0780A16F1142002E84
:100CF000B16F01421130012EFC0000A80330CB225D
:100D00004A25012E7F003C8935520554982EC4CEC9
:100D1000C16FF06F982E95CF042D0130F06F982E93
:100D200095CFEB6FA05FB82E032EB3000232F030E8
:100D3000033130508A080808CB08E07F80B2F37F87
:100D4000DB7F252F032ECA004190042F0130232E74
:100D5000CA00982E3F03C0B2052F032EDA000030E0
:100D60004104232EDA00982E92B21025F06F00B2C3
:100D7000052F012EDA0002301004212EDA0040B2D5
:100D8000012F232EC801DB6FE06FD05F802E95CF3F
:100D90000130E06F982E95CF1130232ECA00DB6F03
:100DA000D05FB82ED0500A2533845550D27FE27FD1
:100DB000038CC07FBB7F0030055A39545141A57F59
:100DC000967F807F982ED9C00530F57F2025916FC2
:100DD0003B583D5C3B56982E67CCC16FD56F524057
:100DE0005043C17FD57F1025982EFEC91025982E1F
:100DF00074C0866F3028926F828CA56F6F52690E17
:100E00003954DB2F19A01530032F0030212E81011A
:100E10000A2D012E810105284236212E8101020E64
:100E2000012F982EF303575012300140982EFEC91F
:100E3000516F0B5C8E0E3B6F57580230212E95017F
:100E4000456F2A8DD27FCB7F132F02303F50D27F48
:100E5000A80E0E2FC06F535402005154420E103092
:100E600059520230012F002E032D504242421230BF
:100E7000D27F80B2032F0030212E8001122D012E4F
:100E8000C9000280052E8001113091280040252ED6
:100E90008001100E052F012E7F010190012F982E49
:100EA000F303002EA0410190A67F902EE3B4012E03
:100EB000950100A8902EE3B45B549580824080B2E7
:100EC00002402D8C3F52967F902EC2B3290E762F72
:100ED000012EC900004081284552B330982E0FCA18
:100EE0005D54807F002EA140727F82808240607FAF
:100EF000982EFEC91025982E74C0626F0530874069
:100F0000C0910430052F052E830180B21430002FCC
:100F10000430052EC900736F8140E2406904110F4F
:100F2000E1401630FE29CB40022F836F830F222F22
:100F30004756130F1230772F4954420E1230732F39
:100F400000910A2F012E8B0119A802306C2F6350DB
:100F5000002E17420542682C12300B25080F503026
:100F6000022F212E8301032D4030212E83012B2EB1
:100F700085015A2C123000912B25042F635002302A
:100F80001742172C0242982EFEC91025982E74C0C5
:100F9000052EC90081845B308240372E8301020E0A
:100FA000072F5F52403062404140910E012F212EA9
:100FB000830105302B2E85011230362C1630152575
:100FC000817F982EFEC91025982E74C019A2163064
:100FD000152F052E9701806F820E052F012E860199
:100FE0000628212E86010B2D032E87015F544E28E3
:100FF0009142002E8240900E012F212E8801023056
:10100000132C0530C06F081CA80F163005305B503C
:10101000092F02802D2E820105420580002E0242FA
:101020003E80002E06420230906F3E88014004410F
:101030004C280142078010252440004000A8F522DA
:10104000232944427A827E884340044100ABF52341
:10105000DF284342D9A0142F0090022FD26F81B213
:10106000052F6354062890428542092C02305B50BC
:101070000380292E7E012B2E8201054212302B2E59
:1010800083014582002E40407A8202A0082F6350DF
:101090003B30154205423780372E7E010542123023
:1010A000012EC900028C404084417A8C040F032F2A
:1010B000012E8B0119A4042F2B2E8201982EF303ED
:1010C000123081906152082F654265424380398415
:1010D00082880542454285420543002E80410090AA
:1010E000902EE1B46554C16F804000B243586950FE
:1010F000442F555CB7878C0F0D2E9601C440362FB8
:1011000041568B0E2A2F0B52A10E0A2F052E8F014E
:101110001425982EFEC94B54020F695005306554B2
:10112000152F032E8E014D5C8E0F3A2F052E8F0149
:10113000982EFEC94F54820F053069506554302FE8
:101140006D521530428C454204302B2C84436B5237
:10115000428C002E85431530242C45428E0F202FC3
:101160000D2E8E01B10E1C2F232E8E011A2D0E0E68
:10117000172FA10F152F232E8D01132D982E74C01C
:101180004354C20E0A2F655004800B3006820B4276
:10119000798041401230252E8C0101420530695082
:1011A000655484824384BE8C8440864126299442BF
:1011B000BE8ED57F19A143400B2E8C018440C741C0
:1011C0005D29272945428442C27F012FC0B31D2FCC
:1011D000052E940199A0012F80B3132F80B3182FEF
:1011E000C0B3162F12400140927F982E74C0926FA8
:1011F000100F2030032F1030212E7E010A2D212EBA
:101200007E01072D2030212E7E01032D1030212E4E
:101210007E01C26F012EC900BC8402808240004062
:10122000900ED56F022F1530982EF30341910530A3
:10123000072F67503D802B2E8F0105420480002E22
:101240000542022C00300030A26F988A864080A7A9
:10125000052F982EF303C030212E950106251A255F
:10126000E26F768296405643510EFB2FBB6F305F84
:10127000B82E012EB8000131410840B22050F230A2
:101280000208FB7F0130102F052ECC008190E07FFB
:10129000032F232ECC00982E55B6982E1DB5102561
:1012A000FB6FE06FE05F802E95CF982E95CF1030CA
:1012B000212ECC00FB6FE05FB82E00510558EB7F6C
:1012C0002A2589526F5A895013410640B3011642AC
:1012D000CB160640F3021342650EF52F054014307D
:1012E0002C29044208A10030902E52B6B388B08A4F
:1012F000B684A47FC47FB57FD57F927F73300430DE
:10130000554042408A17F3086B01900253B84B8254
:10131000ADBE717F450A0954847F982ED9C0A36F52
:101320007B54D042A37FF27F607F2025716F755A76
:101330007758795C7556982E67CCB16F626F5042C2
:10134000B17FB3301025982E0FCA846F2029716F9A
:10135000926FA56F76826A0E73300030D02FD26FF5
:10136000D17FB47F982E2BB715BD0BB8020AC26F80
:10137000C07F982E2BB715BD0BB8420AC06F081757
:1013800041188916E118D018A17F27251625982E17
:1013900079C08B54907FB330824080900D2F7D5266
:1013A000926F982E0FCAB26F900E062F8B5014308A
:1013B000426F516F144212420142002E316F982E3B
:1013C00074C0416F807F982E74C0826F10044352A6
:1013D000010F052ECB0000300430212F516F4358F0
:1013E0008C0E04301C2F8588416F04418C0F043013
:1013F000162F8488002E044104058C0E04300F2F14
:101400008288316F044104058C0E0430082F8388D4
:10141000002E04418C0F0430022F212EAD01143018
:101420000091142F032EA10141900E2F032EAD0128
:1014300014304C28232EAD0146A0062F81848D52F6
:1014400048828240212EA10142425C2C0230052EAE
:10145000AA0180B20230552F032EA901926FB3303A
:10146000982E0FCAB26F900F003002304A2FA26F31
:10147000875291008552510E022F002E432C0230CC
:10148000C26F7F52910E02303C2F516F8154982EC3
:10149000FEC91025B3302125982E0FCA326FC07FA8
:1014A000B3301225982E0FCA426FB07FB330122589
:1014B000982E0FCAB26F90288352982EFEC9C26F21
:1014C000900F003002301D2F052EA10180B2123086
:1014D0000F2F426F032EAB01910E0230122F526F6D
:1014E000032EAC01910F02300C2F212EAA010A2CE1
:1014F0001230032ECB008D58088941401143004320
:10150000252EA101D46F8F5200433A89002E10433B
:101510001043610EFB2F032EA001111A022F02258A
:10152000212EA001EB6F005FB82E915210300230D7
:10153000955652424B0EFC2F8D5488829356804212
:101540005342404242868354C02EC242002EA352D0
:101550000051524047401A25012E97008FBE7286D7
:10156000FB7F0B307CBFA5501008DFBA7088F8BF36
:10157000CB42D37F6CBBFCBBC50A907F1B7F0B4368
:10158000C0B2E57FB77FA67FC47F902E1CB7072E21
:10159000D200C0B20B2F9752012ECD00827F982E21
:1015A000BBCC0B30372ED200826F906F1A2500B261
:1015B0008B7F142FA6BD25BDB6B92FB980B2D4B08C
:1015C0000C2F99549B560B300B2EB100A1589B4207
:1015D000DB426C092B2EB1008B42CB42867F738499
:1015E000A756C30839520550727F637F982EC2C038
:1015F000E16F626FD10A012ECD00D56FC46F726F9B
:1016000097529D5C982E06CD236F906F9952C0B271
:1016100004BD5440AFB94540E17F0230062FC0B24F
:101620000230032F9B5C12309443854303BF6FBB92
:1016300080B3202F066F2601166F6E034542C090BF
:10164000292ECE009B52142F9B5C002E9341864185
:10165000E304AE0780AB042F80910A2F866F730FCF
:10166000072F836FC0B2042F544245421230042C1E
:101670001130022C1130113002BC0FB8D27F00B2F1
:101680000A2F012EFC00052EC701101A022F212E51
:10169000C701032D022C01300130B06F982E95CF79
:1016A000D16FA06F982E95CFE26F9F52012ECE0082
:1016B000824050420C2C42421130232ED200013085
:1016C000B06F982E95CFA06F0130982E95CF002E39
:1016D000FB6F005FB82E83860130003094402418E1
:1016E0000600530E4F02F92FB82EA952002E60406B
:1016F00041400DBC98BCC02E010A0FB8AB52533C00
:10170000524040404B00821626B901B841401008B3
:1017100097B80108C02E11300108438625400440C7
:10172000D8BE2C0B2211544203804B0EF62FB82E3C
:101730009F501050AD52052ED300FB7F002E13405A
:101740009342410EFB2F982EA5B7982E87CF012EDE
:10175000D90000B2FB6F0B2F012E69F7B13F0108D2
:101760000130F05F232ED900212E69F7802E7AB741
:10177000F05FB82E012EC0F8032EFCF51554AF56BD
:1017800082080B2E69F7CB0AB1588090DDBE4C0859
:101790005FB959228090072F0334C308F23A0A0830
:1017A0000235C0904A0A4822C02E232EFCF5105064
:1017B000FB7F982E56C7982E49C31030FB6FF05F01
:1017C000212ECC00212ECA00B82E032ED30016B82D
:1017D00002344A0C212E2DF5C02E232ED30003BC3B
:1017E000212ED500032ED50040B21030212E7700D7
:1017F0000130052F052ED8008090012F232E6FF584
:10180000C02E212ED90011308108012E6AF7713FB8
:1018100023BD0108020AC02E212E6AF730250030B0
:10182000212E5AF51050212E7B00212E7C00FB7FAB
:10183000982EC3B74030212ED400FB6FF05F0325F4
:10184000802EAFB7802E00C1802E00C1802E00C137
:10185000802E00C1802E00C1802E00C1802E00C1CC
:10186000802E00C1802E00C1802E00C1802E00C1BC
:10187000802E00C1802E00C1802E00C1802E00C1AC
:10188000012E5DF708BC80AC0EBB022F0030410476
:101890008206C0A40030112F40A9032F40910D2FC4
:1018A00000A70B2F80B3B358022F90A1261320233B
:1018B00080901030012FCC0E002F0030B82EB55084
:1018C000180808BC88B60D17C6BD56BCB758DABA9A
:1018D00004011D0A1050053032254503FB7FF63008
:1018E0002125982E37CA16B59ABC06B880A8410A99
:1018F0000E2F8090022F2D50480F092FBFA0042FCC
:10190000BF90062FB754CA0F032F002E022CB752D8
:101910002D52F233982ED9C0FB6FF137C02E01083B
:10192000F05FBF56B954D040C4400B2EFDF3BF52F8
:101930009042944295420530C1500F8806400441C0
:101940009642C54248BE73300D2ED8004FBA84422D
:10195000034281B3022F2B2E6FF5062D052E77F74C
:10196000BD569308252E77F7BB54252EC2F5072EBA
:10197000FDF34230B433DA0A4C00272EFDF3434026
:10198000D43FDC084342002E002E43402430DC0AC2
:1019900043420480032EFDF34A0A232EFDF36134F3
:1019A000C02E0142002E60501A257A86E07FF37F18
:1019B0000325C3524184DB7F3330982E16C21A258B
:1019C0007D82F06FE26F32251640944026018540FB
:1019D0008E17C4426E039542410EF42FDB6FA05F59
:1019E000B82EB051FB7F982EE80D5A25982E0F0E79
:1019F000CB583287C47F65896B8DC55A657FE17F7F
:101A0000837FA67F747FD07FB67F947F1730C752C5
:101A1000C954517F002E856F427F002E5141458170
:101A2000424113403B8A00404B04D006C0AC857F46
:101A3000022F02305104D306418405305D02C916DD
:101A4000DF08D3008D02AFBCB1B9590A656F1143ED
:101A5000A1B4524153410143347F657F2631E56F84
:101A6000D46F982E37CA326F756F83404241237FFF
:101A7000127FF63040255125982E37CA146F200565
:101A8000706F256F6907A26F316F0B3004429B4264
:101A90008B425542327F40A9C36F717F0230D040E4
:101AA000C37F032F4091152F00A7132F00A4112FE0
:101AB00084BD982E79CA556FB75454418200F33FC4
:101AC0004541CB02F630982E37CA356FA46F41439B
:101AD000032C0043A46F356F1730426F516F934052
:101AE00042820041C3000343517F002E9440414194
:101AF0004C02C46FD156630E746F5143A57F8A2F79
:101B0000092ED80001B3212FCB58906F1341B66F27
:101B1000E47F002E9141144092411540172E6FF53D
:101B2000B67FD07FCB7F982E000C0715C26F140BA9
:101B3000292E6FF5C3A3C18FE46FD06FE62F143049
:101B4000052E6FF5140B292E6FF5182DCD56043286
:101B5000B56F1C0151415241C340B57FE47F982EBF
:101B60001F0CE46F218700430432CF545A0EEF2F2D
:101B70001554092E77F7220B292E77F7FB6F505E4D
:101B8000B82E1050012ED40000B2FB7F512F01B2AD
:101B9000482F02B2422F0390562FD75279804240ED
:101BA000818400404242982E930CD954D750A140D2
:101BB00098BD82403E82DA0A44408B16E3005342CD
:101BC000002E43409A025242002E414015544A0EC4
:101BD0003A2F3A8200304140212E850F40B20A2F21
:101BE000982EB10C982E450E982E5B0EFB6FF05F71
:101BF0000030802ECEB7DD52D35442424F84733032
:101C0000DB5283421B306B422330272ED700372E06
:101C1000D400212ED6007A84172C42423030212E57
:101C2000D400122D21300030232ED400212E7BF73A
:101C30000B2D1730982E510CD5500C8272302F2E50
:101C4000D400252E7BF74042002EFB6FF05FB82EAC
:101C500070500A253986FB7FE1326230982EC2C46B
:101C6000B556A56FAB08916F4B08DF56C46F2309BB
:101C70004DBA93BC8C0BD16F0B09CB52E15E56422F
:101C8000AF094DBA23BD940AE56F68BBEB08BDB937
:101C900063BEFB6F5242E30AC02E4342905FD150B5
:101CA000032E25F3134000409BBC9BB408BDB8B97C
:101CB00098BCDA0A08B68916C02E190062021050C4
:101CC000FB7F982E810D012ED40031300804FB6F6C
:101CD0000130F05F232ED600212ED700B82E012E22
:101CE000D700032ED600480E012F802E1F0EB82ECF
:101CF000E350213401428230C132252E62F50100C9
:101D0000223001404A0A0142B82EE354F03B83409E
:101D1000D808E5528342003083305042C432272E27
:101D200064F5940050424042D33F84407D82E308F2
:101D300040428342B82EDD52003040427C86B95288
:101D4000092E700FBF54C442D3865440554094426C
:101D50008542212ED7004240252EFDF3C0427E82CF
:101D6000052E7D0080B2142F052E890027BD2FB9C6
:101D70008090022F212E6FF50C2D072E710F14303D
:101D80001C09052E77F7BD5647BE9308940A252EE9
:101D900077F7E75450424A0EFC2FB82E50500230CD
:101DA0004386E550FB7FE37FD27FC07FB17F002E6B
:101DB000414000404804982E74C01EAAD36F1430CE
:101DC000B16FE322C06F5240E46F4C0E1242D37FDA
:101DD000EB2F032E860F40901130032F232E860FFA
:101DE000022C0030D06FFB6FB05FB82E4050F17FF7
:101DF0000A253C86EB7F41332230982EC2C4D36F34
:101E0000F430DC094758C26F9409EB586ABBDC0810
:101E1000B4B9B1BDE95A950821BDF6BF770B51BEE3
:101E2000F16FEB6F52425442C02E4342C05F50509C
:101E3000F55031301142FB7F7B300B421130028074
:101E4000233301420300072E8003052ED3002352C3
:101E5000E27FD37FC07F982EB60ED16F080A1A2575
:101E60007B86D07F01331230982EC2C4D16F080A0E
:101E700000B20D2FE36F012E80035130C786232E51
:101E800021F208BCC042982EA5B7002E002ED02EFD
:101E9000B06F0BB8032E1B00081AB07F7030042FF0
:101EA000212E21F2002E002ED02E982E6DC0982EBD
:101EB0005DC0ED50982E44CBEF50982E46C3F150A4
:101EC000982E53C73550982E64CF1030982EDC03CF
:101ED0002026C06F02311242AB330B4237800130F3
:101EE0000142F337F752FB504440A20A42428B3181
:101EF000092E5EF7F954E30883421B4223334B005B
:101F0000BC840B40333083420B42E07FD17F982E5C
:101F100058B7D16F803040420330E06FF354043043
:101F2000002E002E0189620EFA2F43421130FB6F02
:101F3000C02E0142B05FC14A00006D570000778E8D
:101F40000000E0FFFFFFD3FFFFFFE5FFFFFFEEE133
:101F5000FFFF7C13000046E6FFFF000000000000CA
:101F60000000000000000000000000000000000071
:101F70000000000000000000000000000000000061
:101F80000000000000000000000000000000000051
:101F900000000000802E00C1802E00C1802E00C1F4
:101FA000802E00C1802E00C1802E00C1802E00C175
:101FB000802E00C1802E00C1802E00C1802E00C165
:101FC000802E00C1802E00C1802E00C1802E00C155
:101FD000802E00C1802E00C1802E00C1802E00C145
:101FE000802E00C1802E00C1802E00C1802E00C135
:101FF000802E00C1802E00C1802E00C1802E00C125
:10200000802E00C1802E00C1802E00C1802E00C114
:10201000802E00C1802E00C1802E00C1802E00C104
:10202000802E00C1802E00C1802E00C1802E00C1F4
:10203000802E00C1802E00C1802E00C1802E00C1E4
:10204000802E00C1802E00C1802E00C1802E00C1D4
:10205000802E00C1802E00C1802E00C1802E00C1C4
:10206000802E00C1802E00C1802E00C1802E00C1B4
:10207000802E00C1802E00C1802E00C1802E00C1A4
:1020800040F0200070472DE9F14FB0B09246049126
:102090000DF142013A9A2B9199464A7000200AE0CC
:1020A0001AF8011B0498309A90470028049000F019
:1020B00034860D98401C0D909AF8000050B12528E8
:1020C000EED1002100220791089209910A920B910A
:1020D0000C9204E00D9800F022BE41F001011AF8C4
:1020E000010F2028F9D023280CD02B2804D02D282C
:1020F00005D0302809D00BE041F00201EFE741F0B4
:102100000401ECE741F00801E9E741F01001E6E7DE
:102110002A280FD1D9F8002052F8040BC9F8002062
:1021200000280F9003D540420F9041F004010AF1BE
:10213000010A14E00F92DFF8EC3B0AE00F98984296
:1021400005DA00EB800402EB4402303A0F920AF108
:10215000010A9AF80020A2F130000A28EED39AF87A
:1021600000002E2803D04FF0FF320E9229E01AF81B
:10217000010F2A2809D1D9F8000050F8042BC9F81A
:1021800000000E920AF1010A1BE02D280CBF0AF193
:10219000010A002000220E92DFF8884B0BE040B9C4
:1021A0000E9AA24205DA02EB820503EB4503303BAF
:1021B0000E930AF1010A9AF80030A3F130020A2ABC
:1021C000EDD3ADF840100FF660309AF8001000F033
:1021D000EDFE08B11AF8010B8DF842009DF842009F
:1021E000682805D19AF8000068280CD1622106E021
:1021F0006C2804BF9AF800006C2804D171218DF876
:1022000042100AF1010A12A806901AF801BBBBF1AC
:1022100025012CD01C3900F09481091F022940F2BD
:102220009081133900F0AB84093900F08A81891E4E
:1022300000F04085491E00F0ED84491E022940F25D
:102240008081091F00F0E684491F00F0EF80491EDD
:1022500000F09584491E00F0D780C91E0CD0891E5D
:1022600000F08D84C91E00F08A8400F02EBD012389
:102270000793252100F026BDD9F8000050F8044B43
:10228000C9F80000002C059440F0AB802B994878E9
:10229000002800F0A1804FF0FF340FF6942000F0EA
:1022A0009FFE241A40F0398500F01BBD01236A46C9
:1022B00002A9304600F000FE002840F02E85641E82
:1022C000F4D13096079C12AF74B1309E17F8011B01
:1022D0000498B0470028049000F01F850D98401C1A
:1022E000641E0D90F2D130960A9C3021002C8DF89E
:1022F00000100CDD309E01236A4602A9304600F032
:10230000DBFD002840F00985641EF4D13096059F5E
:10231000089C74B1309E17F8011B0498B047002840
:10232000049000F0FA840D98401C641E0D90F2D1C8
:1023300030960B9C3021002C8DF800100CDD309E67
:1023400001236A4602A9304600F0B6FD002840F09D
:10235000E484641EF4D1309605980899099C4718C6
:1023600074B1309E17F8011B0498B0470028049000
:1023700000F0D3840D98401C641E0D90F2D130966D
:102380000C9C3021002C8DF800100CDD309E0123B8
:102390006A4602A9304600F08FFD002840F0BD8457
:1023A000641EF4D130969DF8400041077FF584AE5D
:1023B0002020002D8DF800007FF77EAE309C012399
:1023C0006A4602A9204600F077FD002840F0A58467
:1023D0006D1EF4D130946FE60FF63C30059000F09E
:1023E00080BC0E9D002D04D5204600F019FE044649
:1023F00007E02A46204600F033FE002814BF041BE5
:102400002C46089400F06DBCD9F8001051F8040B6C
:10241000C9F8001020F00004002121F0FF35CDE9BB
:10242000024512AB0593782100F040BC2B99487807
:1024300020B14FF0FF340FF6B02030E79DF8420096
:10244000622860D0682817D06A283FD06C2806D050
:10245000712847D074282CD07A281DD062E0D9F892
:10246000001051F8040BC9F80010002866D14FF095
:10247000FF340FF68C2012E7D9F8001051F8040B46
:10248000C9F8001020B94FF0FF340FF6742006E7AA
:102490000D99018000F025BCD9F8001051F8040B0B
:1024A000C9F80010002849D14FF0FF340FF6502032
:1024B000F5E6D9F8001051F8040BC9F8001000280F
:1024C0003CD14FF0FF340FF63820E8E6D9F8001081
:1024D00051F8040BC9F8001080B94FF0FF340FF623
:1024E0002020DCE6D9F8001051F8040BC9F80010E0
:1024F00020B94FF0FF340FF60820D0E60D9AD3171D
:10250000C0E90023EDE3D9F8001051F8040BC9F835
:10251000001020B94FF0FF340FF6E410BFE60D991C
:102520000170DEE3D9F8001051F8040BC9F800106F
:1025300020B94FF0FF340FF6C810B0E60D990160D6
:10254000CFE39DF842004C2807BFD9F80010CA1D00
:10255000D9F80000C21D22F00702C9F80020D2E914
:1025600000010832C9F80020CDE90201C80F02D0ED
:1025700007982D210AE0BDF84000810702D5079891
:102580002B2103E0C00705D50798202112AA11547A
:10259000401C079012A807994BF0200300EB010C98
:1025A000DDE90201CDE92C01612BCDF814C021AC8D
:1025B0000BD00E98002848BF062105D404BF4BF06D
:1025C0002000672801D101210E91DDE902014F00B1
:1025D00047EAD0777E15FF174FF0FF32974208BFCA
:1025E000964210D1090341EA10510003002908BFA7
:1025F000002808D0ABF1610503211A2D089118D3EA
:102600000FF61C1110E0DDE902014A00521512F12B
:10261000010F11D108030FD1ABF1610503211A2D70
:1026200008911FD30FF600110322604600F044FD0D
:1026300057E30FF6E801F7E7DDE902016A4600F02B
:102640009BFDCDE902014BF02000612811D10598D6
:1026500030210170821C0592BBF1610F0CBF782103
:10266000582102E00FF6BC01DEE741700798801C9C
:102670000790DDE9020120F0000231F0004308BFBD
:10268000002A02D10026002542E14BF02008B8F1D3
:10269000610F40F092800E98002847BF21210191E0
:1026A000401C0190019FDDE92C017F1C00220023CA
:1026B000DDE9024500F098FD38BF85F0004500993E
:1026C0008DF88420091F002F00910DF1850632DD61
:1026D000204629460022002300F0A0FD2BD21C2218
:1026E00000F0B6FD04460D4600F034FEFF1F002F3B
:1026F000804609DD00F035FE02460B46204629469D
:1027000000F036FE04460D46F01D0721B8F1000F1B
:102710000CDD491E5EBF08F00F0200F8012D4FEAE4
:102720002818F3D502E0002200F8012D491EFAD541
:10273000C61D002FCCDC0DF18500361A01980DF175
:1027400085048642D8BF304600282FD4B04206DA2E
:102750000DF185010A5C082AA8BF0F2100DA0021CB
:10276000024621AB134400E0401E13F80159521EEB
:102770008D42F9D00F2904D10DF185018B5C5B1CD2
:102780008B54002A04D50099091D21AC401C0091EE
:10279000411E0BD4621813783033DDB23A2DA4BF3A
:1027A0005B443A3B491E02F80139F4D50E990029E1
:1027B00040F1AC80421E0E92A8E00099DFF8E826B6
:1027C00047F29750414391FBF2F20092DDE92C452C
:1027D000C2F10702002A25F0004504DD2046294603
:1027E00000F03EFB0BE052420020DFF8C01600F084
:1027F00037FB02460B462046294600F0C2FD044640
:102800000D46B8F1660F06BF009F0A3706270E98DF
:102810003F18142FC8BF142730208DF884000DF105
:102820008506002F34DD2046294600F0B3FD014621
:102830000A4606F1080304200A26B2FBF6F606EB68
:10284000860EA2EB4E02303203F8012C0A22B6FBB0
:10285000F2F202EB820EA6EB4E063036401E03F873
:10286000026DE9D1083F002F03F10806D9DD0846C3
:1028700000F097FD02460B462046294600F078FD01
:102880000022DFF82C3600F093FD04460D46CAE71F
:102890000DF18500361A0DF1850404E00098401E04
:1028A000761E0090641C20783028F7D0B8F1660FAF
:1028B00002D10098401C04E0B8F1650F0CBF012064
:1028C00000200E9940188642B8BF701E00281DD403
:1028D000B04204DA215C3429C8BF392100DC302140
:1028E0000246631E9D1800E0401E15F80169521E45
:1028F0008E42F9D0392902D1A15C491CA154002A89
:1029000004D50099491C1C46401C00910646009DB8
:102910000E9F30B2002802DC01260FF210644BF04B
:102920002000662808BF6D1C15D067280FFA85F8AF
:1029300041D118F1040F44DBB84542DA9DF840005C
:102940006D1C010703D430B2B842D8BF074628B285
:102950003F1A48BF00270FFA85F8B8F1000F00F3BF
:10296000AF800898411C0891302205990A54002F25
:1029700003DC9DF84000010705D50898411C08912B
:102980002E2205990A5417EB080FB8BF7D422DB2CD
:102990006842ED1932B20B909542B8BF2E46059BA6
:1029A000089836B2099632462146184400F084FB56
:1029B000AD1B0C95CCE0BBF1610F15D14FF0700B46
:1029C00017E030B2B84204DA9DF840100A0758BF49
:1029D00007467F1E48BF0027BBF1670F14BF4FF0AB
:1029E000450B4FF0650B04E0BBF1410F08BF4FF002
:1029F000500B0898411C0891002F059914F8012BE1
:102A00000A5403DC9DF84000010719D50898411CC1
:102A100008912E2205990A54002F11DD761E30B23E
:102A20008742B8BF3E460598089B32B221461844FB
:102A300000F042FB089836B23018BF1B08900B9785
:102A4000059808990844B8F1000F80F800B003D445
:102A50002B224270821C04E02D2145464170821CCD
:102A60006D4200212CAB28460AE004460A2094FB64
:102A7000F0F000EB8005A4EB450403F8014B491C82
:102A800000B20028F1DC012906DC4BF020006528AB
:102A900004BF302002F8010B00292CAB08D13020F4
:102AA00002F8010B06E0491E585C303002F8010BB9
:102AB0000029F8DC059908980844121A099247E0A1
:102AC00030B229B288421BDA0598089B32B22146FF
:102AD000184400F0F1FA089936B271180891A8EB81
:102AE0000600002F0B9003DC9DF84000020705D57F
:102AF000059A2E2050540999491C09910C9727E0FA
:102B00000598089B2AB22146184400F0D5FA089887
:102B1000761B4044002F089003DC9DF840100A0704
:102B200004D5411C08912E2205990A5430B28742DF
:102B3000B8BF3E460598089B32B204EB0801184422
:102B400000F0BAFA089836B23018BE1B08900B96FF
:102B50009DF8400000F01400102840F0C280079A51
:102B600008980B99821809988A1882180C980F995E
:102B70008018884280F2B580081A0A90B1E09DF86A
:102B80004200622808D068280ED06A2814D06C2829
:102B90001FD0712810D01CE0D9F8001051F8040B98
:102BA000C9F80010C0B21AE0D9F8001051F8040BAF
:102BB000C9F8001080B212E0D9F80000C21D22F05E
:102BC0000702C9F80020D2E900010832C9F8002044
:102BD00006E0D9F8001051F8040BC9F800100021E4
:102BE000CDE902019DF8400001075AD5DDE9022335
:102BF000002B08BF002A54D04BF02000782850D179
:102C0000079812A930220A54401C431C079301F86C
:102C100000B046E09DF84200622808D068280ED037
:102C20006A2814D06C281FD0712810D01CE0D9F865
:102C3000001051F8040BC9F8001040B21AE0D9F89E
:102C4000001051F8040BC9F8001000B212E0D9F8D6
:102C50000000C21D22F00702C9F80020D2E90001DD
:102C60000832C9F8002006E0D9F8001051F8040B2A
:102C7000C9F80010C117CDE90201002902D5079853
:102C80002D210AE0BDF84000810702D507982B21CD
:102C900003E0C00705D50798202112AA1154401C53
:102CA000079012A8079901440591594602A800F01F
:102CB0004DF816E001200790D9F8000050F8041BE9
:102CC000C9F800008DF848100BE001212522BBF166
:102CD000000F07918DF8482003D0022207928DF84B
:102CE00049B00F9D07990A986D1A08992D1A0B98EB
:102CF0006D1A09992D1A0C986D1A9DF840102D1A0D
:102D000048073FF5DFAA2021002D8DF800107FF73E
:102D1000D9AA309E2C46FFF7C9BA4FF0FF3031B028
:102D2000BDE8F08FCBCCCC0C686A6C747A4C000098
:102D30007072696E74665F733A20626164202573F5
:102D400020617267756D656E740000002DE9FC47A7
:102D500007468A463C6950466F2808BF082505D0BB
:102D6000FFF78EF9782814BF0A251025D7E900014E
:102D70003C2680468946BAF1640F18BFBAF1690F44
:102D800005D1002903D5D8F1000869EB4909B9F14B
:102D9000000F08BFB8F1000F0CD1386B50B9082DE7
:102DA0003AD197F83800010736D530223B2684F80F
:102DB0003B2031E08DF800A0404649462A46EB17FB
:102DC00000F000FB3032D0B2761E3A2801960EDABF
:102DD000A255404649462A46EB1700F0F3FA8046D2
:102DE0005FEA010908BFB8F1000F05D108E09DF8BE
:102DF00000001218513AEBE7F868A1198842DBD3BA
:102E0000082D09D197F83800010705D5A05D3028B5
:102E100002D0761E3020A055C6F13C03BB61A1193B
:102E2000F960386B834208DAC31A3B624FF6EF70E1
:102E3000398F01403987BDE8F38700280ED597F810
:102E4000380000F01400102808D17A6B7969386ACC
:102E5000521A121AD21A002AC8BF3A62BDE8F38782
:102E60002DE9D04306460F4614464FF00008DFF820
:102E7000449012E0E00707D542464B4630463946BB
:102E800000F096FA06460F464046494642464B46F3
:102E900000F08EFA641080468946002CEAD1304654
:102EA0003946BDE8D0830000A08601000000F03F55
:102EB00084D7974100002440F8B505460E461746D2
:102EC0001C4600205CB117F8011BB068A847B06031
:102ED00030B1F06A401CF0620020641EF3D1F2BDF4
:102EE0004FF0FF30F2BD00007072696E74665F7360
:102EF0003A20256E20646973616C6C6F776564009D
:102F00007072696E74663A2062616420256E206179
:102F10007267756D656E7400000000006E616E0072
:102F20004E414E00696E6600494E46003000F0B4D6
:102F30000246106895681318506803EB5004C007E8
:102F400048BF4D44A3422DD013F8016B16F0030087
:102F500004BF13F8010BC01C31090F2907D113F866
:102F6000011B0F3103E013F8017B05F8017B401EC4
:102F7000F9D10029E6D013F8010BC6F38106032E20
:102F800008BF13F8016B00EB0620404228440026DE
:102F9000B71E8F421EBF10F8017B05F8017B761C1F
:102FA000F6D1CFE7F0BC02F10C007047C9B202784D
:102FB0008A421AB11CBF10F8012FF9E718BF002090
:102FC000704703681AB95A1E02600846704719789C
:102FD00011B94FF0FF307047591C016018787047E5
:102FE00080B500B906A005490B681BB1222200215B
:102FF000984701E000F0FEFA222002BD0C130228DF
:10300000636F6E73747261696E742068616E646C54
:1030100065723A20626164206D6573736167650053
:1030200000F10103810704D010F8011B820781B170
:10303000FAD10268A2F10131914311F0803104BF4D
:1030400050F8042FF6E709BAB1FA81F100EBD1008C
:10305000401CC01A70470268531C0360117070470F
:10306000C9B2830706D0521E22D310F8013B994201
:10307000F7D11FE0083A13D302F1040241EA01211B
:1030800041EA014150F8043B121F21BF4B40A3F11C
:10309000013C2CEA030C1CF0803FF3D0C9B2001FA6
:1030A000083210F8013B521E28BF91EA030FF8D8EE
:1030B00018BF0120401E704762B38B0708D0521E14
:1030C00011F8013B00F8013B00F024808B07F6D19A
:1030D000830740F0208000BF103A07D330B4B1E836
:1030E0003810103AA0E83810F9D230BC530724BF8A
:1030F000B1E80810A0E8081044BF51F8043B40F8BC
:10310000043BD20724BF31F8022B20F8022B44BF26
:103110000B7803707047121F17D35B0009D151F869
:10312000043B20F8023B1B0C121F20F8023BF6D296
:103130000BE051F8043B00F8013B1B0A20F8023B6E
:103140001B0C121F00F8013BF3D238BF121D521E98
:1031500024BF11F8013B00F8013BF8D8704700008C
:1031600010B5024651EC100B144600F00BF841EC80
:10317000100B226010BD00BF10B5144600F002F81D
:10318000226010BDC1F30A5343B14A0012F5001F7B
:1031900028D2A3F2FE32A1EB0251704750EA410C53
:1031A00020D001F0004C31EA0C01B1FA81F204BFE9
:1031B000B0FA80F3D2180B3AB2F120032CBF00FA18
:1031C00003F1914041EA0C013EBFC2F1200C20FA0C
:1031D0000CF319439040524240F2FD33D21A01EBF6
:1031E000035170470022704741EA030C50EA4C0C2F
:1031F00052EA0C0C4FF4001C09D307D01CEB410F12
:103200009CBF1CEB430F8B4208BF824270471CEBF4
:10321000430FFBD8994208BF9042704741EA030C24
:1032200050EA4C0C52EA0C0C4FF4001C09D307D0A6
:103230001CEB410F9CBF1CEB430F994208BF90420F
:1032400070471CEB410FFBD88B4208BF824270478E
:1032500000B541EC100B104600F004F851EC100BD7
:1032600000BD00BF020030EE101B40F2FF7C37D4DF
:103270001CEA115313D063456BD09B18634504D2ED
:1032800001EB025120EE101B704701F0004141EAB2
:103290000C51002041EC100BAFF30080704710EE92
:1032A000100B50EA410054D0B2F57F7F08D202EBF8
:1032B0005C010905002041EC110B20EE010B704769
:1032C0004FF0FE41002341EC113B20EE010BB2F523
:1032D0007E7230EE101B4FEA410342EB5353CDE7B1
:1032E00052421CEA115316D0634532D09A4204D29E
:1032F000A1EB025120EE101B70475B1ED21AA1EB0E
:10330000035120EE101B372A0CD3002001F000419E
:1033100041EC100BC0E710EE100B50EA410018D042
:10332000372AF2D2C2EB5C021105002041EC110BEE
:10333000F1EE100A20F01F0121F4F851E1EE101A0D
:1033400020EE010BF1EE101AE1EE100A11F0080F59
:10335000A2D1704741EC100BBDEEC00B10EE100A6D
:10336000704700EE100AB8EEC00B51EC100B70471E
:1033700041EC100B43EC112B30EE410B51EC100BD8
:10338000704741EC100B43EC112B80EE010B51EC1C
:10339000100B704741EC100BBCEEC00B10EE100A86
:1033A000704700EE100AB8EE400B51EC100B70475E
:1033B00041EC100B43EC112B20EE010B51EC100BE8
:1033C00070470000BBBBE1B1B2F5803F80F07E806A
:1033D000022A1ED98C46B1FBF2F102FB11C31B0479
:1033E00043EA1043B3FBF2FC02FB1C3380B240EA19
:1033F0000343B3FBF2F002FB103240EA0C4000231F
:103400007047022A05D98446B0FBF2F002FB10C2D5
:1034100070474AB105D100F0010249085FEA300067
:10342000704700220023704700F0E8B80B0002004C
:10343000002100207047904271EB030CF6D3B3F5E6
:10344000803F2FD2F0B5B3FA83F7B1FA81F4A7F138
:103450000F0E3D1B5340CEF1200602FA0EF2F3414F
:103460005340B5F10F0746D80F3C2C444140C4F1FE
:103470002006A040F1414140B1FBF3F603FB1611D9
:10348000A2FB0645001BA94102D2761E80185941B5
:1034900080EA010221FA0EF362FA0EF200215A408C
:1034A0003046F0BD30B4B1FBF3FC03FB1C11A2FBB2
:1034B0000C45001BA94103D2ACF1010C8018594105
:1034C00030BC02460B46604600217047B2F1807F57
:1034D00065D3F0B5B2FA82F7B1FA81F4C7F10F06FD
:1034E0003D1B22FA06F307F1110EF24120355A4036
:1034F000B5F10F07B8D94140C4F12006A040F14111
:103500004140B1FBF3FC03FB1C11A2FB0C45001B6B
:10351000A94103D2BCF1010C801859410F2F12D3DD
:103520000F3FC90341EA5041B1FBF3F603FB16110B
:10353000A2FB0645D4EBC030A94102D2761E80180A
:10354000594146EACC3C07B34140C7F12006B84098
:10355000F1414140B1FBF3F603FB1611A2FB064516
:10356000001BA94102D2761E8018594180EA01024F
:1035700021FA0EF3C7F1200462FA0EF20CFA07F0FA
:103580005A402CFA04F13043F0BD80EA010221FADE
:103590000EF3002162FA0EF260465A40F0BD8C46EE
:1035A000B1FBF2F102FB11C31B0243EA1063B3FB50
:1035B000F2FC02FB1C331B024CEA002043EA1063BE
:1035C000B3FBF2FC02FB1C331B024CEA002043EA73
:1035D0001063B3FBF2FC02FB1C331B024CEA00201D
:1035E00043EA1063B3FBF2FC02FB1C324CEA0020FE
:1035F00000237047012000F003B80000704700006E
:1036000080B5AFF30080024A11001820ABBEFBE783
:1036100026000200022801D3012010E00B00DBB2DB
:10362000042B01DB01200AE0DFF8283803EB8000DF
:10363000C9B2405C824201D3012000E00020704703
:10364000F8B506000F0015001C00022E01D3012062
:103650001DE02A003900C9B23000FFF7DBFF012866
:1036600001D1012013E03800C0B2002812D1B4F516
:10367000807F0DD2DFF8E0077603304400EB850051
:1036800010F58050016864F30F2101600020F2BD45
:103690000120FCE7FFB2012F11D1B4F5803F0CD21D
:1036A000DFF8B4077603304400EB850010F5A05036
:1036B000016864F317210160E8E70120E7E70120D2
:1036C000E5E700B20012C0B27047F8B505000E0081
:1036D0001700280000B2FFF7F4FF04002000C0B27A
:1036E000022801D3012024E03A003100C9B22000B1
:1036F000C0B2FFF78FFF012801D1012019E0DFF8E8
:1037000058172000C0B2400308442A00D2B200EB90
:103710008200D0F8000CF6B266F3092067F30700C8
:10372000E4B264032144EDB201EB8501C1F8000C61
:103730000020F2BD70B504000D001600022C01D36C
:1037400001201DE032002900C9B22000FFF762FF0E
:10375000012801D1012013E0DFF8FC1660030858AE
:1037600050F0004050F0407050F47F00EDB265F32F
:10377000092066F30700620388506403085900209B
:1037800070BD10B5C0B2002800F0EA80022800F039
:10379000EB80C0F0E780042800F0EA80C0F0E6800B
:1037A000062800F0E980C0F0E580082800F0E880F5
:1037B000C0F0E4800A2800F0E780C0F0E3800C2825
:1037C00000F0E680C0F0E2800E2800F0E580C0F056
:1037D000E180102800F0E480C0F0E080122800F0C2
:1037E000E380C0F0DF80142800F0E280C0F0DE80CB
:1037F000162800F0E180C0F0DD80182800F0E0809D
:10380000C0F0DC801A2800F0DF80C0F0DB801C28CC
:1038100000F0DE80C0F0DA801E2800F0DD80C0F00D
:10382000D980202800F0DC80C0F0D880222800F069
:10383000DB80C0F0D780242800F0DA80C0F0D6808A
:10384000262800F0D980C0F0D580282800F0D88044
:10385000C0F0D4802A2800F0D780C0F0D3802C2874
:1038600000F0D680C0F0D2802E2800F0D580C0F0C5
:10387000D180302800F0D480C0F0D080322800F011
:10388000D380C0F0CF80342800F0D280C0F0CE804A
:10389000362800F0D180C0F0CD80382800F0D080EC
:1038A000C0F0CC803A2800F0CF80C0F0CB803C281C
:1038B00000F0CE80C0F0CA803E2800F0CD80C0F07D
:1038C000C980402800F0CC80C0F0C880422800F0B9
:1038D000CB80C0F0C780442800F0CA80C0F0C6800A
:1038E000462800F0C980C0F0C580482800F0C88094
:1038F000C0F0C4804A2800F0C780C0F0C3804C28C4
:1039000000F0C680C0F0C2804E2800F0C580C0F034
:10391000C180502800F0C480C0F0C080522800F060
:10392000C380C0F0BF80542800F0C280C0F0BE80C9
:10393000562800F0C180C0F0BD80582800F0C0803B
:10394000C0F0BC805A2800F0BF80C0F0BB805C286B
:1039500000F0BE80C0F0BA805D2800F0BB80BBE004
:103960001924BFE03124BDE01824BBE03324B9E0C2
:103970003524B7E01424B5E03724B3E01324B1E0D4
:103980002024AFE01224ADE02124ABE01124A9E013
:103990001024A7E02824A5E02924A3E02A24A1E0FC
:1039A00009249FE02B249DE008249BE02C2499E02F
:1039B000032497E0022495E0392493E03B2491E02E
:1039C0003D248FE001248DE03F248BE0002489E03A
:1039D000402487E0412485E0422483E0432481E0C1
:1039E000BF247FE048247DE049247BE0BC2479E0CB
:1039F000992477E09A2475E0502473E09B2471E0C9
:103A0000B6246FE051246DE09C246BE0B52469E09E
:103A1000522467E0A02465E0B42463E0532461E00D
:103A2000B3245FE054245DE0B2245BE0B12459E0AC
:103A3000AD2457E0602455E0AE2453E0612451E00A
:103A4000AD244FE062244DE063244BE0AB2449E019
:103A5000642447E0AA2445E0652443E0A92441E02A
:103A6000A8243FE069243DE06B243BE06D2439E06D
:103A70006F2437E0A32435E0702433E0A22431E042
:103A800071242FE0A1242DE097242BE0962429E037
:103A9000742427E0952425E0752423E0942421E074
:103AA00093241FE092241DE078241BE0792419E080
:103AB0008C2417E07A2415E08B2413E07B2411E09A
:103AC0008A240FE05A240DE059240BE0892409E0F0
:103AD000582407E0882405E09D22DFF840190020E3
:103AE00000F03CFE2000C0B210BD10B5C0B20028EE
:103AF00000F0EA80022800F0EB80C0F0E7800428A4
:103B000000F0EA80C0F0E680062800F0E980C0F00E
:103B1000E580082800F0E880C0F0E4800A2800F082
:103B2000E780C0F0E3800C2800F0E680C0F0E2807F
:103B30000E2800F0E580C0F0E180102800F0E4805D
:103B4000C0F0E080122800F0E380C0F0DF8014288D
:103B500000F0E280C0F0DE80162800F0E180C0F0C6
:103B6000DD80182800F0E080C0F0DC801A2800F02A
:103B7000DF80C0F0DB801C2800F0DE80C0F0DA803F
:103B80001E2800F0DD80C0F0D980202800F0DC8005
:103B9000C0F0D880222800F0DB80C0F0D780242835
:103BA00000F0DA80C0F0D680262800F0D980C0F07E
:103BB000D580282800F0D880C0F0D4802A2800F0D2
:103BC000D780C0F0D3802C2800F0D680C0F0D280FF
:103BD0002E2800F0D580C0F0D180302800F0D480AD
:103BE000C0F0D080322800F0D380C0F0CF803428DD
:103BF00000F0D280C0F0CE80362800F0D180C0F036
:103C0000CD80382800F0D080C0F0CC803A2800F079
:103C1000CF80C0F0CB803C2800F0CE80C0F0CA80BE
:103C20003E2800F0CD80C0F0C980402800F0CC8054
:103C3000C0F0C880422800F0CB80C0F0C780442884
:103C400000F0CA80C0F0C680462800F0C980C0F0ED
:103C5000C580482800F0C880C0F0C4804A2800F021
:103C6000C780C0F0C3804C2800F0C680C0F0C2807E
:103C70004E2800F0C580C0F0C180502800F0C480FC
:103C8000C0F0C080522800F0C380C0F0BF8054282C
:103C900000F0C280C0F0BE80562800F0C180C0F0A5
:103CA000BD80582800F0C080C0F0BC805A2800F0C9
:103CB000BF80C0F0BB805C2800F0BE80C0F0BA803E
:103CC0005D2800F0BB80BBE00824C0E00824BEE013
:103CD0000824BCE00824BAE00824B8E00824B6E0D0
:103CE0000824B4E00824B2E00824B0E00824AEE0E0
:103CF0000824ACE00824AAE00824A8E00824A6E0F0
:103D00000824A4E00824A2E00824A0E008249EE0FF
:103D100008249CE008249AE0082498E0082496E00F
:103D2000082494E0082492E0082490E008248EE01F
:103D300008248CE008248AE0082488E0082486E02F
:103D4000082484E0082482E0082480E008247EE03F
:103D500008247CE008247AE0082478E0082476E04F
:103D6000082474E0082472E0082470E008246EE05F
:103D700008246CE008246AE0082468E0082466E06F
:103D8000082464E0082462E0082460E008245EE07F
:103D900008245CE008245AE0162458E0082456E081
:103DA000082454E0082452E0082450E008244EE09F
:103DB00008244CE008244AE0082448E0082446E0AF
:103DC000082444E0082442E0082440E008243EE0BF
:103DD00008243CE008243AE0082438E0082436E0CF
:103DE000082434E0082432E0082430E008242EE0DF
:103DF00008242CE008242AE0082428E0082426E0EF
:103E0000082424E0082422E0082420E008241EE0FE
:103E100008241CE008241AE0082418E0082416E00E
:103E2000082414E0082412E0082410E008240EE01E
:103E300008240CE008240AE0082408E0082406E02E
:103E40004FF48672DFF8D415002000F087FC2000C4
:103E5000C0B210BDB8D408100000044080B5C0B294
:103E6000002800F0EA80022800F0EB80C0F0E78034
:103E7000042800F0EA80C0F0E680062800F0E9801F
:103E8000C0F0E580082800F0E880C0F0E4800A284F
:103E900000F0E780C0F0E3800C2800F0E680C0F07E
:103EA000E2800E2800F0E580C0F0E180102800F0EC
:103EB000E480C0F0E080122800F0E380C0F0DF80F2
:103EC000142800F0E280C0F0DE80162800F0E180C7
:103ED000C0F0DD80182800F0E080C0F0DC801A28F7
:103EE00000F0DF80C0F0DB801C2800F0DE80C0F036
:103EF000DA801E2800F0DD80C0F0D980202800F094
:103F0000DC80C0F0D880222800F0DB80C0F0D780B1
:103F1000242800F0DA80C0F0D680262800F0D9806E
:103F2000C0F0D580282800F0D880C0F0D4802A289E
:103F300000F0D780C0F0D3802C2800F0D680C0F0ED
:103F4000D2802E2800F0D580C0F0D180302800F03B
:103F5000D480C0F0D080322800F0D380C0F0CF8071
:103F6000342800F0D280C0F0CE80362800F0D18016
:103F7000C0F0CD80382800F0D080C0F0CC803A2846
:103F800000F0CF80C0F0CB803C2800F0CE80C0F0A5
:103F9000CA803E2800F0CD80C0F0C980402800F0E3
:103FA000CC80C0F0C880422800F0CB80C0F0C78031
:103FB000442800F0CA80C0F0C680462800F0C980BE
:103FC000C0F0C580482800F0C880C0F0C4804A28EE
:103FD00000F0C780C0F0C3804C2800F0C680C0F05D
:103FE000C2804E2800F0C580C0F0C180502800F08B
:103FF000C480C0F0C080522800F0C380C0F0BF80F1
:10400000542800F0C280C0F0BE80562800F0C18065
:10401000C0F0BD80582800F0C080C0F0BC805A2895
:1040200000F0BF80C0F0BB805C2800F0BE80C0F014
:10403000BA805D2800F0BB80BBE00020C0E000201B
:10404000BEE00120BCE00120BAE00220B8E003207D
:10405000B6E00320B4E00420B2E00420B0E0052084
:10406000AEE00520ACE00620AAE00720A8E0092089
:10407000A6E00A20A4E00B20A2E00B20A0E00C2088
:104080009EE00C209CE00D209AE00D2098E00E2090
:1040900096E00F2094E0102092E0112090E0112093
:1040A0008EE012208CE012208AE0132088E0142099
:1040B00086E0152084E0162082E0162080E018209B
:1040C0007EE019207CE019207AE01A2078E01B209D
:1040D00076E01C2074E01C2072E01C2070E01D20A3
:1040E0006EE01D206CE01D206AE01E2068E01E20AE
:1040F00066E01E2064E01F2062E01F2060E02020B8
:104100005EE020205CE021205AE0222058E02420BC
:1041100056E0242054E0252052E0252050E02620BF
:104120004EE027204CE027204AE0282048E02820C5
:1041300046E0292044E0292042E02A2040E02C20CB
:104140003EE02D203CE02E203AE02F2038E02F20CA
:1041500036E0302034E0302032E0312030E03120D1
:104160002EE032202CE033202AE0342028E03420D6
:1041700026E0352024E0352022E0362020E03720DC
:104180001EE038201CE039201AE0392018E03A20DF
:1041900016E03A2014E03B2012E03B2010E03B20E8
:1041A0000EE03C200CE03C200AE03D2008E03D20F1
:1041B00006E040F27B129949002000F0CFFA00207F
:1041C000C0B202BD002007E09549C2018A5822F022
:1041D0000042C301CA50401C3F28F5DB704770B550
:1041E00004000E00002000202000C0B2FFF736FEC1
:1041F0008B4DC0B2C0012844006A80B206FB00F6B5
:104200004FF47A70B6FBF0F62000C0B2FFF726FE3E
:10421000C0012844B6B246612000C0B2FFF71EFEBE
:104220000100C9B2C9012944096C51F00101C0B2B1
:10423000C0012844016470BD2DE9F041AAB004001A
:104240000D001600342100221DAF380000F018FBCD
:104250000020742100226F46380000F011FB0E2070
:104260001E902000C0B2FFF740FC8DF87C002000BB
:10427000C0B2FFF786FA07005FF008082000C0B25E
:10428000FFF77FFA1DAA97FBF8F108FB11773900B9
:10429000644BC0B2C010C001184400F0B0FB200055
:1042A000C0B2FFF7DBFD00220121C0B210F5937010
:1042B00000B2FFF70AFA2000C0B2FFF7CFFDC0B28C
:1042C00010F5937000B2FFF7FCF9092300220121D9
:1042D000C0B2FFF7B5F92000C0B2FFF7BFFDC0B212
:1042E00010F5937000B2FFF7ECF900220121C0B283
:1042F000FFF720FA4C48B0FBF5F1090C4A482A04B4
:10430000B0FBF2F302FB1300002800D0491C022985
:1043100003D200208DF801002FE0032903D20120F1
:104320008DF8010029E0052903D202208DF8010053
:1043300023E0092903D203208DF801001DE0112993
:1043400003D204208DF8010017E0212903D20520B3
:104350008DF8010011E0412903D206208DF80100FB
:104360000BE0812903D207208DF8010005E040F21F
:10437000C9122A49002000F0F1F904208DF800004C
:1043800001208DF8100000208DF8110003208DF819
:10439000120003208DF8130000208DF80800224938
:1043A00001229DF901008240B1FBF2F0B0FBF5F073
:1043B000401E05900598401C06FB00F64FF47A70ED
:1043C000B6FBF0F0089002208DF8400003208DF835
:1043D000680001201B9001208DF828002000C0B249
:1043E000FFF73CFD0E4D6946C0B2C001284400F005
:1043F00045FB2000C0B2FFF731FDC0B2C001284428
:1044000000F03CFC2000C0B2FFF728FDC0B2C001A4
:10441000284400F038FC2AB0BDE8F081E4CD081053
:10442000000058400000314000127A0082B00020A5
:104430000190002000900020019009E00098401CAD
:1044400000900098B0F5005FF8D30198401C0190EF
:104450000198B0F5805F02D200200090F1E702B031
:10446000704780B50100002000F082FE01BD2DE9FB
:10447000F043ADF5137D0700884616001C000020B0
:10448000ADF802000020ADF80000002002900020EE
:10449000ADF804000020ADF806004046FEF7C0FD70
:1044A0000290DFF8A0532888002801D028698047AF
:1044B000DFF894030078002800F033812888002872
:1044C00000F01181BDF90600411CADF806103A005C
:1044D000010089B20020EB68984747464046FEF746
:1044E0009FFD02906888A97990FBF1F0ADF8040077
:1044F0003800471C00780028FAD10020ADF80000F1
:104500000EE07F1E38782F2802D038785C2804D13E
:10451000BDF80000401CADF800000298401E02905B
:10452000BDF80000022802DA02980028E9D50298B6
:10453000002806D47A1CDFF8141353A801F04EF8B3
:104540000EE0BDF80000002805D13A00C04953A88C
:1045500001F044F804E03A00BC4953A801F03EF8E9
:104560000020ADF8020042E0BDF80010BDF80020C8
:10457000BDF8023053AF9BB2BDF90400434313FAB8
:1045800082F0385C43AA89B25054BDF80000401C48
:10459000ADF80000BDF8000080B2BDF904108842FB
:1045A0000EDA53A8FEF73CFDBDF80020BDF802303E
:1045B0009BB2BDF904104B4313FA82F18842D3D267
:1045C000002043A9BDF800208854BDF90600411C15
:1045D000ADF8061043AAE97911FB00F189B2002079
:1045E000EB689847BDF80200401CADF80200BDF82A
:1045F000027053A8FEF714FDBDF90410B0FBF1F0F2
:10460000401CBFB2874203D20020ADF80000C1E7D2
:104610003200904953A800F0E1FFBDF90600411CAB
:10462000ADF8061053AAE97911FB00F189B2002018
:10463000EB689847002C74D00020ADF8020041E0F0
:10464000BDF80010BDF80020BDF802309BB2BDF9E6
:104650000400434313FA82F0205C43AA89B2505409
:10466000BDF80000401CADF80000BDF8000080B2AD
:10467000BDF9041088420EDA2000FEF7D1FCBDF827
:104680000020BDF802309BB2BDF904104B4313FA71
:1046900082F18842D4D2002043A9BDF8002088547A
:1046A000BDF90600411CADF8061043AAE97911FBDB
:1046B00000F189B20020EB689847BDF80200401C69
:1046C000ADF80200BDF802602000FEF7A9FCBDF9BC
:1046D0000410B0FBF1F0401CB6B2864221D200209B
:1046E000ADF80000C1E74FF4807100220DF10C0914
:1046F000484600F0C5F83800A9688847002C07D064
:10470000009433004246544903A800F067FF05E0D7
:1047100033004246514903A800F060FF03A8A9688E
:1047200088470DF5137DBDE8F08310B54648007845
:10473000002809D04B4C2100002000F027FD012269
:104740002100474800F0CFFF10BD10B51400220033
:10475000D2B2002000F0FDFC200010BD38B50C00E6
:104760001500C0B2002803D13F480078002800D1CE
:1047700031BD3E490878002800D0FEE70878401C8B
:10478000087001F015FA00232A0021003848FFF7CD
:104790006EFEFFF74BFEF6E710B514001A00C0B22C
:1047A000002808D128480078002804D00B002100F8
:1047B0003048FFF75CFE10BD002101804FF6FF710D
:1047C00041808180FF218171C171002181600021C0
:1047D000C1600021016170471A4902880A8042883D
:1047E0004A8082888A8082798A71C279CA71826895
:1047F0008A60C268CA6000690861012012490870B5
:10480000704700B585B06846FFF7D6FF1A4802909A
:104810006846FFF7E1FF05B000BD80B5FFF7F1FF87
:10482000002300225FF4E131002000F0D4FD40239A
:10483000124A00210A4801F051F90121002000F03C
:104840004BFD01BD601102283913022888D40810DD
:104850005CD4081094D4081034D30810ECD308109A
:10486000301102283A1302289F0702283B1302281E
:104870006CD40810A0D408106344081088100228D3
:1048800062F30F2262F31F42401810F0030308D0B6
:10489000C91A1FD3DB0748BF00F8012D28BF20F835
:1048A000022D130030B414461546103928BF20E9F4
:1048B0003C00FAD8490728BF20E90C0048BF40F85F
:1048C000042D890028BF20F8022D48BF00F8012DD3
:1048D00030BC7047C91818BF00F8012DCB0728BF9E
:1048E00000F8012D7047000030B4614B1818C00962
:1048F000604C14EB001404290DD223681F25C80056
:104900008540AB43D2B212F01F02C90012FA01F186
:10491000194321600CE0091F63681F25C80085400A
:10492000AB43D2B212F01F02C9008A401A43626040
:1049300030BC7047002A04D1012212FA01F1416013
:1049400003E0012212FA01F18160704710B489007E
:10495000436C0F248C40A34312F00F0212FA01F1B2
:104960001943416410BC704710B4836C01248C401F
:10497000A34312F0010212FA01F11943816410BC41
:10498000704710B4C36C01248C40A34312F00102A1
:1049900012FA01F11943C16410BC704710B4490008
:1049A0001031C36C03248C40A34312F0030212FAAB
:1049B00001F11943C16410BC70474269012212FA27
:1049C00001F141614069704710B4836901248C4052
:1049D000A34312F0010212FA01F11943816110BCE4
:1049E000704710B44900036C03248C40A34312F0B9
:1049F000030212FA01F11943016410BC7047F8B5C3
:104A000005000E0014000027002D2ED0002C2CD005
:104A1000226831002800FFF78DFF227A310028003C
:104A2000FFF762FF626931002800FFF79DFFA2696E
:104A300031002800FFF7A5FFE26931002800FFF7E9
:104A4000ADFF626831002800FFF780FFE2683100A7
:104A50002800FFF7C6FF31002800FFF7AEFF2269EC
:104A600031002800FFF7B0FF00E0034F3800F2BD2F
:104A70000000CFBF0000304001005A000122002892
:104A800000F0EC80002900F0E980754A12680B7A8A
:104A900063F392420B7B13F0030363F311420B7831
:104AA00013F0070363F31A628B7863F39E7291F835
:104AB000283063F3000291F8343063F341020B7F36
:104AC00063F382024B7F63F3C30291F8403063F3D8
:104AD0008A2291F84030DBB25B08DBB263F34922F3
:104AE00091F8703063F3082291F8713013F00303EA
:104AF00063F30D3202600A7A002A02D1002282603A
:104B000007E00A7A012A02D14A69826001E00122A3
:104B100082600A6A02614A6A4261CA6A82610A6BF9
:104B2000C2614A6902628A6942624E4A126891F819
:104B3000443003F0FF03120A12021A4391F84C307A
:104B400003F0FF0363F3174291F85C3003F0FF03B7
:104B500063F31F6291F86C3003F0FF0363F30F22DD
:104B60004264414A126891F8643003F0FF0363F332
:104B70000F2291F8543003F0FF03120A12021A4375
:104B800082643A4A126891F8413013F003039208A4
:104B900092001A4391F8603013F0030363F38B2201
:104BA00091F8483013F0030363F3051291F8503085
:104BB00013F0030363F3092291F8583013F0030351
:104BC00063F3871291F8683013F0030363F38302F1
:104BD000C264274A126891F8723013F00703D208B2
:104BE000D2001A4391F8733013F0070363F30612EF
:104BF000426591F8352082671E4A12680B7C13F0DB
:104C00000303920892001A43CB7C13F0030363F36F
:104C100087124B7C13F0030363F383028B7C13F046
:104C2000030363F305120265134A1268CB8863F32A
:104C30001F428B889BB21B0A9BB263F30F220B7837
:104C4000052B06D1097901F0FF01120A12020A436D
:104C500002E0497861F30702026300221000704706
:104C60003CD5081040D5081044D5081048D5081088
:104C70004CD5081050D5081054D50810016851F0D3
:104C80000041016070474030016851F0100101603F
:104C900070470000022801D3012010E00B00DBB2B6
:104CA000042B01DB01200AE0DFF8EC3803EB800085
:104CB000C9B2405C824201D3012000E0002070476D
:104CC000F8B504000F0015001E00022C01D30120CE
:104CD0002AE02A003900C9B22000FFF7DBFF0128D3
:104CE00001D1012020E006983900C9B202291ED165
:104CF000B6F5803F19D2202817D24FF4C052DFF802
:104D00009C1863030B4403EB850313441F6866F38D
:104D100017271F606403214401EB850111440A68D1
:104D200060F3C7020A600020F2BD0120FCE7FFB279
:104D3000032F1FD1B6F1807F1AD2202818D24FF44A
:104D4000E052DFF8581863030B4403EB8503134468
:104D50001F6807F0FF0757EA06271F606403214416
:104D600001EB850111440A6860F3C7020A60DAE7C3
:104D70000120D9E70120D7E700B20012C0B2704786
:104D8000F8B505000E001700280000B2FFF7F4FF89
:104D900004002000C0B2022801D3012024E03A0020
:104DA0003100C9B22000C0B2FFF774FF012801D161
:104DB000012019E0DFF8E4172000C0B240030844E6
:104DC0002A00D2B200EB8200D0F8000CF6B266F3F3
:104DD000092067F30700E4B264032144EDB201EB5C
:104DE0008501C1F8000C0020F2BD70B504000D0073
:104DF0001600022C01D301201DE032002900C9B2A7
:104E00002000FFF747FF012801D1012013E0DFF860
:104E10008C176003085850F0004050F0407050F478
:104E20007F00EDB265F3092066F307006203885046
:104E300064030859002070BDD0F840037047D0F8D3
:104E40000803C005C00D7047C0F840127047D0F885
:104E50000802C005C00D7047C0F8C81F7047D0F8E1
:104E6000C80F7047C0F8C01FD0F8C00F7047C0F817
:104E7000881F7047D0F8880F7047C0F8801FD0F89F
:104E8000800F7047016851F000410160704770B5B4
:104E900006000124DFF808573000C0B255F82000A2
:104EA000FFF7DDFF40071FD53000C0B255F82000E6
:104EB000FFF7C5FF002810D03000C0B255F8200021
:104EC000FFF7BAFFDFF8DC163200D2B288540120B7
:104ED000DFF8D4163200D2B288540421F6B255F865
:104EE0002600FFF7BFFF0FE03000C0B255F82000EA
:104EF000FFF7C0FF800507D54FF40071F6B255F8F3
:104F00002600FFF7BAFF00242000C0B270BD38B5FC
:104F100004001500C9B200290ED0102919D020298B
:104F200024D030292FD031293AD0402945D05029DA
:104F300050D060295BD067E0DFF87006A0600120E8
:104F40002073112060734FF48C70E0811220208256
:104F500060E0DFF85C06A060012020731120607320
:104F600040F21D10E0816B20208253E0DFF8440600
:104F7000A06001202073112060734FF48E70E081D7
:104F80006A20208246E0DFF83006A060022020730D
:104F90001120607340F21B10E0816920208239E00B
:104FA000DFF81806A060012020731120607340F222
:104FB0001B10E081692020822CE0DFF80406A0604D
:104FC00001202073132060734FF48D70E0816820FE
:104FD00020821FE0DFF8EC05A06001202073112083
:104FE000607340F21F10E0816D20208212E0DFF834
:104FF000D805A06001202073112060734FF48F70DA
:10500000E0816C20208205E0BA22DFF8C015002084
:10501000FFF7A4FBEDB2002D0ED0102D19D0202DDE
:1050200024D0302D2FD0312D3AD0402D45D0502DC9
:1050300050D0602D5BD067E0DFF870052060002065
:105040002071112060714FF48C70E0811220208259
:1050500060E0DFF85C0520600020207111206071A5
:1050600040F21D10E0816B20208253E0DFF8440500
:10507000206000202071112060714FF48E70E0815B
:105080006A20208246E0DFF8300520600120207190
:105090001120607140F21B10E0816920208239E00C
:1050A000DFF818052060002020711120607140F2A7
:1050B0001B10E081692020822CE0DFF804052060CD
:1050C00000202071132060714FF48D70E081682002
:1050D00020821FE0DFF8EC04206000202071112006
:1050E000607140F21F10E0816D20208212E0DFF835
:1050F000D804206000202071112060714FF48F705F
:10510000E0816C20208205E0FE22DFF8C014002040
:10511000FFF724FB31BD70B504000D00DFF880649B
:105120002000C0B256F82000FFF791FE1028F5D2FB
:10513000EDB229002000C0B256F82000FFF784FE2F
:105140002000C0B256F82000FFF781FE0028F7D1FA
:1051500070BD70B505000E00140006E0317828001F
:10516000C0B2FFF7D8FF641E761C002CF6D170BDCC
:1051700038B504000D0005E029782000C0B2FFF723
:10518000CAFF6D1C28780028F6D131BD10B400226A
:10519000DFF814340200D2B29A5C002A0AD0DFF899
:1051A00004240400E4B2125D0A700021C0B2195454
:1051B000012000E00020C0B210BC704770B50500AF
:1051C0000C00DFF8DC632800C0B256F82000FFF7BF
:1051D00051FE4008400001002800C0B256F82000EF
:1051E000FFF745FE2800C0B256F82000FFF742FE48
:1051F00030F0020001002800C0B256F82000FFF78E
:1052000036FE2800C0B256F82000FFF733FE30F01B
:10521000200001002800C0B256F82000FFF727FE4A
:105220002800C0B256F82000FFF724FE30F04000FE
:1052300001002800C0B256F82000FFF718FE280031
:10524000C0B256F82000FFF715FE30F01000010044
:105250002800C0B256F82000FFF709FE2800C0B2AF
:1052600056F82000FFF706FE30F480700100280099
:10527000C0B256F82000FFF7FAFD2800C0B256F879
:105280002000FFF7F7FD30F4806001002800C0B275
:1052900056F82000FFF7EBFD002C0ED02800C0B21E
:1052A00056F82000FFF7E6FD50F400700100EDB263
:1052B00056F82500FFF7DBFD0DE02800C0B256F8D8
:1052C0002000FFF7D7FD30F400700100EDB256F872
:1052D0002500FFF7CCFD70BD70B505000C00DFF8B0
:1052E000C0622800C0B256F82000FFF7B8FD4008A1
:1052F000400001002800C0B256F82000FFF7ACFDC6
:105300002800C0B256F82000FFF7A9FD30F00800D1
:1053100001002800C0B256F82000FFF79DFD2800CC
:10532000C0B256F82000FFF79AFD30F020000100CF
:105330002800C0B256F82000FFF78EFD2800C0B24A
:1053400056F82000FFF78BFD30F480700100280034
:10535000C0B256F82000FFF77FFD2800C0B256F813
:105360002000FFF77CFD30F4007001002800C0B27F
:1053700056F82000FFF770FD2800C0B256F8200054
:10538000FFF76DFD30F4006001002800C0B256F850
:105390002000FFF761FD002C0ED02800C0B256F8A7
:1053A0002000FFF75CFD50F004000100EDB256F85C
:1053B0002500FFF751FD0DE02800C0B256F820008F
:1053C000FFF74DFD30F004000100EDB256F8250066
:1053D000FFF742FD70BD2DE9F0412DED028BA8B025
:1053E00005000E00170028003900C9B20909C0B233
:1053F000884201D1012000E000201C00DFF8CC81B0
:1054000040F2F9124146C0B2FFF7A8F92800210086
:10541000C9B20909C0B2884201D1012000E00020D0
:105420004FF4FD724146C0B2FFF798F902A814216B
:1054300000F0E6FB342100220DF168084046FFF73A
:105440001FFA4C2100220DF11C084046FFF718FA04
:10545000082080B206FB00F65D48B0FBF6F85C4819
:1054600006FB180000EE100AB8EE400B01EE106AC1
:10547000B8EE411B80EE010BBFEEED0B10EE100BF2
:1054800008EE100A2200D2B23900C9B202A8FFF712
:105490003EFD08201B909DF80D008DF870001AAAA3
:1054A0009DF80C100298FFF7AAFA06201B909DF8B1
:1054B00015008DF870001AAA9DF814100498FFF7D3
:1054C0009EFA0020079008200890082009900220EA
:1054D0000B9000200C900020129000201490304C73
:1054E0002800C0B254F8200000F0D0FC39492A004E
:1054F000D2B2382042430A4407A92800C0B254F867
:10550000200000F081FB2800C0B254F82000FFF713
:10551000B9FC2A00D2B20321BDF91600FFF730FC16
:10552000BDF91600FFF728FC8DED008AB8F10108DF
:1055300043462A00D2B20321C0B2FFF7C1FBBDF936
:105540001600FFF719FC2A00D2B20321C0B2FFF700
:105550004CFCBDF91800ADF800000320ADF80200C6
:1055600001208DF8040007221B482900C9B250F819
:105570002110684600F028FB00212800C0B2FFF788
:10558000ABFE00212800C0B2FFF718FE28B0BDEC2A
:10559000028BBDE8F0810000B8D408100000044080
:1055A0008007022818120228201202280000314029
:1055B0000002314000053140800831408006314012
:1055C00000073140000131408001314034CE0810E5
:1055D00000B4C404A4090228640702280CB430B53E
:1055E00083B00A4606A9029104460025019400955D
:1055F00002AB01A9084878441E30FCF744FD019A2B
:10560000157000284EBF04460198041B204603B0C5
:1056100030BC5DF80CFB00BF3FDAFFFF82688918E1
:10562000816003E082684169521A82608168426940
:105630009142F7D27047C2688918C16003E0C2681E
:105640004169521AC260C16842699142F7D27047FB
:1056500070B50400002C01D0012000E0002054228D
:10566000DFF8B414C0B2FFF779F80025207850F0C5
:10567000010020700020A0600020E06060692061CF
:105680006078002803D0022810D007D315E06169A4
:10569000002266683000FFF7F3F80EE06169490008
:1056A000002266683000FFF7EBF806E061698900C8
:1056B000002266683000FFF7E3F800202070280021
:1056C000C0B270BD10B50400002C01D0012000E074
:1056D00000207022DFF84014C0B2FFF73FF8606985
:1056E0002169401A10BD2DE9F84305001600002D70
:1056F00001D0012000E000200C00AA22DFF81814DD
:10570000C0B2FFF72BF800270020002C01D103279F
:10571000B5E0287810F0050F01D00427AFE0287815
:1057200050F0040028702869B042C0F0A380D5F87A
:105730001480A868B8EB0008B04567D268780028E4
:1057400003D0022841D01FD390E042462100686870
:10575000AB6800EB03094846FDF7AEFC4146280064
:10576000FFF75CFFB6EB080204EB08016868AB6862
:1057700000EB03042000FDF79FFCB6EB0808414650
:105780002800FFF74BFF71E05FEA480221006868DC
:10579000AB6800EB43094846FDF78EFC4146280004
:1057A000FFF73CFFB6EB0802520004EB48016868C3
:1057B000AB6800EB43042000FDF77EFCB6EB080865
:1057C00041462800FFF72AFF50E05FEA88022100E7
:1057D0006868AB6800EB83094846FDF76DFC4146FD
:1057E0002800FFF71BFFB6EB0802920004EB8801CC
:1057F0006868AB6800EB83042000FDF75DFCB6EB46
:10580000080841462800FFF709FF2FE068780028C4
:1058100003D002281DD00ED328E032002100686892
:10582000AB6800EB03042000FDF746FC31002800C4
:10583000FFF7F4FE1AE0720021006868AB6800EB25
:1058400043042000FDF738FC31002800FFF7E6FE96
:105850000CE0B20021006868AB6800EB8304200014
:10586000FDF72AFC31002800FFF7D8FE2869861BC7
:105870002E6100E00527287810F0FB002870380022
:10588000C0B2BDE8F283F8B504000D001600002C8C
:1058900001D0012000E0002040F21D12DFF8781254
:1058A000C0B2FEF75BFF0027002D01D103272BE0DC
:1058B000207810F0030F01D006273CE02000FFF70E
:1058C00001FF002801D1072735E0207850F00800BB
:1058D00020706078002803D002280CD005D30FE098
:1058E0006068E168405C28700AE06068E16830F850
:1058F0001100288004E06068E16850F82100286009
:10590000207810F0F7002070F6B2002E13D1207826
:105910000B2801D102270EE0207850F00200207001
:1059200001212000FFF787FE2069401C20612078BC
:1059300010F0FD0020703800C0B2F2BD2DE9F04734
:1059400005000E001F00002D01D0012000E0002006
:105950001400DFF8C48140F25B124146C0B2FEF78A
:10596000FDFE002C01D0012000E000204FF4AE72BB
:105970004146C0B2FEF7F2FE5FF0000800200020B2
:10598000002E02D15FF003088BE0297811F0030F9D
:1059900003D020605FF006089CE02800FFF792FE2D
:1059A0002168884209D220605FF00708002804D1EE
:1059B000287810F0F70028708CE0287850F0080064
:1059C0002870D5F81490E868B9EB00092068814583
:1059D00022D36878002803D0022813D008D35CE0D3
:1059E00022686868E96801443000FDF765FB54E00F
:1059F000226852006868E96800EB41013000FDF759
:105A00005BFB4AE0226892006868E96800EB81016C
:105A10003000FDF751FB40E06878002803D00228F1
:105A200027D011D339E04A466868E9680144B24694
:105A30005046FDF741FB2268B2EB090269684E440B
:105A40003000FDF739FB28E05FEA49026868E96841
:105A500000EB4101B2465046FDF72EFB2268B2EB47
:105A600009025200696806EB49063000FDF724FB85
:105A700013E05FEA89026868E96800EB8101B246D9
:105A80005046FDF719FB2268B2EB090292006968E3
:105A900006EB89063000FDF70FFB287810F0F700C1
:105AA0002870FFB2002F15D128780B2802D15FF0A3
:105AB00002080FE0287850F00200287021682800C2
:105AC000FFF7B9FD2969206841182961287810F08D
:105AD000FD0028704046C0B2BDE8F087F8B504006C
:105AE0000E0017001D00002C01D0012000E0002056
:105AF0004FF407720849C0B2FEF730FE002067601D
:105B00000021217066700021A1600021E160256103
:105B10006561C0B2F2BD000044CD0810010009B2B9
:105B2000002908D4012210F01F018A401B4900B24D
:105B3000400941F820207047010009B2002908D42B
:105B4000012210F01F018A40154900B2400941F8B6
:105B500020207047020012B2002A04D44901114AE1
:105B600000B2115407E049010F4A00B210F00F00D3
:105B7000104400F8041C7047002800D162B60B489E
:105B80000168491C0160704772B60849086800281E
:105B900002D00868401E08600868704700E100E015
:105BA00080E200E000E400E018ED00E000130228CD
:105BB00080B5FFF7E9FFFEF705FB01BD80B5C9B26F
:105BC00000B2FFF7C7FF01BD70B504000D0016005D
:105BD000200000F0A3F92900B4F9000000F0DDF97D
:105BE0003100C9B2B4F90200FFF7E8FFB4F90200CE
:105BF000FFF7A2FFB4F90200FFF790FF70BD0000AD
:105C0000002200F0E1B900002DE9F44FDFF8D822BE
:105C1000DFF8D8321B68DFF8D8422468DFF8D452A6
:105C20002D68DFF8D4623668DFF8D0723F68DFF89D
:105C3000D0C2DCF800C0DFF8CCE2DEF800E0DFF82C
:105C4000C882D8F80080DFF8C492D9F80090DFF855
:105C5000C0A2DAF800A0002800F01581002900F0A9
:105C600012810A68022A06D191F82620002A02D160
:105C70005FF0000B03E0D1F804B0BBF1010B91F829
:105C80002420002A01D0012200E0002262F3104308
:105C900033F440436BF30303022262F3196303609E
:105CA0000A7812F0030262F31964046491F8252063
:105CB000002A01D0012200E0002262F38615CA7E8C
:105CC000002A01D0012200E0002262F38A254A7EE8
:105CD000002A01D0012200E0002262F308258A7E1A
:105CE000002A01D0012200E0002262F349258A6BDC
:105CF000521E12F00F0262F313450A69521E12F08F
:105D00000702ED08ED0015434A6962F304154A697C
:105D1000520862F3451585640A7B002A01D00122EE
:105D200000E0002262F308260A7E002A01D0012248
:105D300000E0002262F349268A68521E12F01F0218
:105D4000760976011643C0F800630A7F02F0FF026D
:105D50003F0A3F02174391F8202002F0FF0262F34E
:105D60001747C0F8107391F82720002A01D00122AC
:105D700000E0002262F3082C0A69521E12F00702AA
:105D80005FEADC0C5FEACC0C52EA0C0C4A6962F365
:105D9000041C4A69520862F3451CC0F844C00A7BDF
:105DA000002A01D0012200E0002262F3082E8A6856
:105DB000521E12F01F025FEA5E1E5FEA4E1E52EA9A
:105DC0000E0E0A68012A01D1012200E0002262F3CE
:105DD000104EC0F800E291F83C2002F0FF025FEAAA
:105DE00018285FEA082852EA0808C0F8048391F8E6
:105DF0002820002A01D0012200E0002262F3596924
:105E0000CA6A012A01D1012200E0002262F3186966
:105E10004A6B012A01D1012300E00023009A63F3B9
:105E2000104991F8303003F0FF035FEA19295FEA67
:105E3000092953EA0909C0F8509091F8443003F059
:105E4000FF035FEA1A2A5FEA0A2A53EA0A0AC0F83D
:105E500004A28B6CC0F8883F096CC0F8C81F002AE8
:105E600010D00020506000201060002090600020C2
:105E7000D060002010620020D06200201063DFF8A4
:105E80009400506300221000BDE8F28FDFF8881004
:105E900001605FF4401101640021816440F2071148
:105EA000C0F800130022C0F804230022C0F8102319
:105EB00000224264C0F800120021C0F80412002140
:105EC00001650021C0F8C81E0021C0F8881E00210D
:105ED000C0F8C81F0021C0F8881F0021C0F8081FA3
:105EE0000021C0F8481F70470160AA00F8D40810CC
:105EF000FCD4081000D5081004D5081008D50810E7
:105F00000CD5081010D5081014D5081018D5081095
:105F10001CD50810EFCDAB000F00000330B40021FA
:105F2000234A1368234A1468002832D0224A15688D
:105F3000C5F303250E2D0FD01268C2F303220D2ADC
:105F400028D1827812F00F02240924011443027927
:105F5000002A15D0012214E0827812F00F021B09EA
:105F60001B0113430279002A01D0012200E0002224
:105F700062F3DF73114AB0F9000042F8203009E003
:105F8000002262F3DF740E4AB0F9000042F82040AC
:105F900000E00649080030BC70470A4B1A68002A26
:105FA00003D01A6800B242F8201070470100560072
:105FB00020D5081024D508100000204000A0204063
:105FC00000C02040EC06022800B500BF1300964632
:105FD0009446103928BFA0E80C50FAD85FEA417CFB
:105FE00028BF0CC048BF40F8042BC90728BF20F8C1
:105FF000022B48BF00F8012B00BD000003460846F5
:106000000122C168491CC16000210068184703468D
:106010000846C1680269491C521E002A0261C1601B
:1060200003D400680122002118474FF0FF30704769
:10603000034608461146C268521E11F1010FC260A4
:1060400002D0006800221847704700002DE9F04F89
:1060500099B04FF0FF35009100241B680193029224
:106060000DF13F02229B8DF81F30A8460394189231
:10607000824614E00398401C0390012200980021FE
:10608000D047A0F109010529F4D32028F2D0024617
:1060900069465046FFF7CCFF0298411C0291029CD2
:1060A0002078A0F10902052AE4D32028E2D020B903
:1060B000404500DA404600F01FBD25280AD1601C8B
:1060C000029001782A2903BF401C029010F8011D9C
:1060D000002110E00398401C039001220098002149
:1060E000D04721788842D7D0024669465046FFF70C
:1060F0009FFF0020DCE78DF81C1000210591DFF8E0
:10610000F43B0AE00598984205DA00EB800401EBC5
:10611000440130390591501C0290029A1178A1F186
:1061200030000A28EED306950FF6C4101178FCF75C
:106130003DFF20B10298401C0290401E00788DF86F
:106140001D009DF81D00682805D10299087868286F
:106150000CD1622206E06C2802BF029908786C28F4
:1061600004D17122491C8DF81D20029102980178FA
:106170000FF68830FCF71AFF88B90398401C03908B
:10618000012200980021D047A0F109010529F4D38C
:106190002028F2D0024669465046FFF749FF00200A
:1061A0008DF81E0002980178253939D01C3900F08D
:1061B0009A80091F022940F29680133900F0FE826E
:1061C000C91E1FD0891F00F08E80891E00F07B84BD
:1061D000491E00F0F382491E022940F28480091F03
:1061E00000F0EC82491F3ED0491E012940F2E682B0
:1061F000091F35D0891E00F0E182C91E00F0DE8241
:1062000000F06CBC2A4600F05FBC2298002800F029
:10621000668414F1230F40F06284284600F06CBCC1
:106220000398401C039001220098D0470446252C77
:106230000CD1B8F1000F48BF4FF000089DF81E00C8
:1062400000283FF429AF08F1010825E722466946F6
:106250005046FFF7EDFE14F1010F40F03F844EE38E
:10626000012200F031BC9DF81C000028E1D19DF80E
:106270001D0062282CD0682811D06A281BD06C28F9
:1062800001D0712817D0019951F8040B019118B968
:106290000FF6702000F013BC03990160C9E7019963
:1062A00051F8040B019118B90FF6582000F007BC03
:1062B00003990180BDE7019951F8040B019110B9D0
:1062C0000FF64020FBE3039AD317C0E90023B0E7A1
:1062D000019951F8040B019110B90FF62820EEE353
:1062E00003990170A5E705980028D8BF6FF000401A
:1062F000049069465046FFF78AFE00240DF12409F8
:106300002B2818BF2D2807D18DF824006946504648
:10631000FFF77DFE0DF125090A260027302818D148
:1063200069465046FFF773FE40F02001C9B2782954
:1063300002D001273946E0E0302089F8000089F8D2
:10634000011050466946FFF762FE09F10209102666
:10635000F0E740F02001CAB26E2A48D16E2009F859
:10636000010B69465046FFF752FE064646F02000F4
:10637000C0B26128A34640F07481612109F8011B75
:1063800050466946FFF743FE064646F02000C0B27D
:106390006E2840F0668169465046FFF738FE28288F
:1063A00006D0024669465046FFF742FE6E204EE098
:1063B0000498401E049004D50398401C039028467E
:1063C00003E069465046FFF719FEA0F16101064659
:1063D0001A2921BFA0F141021A2A30380A28E7D32E
:1063E0005F2EE5D0292E40F03C816E202FE0C9B20F
:1063F000692940F09280692009F8010B69465046EE
:10640000FFF705FE064646F02000C0B26E28A34600
:1064100040F027816E2109F8011B50466946FFF7BD
:10642000F6FD064646F02000C0B2662840F019810D
:1064300069465046FFF7EBFD40F02001C9B26929DB
:1064400008D0024669465046FFF7F2FD662009F87B
:10645000010B0DE169465046FFF7D9FD064640F0B5
:106460002000C0B26E2840F0FC8003980499401CC4
:10647000491E00290491039005D4009801220021AF
:10648000D047064600E02E4646F02000C0B26928FC
:1064900040F0E78003980499401C491E00290491AC
:1064A000039005D4009801220021D047064600E061
:1064B0002E4646F02000C0B2742840F0D2800398E7
:1064C0000499401C491E00290491039005D40098AA
:1064D00001220021D047064600E02E4646F020006B
:1064E000C0B2792840F0BD80662109F8011BBFE0E9
:1064F00069465046FFF782FD0121302808D10498F3
:10650000401E0490F4D50398401C03902846F3E7FE
:106510000F4611B1302109F8011B3A46002713E05C
:106520000398401C039028460DE0242FAEBF641C46
:1065300009F8010B7F1C0498401E0490F0D46946B2
:106540005046FFF75BFD012210F1010F2AD0C3B2C4
:10655000612BA8BFA0F157010ADA412BA8BFA0F117
:10656000370105DA303B0A2B34BFA0F13001FF219F
:10657000C9B2B142D9D38DF820602E281646BB4649
:1065800014D109F8010B03990498491C401E0028F6
:106590000490039104D4009801220021D04705E023
:1065A000284603E08DF82060BB461646BBF1000F7D
:1065B00017D104E069465046FFF720FD0126302838
:1065C00009D10498641E401E0490F3D50398401C22
:1065D00003902846F2E7002C03D5302109F8011B6F
:1065E000641C9DF82070314604E069465046FFF770
:1065F00005FD012110F1010F24D0C3B2612BA8BF0A
:10660000A0F157020ADA412BA8BFA0F1370205DA40
:10661000303B0A2B34BFA0F13002FF22D2B2BA4283
:1066200010D2BBF1240F08DB0498401E0490DCD587
:106630000398401C03902846DBE709F8010B0BF197
:10664000010BF1E7BB4606460F46F8B248B146F0EB
:106650002000BBF10A0FC0B235D1652835D000E06B
:106660000646324669465046FFF7E2FCFFB217B3D2
:10667000002189F800109DF81C0000287FF4D9AD96
:10668000BBF10A0F0B4673DC224609A800F06BFB36
:1066900001228DF81E209DF81D20019B6C2A72D1CD
:1066A00053F8042B0193002A6AD1DFF840047844A0
:1066B00000F23A4003E209A8814508BF16F1010F34
:1066C00040F00C821BE17028CBD109F8016B0498D3
:1066D000401E049010D40398401C0390012200989F
:1066E0000021D0472B2818BF2D2811D109F8010B04
:1066F0000498401E049004D50398401C039028463B
:1067000006E00398401C0390012200980021D04726
:10671000002704E069465046FFF770FC0127302847
:1067200008D10498401E0490F4D50398401C0390AF
:106730002846F3E717B1302109F8011B002604E0D1
:1067400069465046FFF75AFC0127A0F130010A299B
:1067500086D2082E08DB0498401E0490F0D50398DA
:10676000401C03902846EFE709F8010B761CF2E77E
:10677000002209A800F0F7FAA200FCF769FD87E7FC
:10678000C2E9000155E54C2A0AD153F8042B0193C4
:10679000002AF5D1DFF85403784400F554708EE1F7
:1067A0001C681A1D01922CB9DFF84003784400F5EB
:1067B0004F7084E100F0DBFA20603AE5059800288C
:1067C000CCBF401EDFF8300500280DF120090490F1
:1067D0001BD40398401C0390012200980021D0474D
:1067E0002B2818BF2D2814D18DF820000DF1210978
:1067F00003980499401C491E00290491039007D472
:10680000009801220021D04703E00399491C03911D
:1068100028460021029A1278642A18BF752A0FD0E0
:10682000692A08BF00240CD06F2A08BF082408D0AA
:10683000702A1CBF42F02002782A02D1102400E006
:106840000A24302860D104980126401E0490039841
:1068500005D4401C039001220098D04702E0401C60
:106860000390284640F02001C9B2782949D1002C74
:1068700018BF102C50D104981024401E0490039887
:1068800007D4401C0390012200980021D047002625
:1068900042E0401C03902E46002701E006460F46CA
:1068A000324669465046FFF7C3FBFFB207B30021EB
:1068B00089F800109DF81C0000287FF4BAAC0298FB
:1068C0000078642818BF692800F0B380224608A821
:1068D00000F024FB01228DF81E20029A1378702B01
:1068E0005AD1019B53F8042B0193002A52D1E4E0C2
:1068F00008A8814508BF16F1010F40F0EF802C4633
:10690000EDE04CB9082407E0ECB90A241BE0694625
:106910005046FFF773FB0126302808D10498401E2B
:106920000490F4D50398401C03902846F3E73146C1
:10693000CAB242B1302209F8012B04E06946504640
:10694000FFF75CFB012110F1010FA7D0C2B2612A51
:10695000A8BFA0F157030ADA412AA8BFA0F1370364
:1069600005DA303A0A2A34BFA0F13003FF23DBB244
:10697000E2B2934292D21899894508D30498401EF6
:106980000490DBD50398401C03902846DAE709F809
:10699000010BF3E710604CE49DF81D20622A39D00A
:1069A000682A11D06A2A25D06C2A06D0712A29D0EB
:1069B000742A18D07A2A0FD034E0019B53F8042BA4
:1069C0000193002AE6D178E0019B53F8042B019350
:1069D000002A72D010802CE4019B53F8042B019301
:1069E000002AD7D169E0019B53F8042B0193002AB8
:1069F000D0D162E0019B53F8042B0193002A7FF46D
:106A0000BFAE5AE0019B53F8042B0193002A7FF498
:106A1000B7AE52E0019B53F8042B0193002A4CD0EF
:106A2000107006E4019B53F8042B0193002AB1D1A6
:106A300043E0224608A800F0C7FA01228DF81E2084
:106A40009DF81D20622AE5D0682ABDD06A2A1DD093
:106A50006C2A06D0712A21D0742A10D07A2A07D045
:106A600024E0019B53F8042B0193002A92D124E0E7
:106A7000019B53F8042B0193002A8BD11DE0019B4D
:106A800053F8042B0193002A84D116E0019B53F89C
:106A9000042B0193002A7FF473AE0EE0019B53F8A0
:106AA000042B0193002A7FF46BAE06E0019B53F8A0
:106AB000042B0193002A7FF46DAF00BFA0A0FCF768
:106AC0008FFA2C1A05E000226946504600F03AF889
:106AD0000446002C3FF7ADABFFF797BB0024B8F19D
:106AE000000F7FF5E7AAA046FFF7E4BAF4650000BF
:106AF000686A6C747A4C000019B0BDE8F08FC9B2B6
:106B000008E003789942A4BF90F802C08C4515DADA
:106B1000C01CD21E032A09D343782D2BF1D010F8C4
:106B200001CB8C4518BF521EF4D107E042B110F8DA
:106B3000013B8B4202D0521EF9D101E00120704787
:106B4000002070472DE9F04F92460027BAF1000F60
:106B500083B080460E464FF0000B25D5B068411C2F
:106B6000B160084601785E2903BF401CB06010F890
:106B7000019DB946B56828785D280CBF681C284679
:106B80005D21FCF713FA002800F0AB80411B009157
:106B9000B0600098032807DB821E2D21681CFCF7DB
:106BA0005FFA08B14FF0010B7069002805DCBAF1FB
:106BB000000F14BF6FF0004001203061307F0028CB
:106BC00001BF706850F8044B7060002C08D14FF082
:106BD000FF3402487844001D11E000BFE06500006A
:106BE000307FA8B9F07F98B1716851F8040B7160DB
:106BF000B0F1004FC0F007804FF0FF3448A0FCF721
:106C0000EFF9201A72E0B169884288BF0846B06186
:106C1000CDF80490CDF808B0DDF8009000E0022730
:106C2000F0683169401C491E00293161F06002D5CD
:106C30004FF0FF3B3DE0306801220021C047834612
:106C40001BF1010F35D0BAF1000F0CDC23D50298EF
:106C5000002801980FD000284A465946284617D0E8
:106C6000FFF74DFF0EE0ABF10900052821D3BBF182
:106C7000200F10D11DE000284A465946284603D06F
:106C8000FCF7EEF938B114E0FCF7EAF988B102E05C
:106C9000FFF735FF68B1307F0028C0D1B06938B147
:106CA00004F801BB0121B069B177401EB061B6E7BD
:106CB000012740465A463146FFF7BAF9BAF1000FAC
:106CC00001D0022F09D0022F0FD0F80702D41BF1F8
:106CD000010F06D14FF0FF3008E0307F28B9B069CE
:106CE00008B9002002E000202070012003B0BDE8B8
:106CF000F08F0000CBCCCC0CFEFFFF7F63436E5BBC
:106D0000000000007363616E665F733A2062616425
:106D100020256E20617267756D656E74000000003D
:106D20007363616E665F733A206261642025632C31
:106D30002025732C206F7220255B2073697A6500F3
:106D40007363616E665F733A2062616420696E747A
:106D50006567657220617267756D656E740000000D
:106D600051EC100B04BD80B500F002FAF8E741ECDD
:106D7000100BB7EEC00B10EE100A70472DE9FC4F58
:106D800085B00BB100241C600290824601E00AF13C
:106D9000010A9AF80000A0F10903052BF7D3202877
:106DA000F5D02D2818BF2B2807BF1AF8010B8DF836
:106DB00000002B238DF80030002A019103D4012A12
:106DC00001D0252A03DB002971D002986EE0002A49
:106DD0000CDD102A04BF9AF80000302802BF9AF890
:106DE000010040F02000782811D10CE09AF8000052
:106DF000302818BF0A220AD19AF8010040F020007A
:106E0000782803D110220AF1020A00E00822CDF806
:106E100010A001E00AF1010A9AF800003028F9D028
:106E20000A4878442630002400F128010026002773
:106E3000CDF80CA00025A0468DF801109346DFF890
:106E40000C90F94409F106091AE000BF386000000F
:106E500001469DF80100081A5FFA80F85846A0FB29
:106E600006234FEAEB7100FB073301FB0633344680
:106E700000213D4612EB080643EB01070AF1010A27
:106E80009AF80010A1F141001A2838BF20315A4663
:106E900009F12800FCF7E4F80028D9D104995145FC
:106EA0005A4607D1019810B1029801990860002054
:106EB000002130E0039919F80200AAEB0101091A38
:106EC00000291BD410DC0023B6EB080067EB03019C
:106ED0008F4209D301D8864206D3D317FCF772FA42
:106EE000A94208BFA04209D0AFF30080069808B1BC
:106EF000012101604FF0FF36374606E09DF80000A3
:106F00002D2802D1764267EB4707019808B1C0F8F7
:106F100000A03046394607B0BDE8F08F00BF00231F
:106F20002CE700002DE9FC410D0008BF6D468046AE
:106F3000444600E0641C2078A0F109010529F9D33A
:106F40002028F7D007462D2F18BF2B2F08D114F873
:106F5000010FA0F1090105290BD3202801D108E078
:106F60002B271E4629462046FFF708FF2A68944231
:106F700005D1C5F8008000200021BDE8FC812B2F41
:106F800005D14FF00043994209D2BDE8FC812D2F75
:106F9000FBD1B1F1004F12D301D801280FD3AFF3C9
:106FA00000800EB1012030602D2F19BF4FF0FF304F
:106FB0006FF0004100204FF00041BDE8FC814042ED
:106FC00061EB4101BDE8FC8100BF0023AAE700009E
:106FD00038B52DED028B040082B00D4600F0C18063
:106FE00051EC100B31F0004108BF002800F0B980CF
:106FF00051EC100B4A00521512F1010F02D1080397
:1070000000F0AF80002CB7EE008B4AD564425749A0
:10701000794401F5AC71082008E0E20744BF91ED26
:10702000001B28EE018B64080831401E002C18BF9D
:107030000028F2D16846FCF793F8009880EE080B20
:10704000FCF710F951EC100B31F0004108BF00289B
:1070500070D051EC100B4A00521512F1010F01D102
:10706000080367D0002C65D06846FCF779F80098D3
:107070009FED7A2B20EE020BFCF7F4F851EC100B8D
:1070800031F0004108BF002854D051EC100B4A00E9
:10709000521512F1010F01D108034BD0641EE3D148
:1070A00048E047DD31497944C2310820E20744BF56
:1070B00091ED001B28EE018B64100831401E002C5E
:1070C00001DD0028F2D16846FCF74AF8009820EE6E
:1070D000080BFCF7C7F851EC100B31F0004108BF6A
:1070E000002827D051EC100B4A00521512F1010F65
:1070F00001D108031ED0002C1CDD6846FCF730F8D7
:1071000000989FED582B20EE020BFCF7ABF851ECEA
:10711000100B31F0004108BF00280BD051EC100BD0
:107120004A00521512F1010F01D1080302D0641E6A
:10713000002CE2DC51EC100B31F0004108BF0028BC
:1071400008D051EC100B4A00521512F1010F08D172
:10715000080306D1AFF300801DB1286840F001009C
:10716000286002B0BDEC028B31BD00BFB45D0000F1
:107170002DE9F14185B0884616461D001CBF002050
:107180002860059F05A800F085F8C41020F00800CD
:10719000012804F0010425D10220009001AB0599DB
:1071A0004246384600F006F910B99FED300B15E065
:1071B0009DED020A0228B8EEC00B0FDB03A9401EAA
:1071C0009FED2C1B51F8042BB0EE402B00EE102A43
:1071D000B8EEC00B401E02EE010BF3D10198294618
:1071E000801927E0022828D1009001AB059942467A
:1071F000384600F0B3F910B99FED1C0B15E09DED7A
:10720000020A0228B8EEC00B0FDB03A9401E9FED57
:107210001B1B51F8042BB0EE402B00EE102AB8EEE9
:10722000C00B401E02EE010BF3D10198FCF71AF8D7
:1072300029463046FFF7CCFE0AE0032808BF9FED41
:10724000110B05D004280CBF9FED100B9FED070B11
:107250000CB1B1EE400B06B0BDE8F081436FAC64F9
:107260002806C80A3CBF737FDD4F1575000000007B
:10727000000000000000000065CDCD4100000000CE
:107280000000B041000000000000F07FFFFFFFFFA2
:10729000FFFFFF7FF0B404682346002200E05B1C80
:1072A0001D78A5F10906052EF9D3202DF7D02D2D37
:1072B0000CBF08222B2D00D15B1C1D7845F0200649
:1072C0006E2E26D15A7842F02002612A02BF9A78A7
:1072D00042F020026E2A02D02346002245E0DB1C49
:1072E0001C4604222578282D3FD114F8015FA5F112
:1072F00061061A2EF9D3A5F141071A2F24BF303D9C
:107300000A2DF2D325785F2DEFD0292D2DD1631CC6
:107310002BE0692E2CD15D7845F020056E2D02BF43
:107320009D7845F02005662D02D0234600221CE002
:1073300013F8034F44F0200442F00302692C02BF0B
:107340005C7844F020046E2C0FD19C7844F020042B
:10735000692C02BFDC7844F02004742C05D11C7920
:1073600044F02004792C08BF5B1DF9B10B601DE0CF
:10737000302D02BF597841F02001782914D1991C91
:107380000C782E2C08BF491C0978A1F16104052C4A
:1073900084BFA1F14105052D02D930390A2903D254
:1073A0009B1C42F0020201E042F001020360104621
:1073B000F0BC70472DE9F0478CB00027149C04EB1B
:1073C000C404804691464FF0000E2D2CC8BF2D24DA
:1073D00000201860586001E0491C01200A78302A1A
:1073E000FAD0002211E01868401C18600878302894
:1073F00009D04FF0010E06E0A242F4DAA6F1300007
:107400000DF80200521C491C01200E78A6F130052F
:107410000A2DF1D32E2E08BF491C72B90D78302DDC
:107420000BD11868401E1860491C0120F6E7302E69
:1074300018BF4FF0010E491C01200E78A6F130054F
:107440000A2D0AD2A242F2DAA6F130000DF80200AB
:10745000521C1868401E1860EDE7BEF1000F8C4604
:107460000DD00DF1FF310D5D6D1C0D5507E00DF1D7
:10747000FF34A15C49B91968491C1960521E002AE1
:10748000F5DC04BF8DF800700122002858D04FF0C1
:10749000090E92FBFEFEC2F109040EEBCE010C4474
:1074A000092194FBF1F1002501EBC101611A18D00B
:1074B000012716E053F8271001EB810106EB41018B
:1074C00043F827100BE0092194FBF1F101EBC10116
:1074D0001DF80560611AEDD17F1C43F82760641C1C
:1074E0006D1C9542EFDB9CF8001041F020016529EE
:1074F00026D161461CF8012F2B2A16BF2D2A1CF815
:10750000016B2B2600220024DFF84CE009E07445D3
:1075100004DA04EB840205EB4204303C0CF1010C6C
:1075200001229CF80050A5F1300ABAF10A0FEED3FF
:107530002D2E08BF64421E68A4191C6002B98C4637
:10754000B9F1000F03D000B9C446C9F800C03846ED
:107550000CB0BDE8F08700BF00E1F5052DE9F14F63
:107560008CB09146DDF85880C8EBC8084FF0000A8F
:10757000B8F1230FC8BF4FF02308C3F800A0C3F829
:1075800004A0002501E0491C012508783028FAD024
:1075900069A201925FF000046DA200920DF1080B48
:1075A0000E461F460EE03868401C386008E0A045D3
:1075B000F9DB019A0099801A085C0BF80400641C3E
:1075C000761C012596F800105BA01622FBF748FDFB
:1075D0000028ECD130463E4601782F462E2908BFC0
:1075E000401C002C054616D12878302813D131686C
:1075F000491E31606D1C0127F6E7A04509DB019AA1
:107600000099801A085C0BF80400641C3168491E5C
:1076100031606D1C012729785FF0160246A0FBF748
:107620001FFD0028E9D1A04517DA1BF8081007292B
:1076300006DD0DF1070111F80820521C01F80820A1
:1076400044463268521C326007E00DF10702115DBA
:1076500049B93268521C3260641E002CF5DC04BF4C
:107660008DF808A0012431688900002F316055D0C1
:10767000072394FBF3F3C4F1070BC3EBC3035B4491
:10768000072193FBF1F10022C1EBC101591A19D076
:107690004FF0010A16E056F82A100BEB011046F8DD
:1076A0002A000DE0072102A893FBF1F1C1EBC10113
:1076B00010F802B0591AEED10AF1010A46F82AB0C0
:1076C0005B1C521CA242EDDB297841F0200170299D
:1076D00024D1294615F8012F2B2A16BF2D2A15F87B
:1076E000014B2B2400220023124808E0834204DAD5
:1076F00003EB83020CEB4203303B6D1C012295F837
:1077000000C0ACF1300EBEF10A0FEFD32D2C08BF34
:107710005B4234681B19336002B90D46B9F1000FA2
:1077200003D007B90C9DC9F8005050460DB0BDE814
:10773000F08F000000E1F505303132333435363753
:1077400038396162636465664142434445460000DE
:10775000000102030405060708090A0B0C0D0E0FB1
:107760000A0B0C0D0E0F000000EE100AB8EEC00A56
:10777000DFED730A80EE200ADFED720A20EE200AA8
:10778000DFED710A20EE200ADFEDA90A20EE200AC3
:107790007047DFF8341A0A690168521A00EE102A9D
:1077A000DFF8281A0A694168521A00EE902ADFF8B9
:1077B000201A0A698168521A01EE102ADFF8141A99
:1077C0000969C068091A01EE901AB8EEC00AB0EE55
:1077D000C00AF8EEE00AF0EEE00AB8EEC11AB0EE28
:1077E000C11A30EE200A30EE010AF8EEE10AF0EE9E
:1077F000E00A30EE200AF5EE000A20EE200ABDEE87
:10780000C00A10EE100A704780B500F0C6FDDFF820
:10781000C809DFF8C8190968016001BD10B5DFF8B3
:10782000C00990ED000ADFF8BC49DFED820A94ED53
:10783000001A00EE201A84ED001A00F0AEFDDFF809
:107840009C0990ED000ADFF8A0190878002803D100
:1078500084ED000A01200870D4ED000A30EE600AC1
:1078600003E0DFED750A30EE200ADFED740AB4EEB6
:10787000600AF1EE10FAF4DA9FED711AB4EE410AE3
:10788000F1EE10FA04D59FEDC21A30EE010AF3E7CB
:10789000DFED6C1A94ED002A00EE212A84ED002A17
:1078A00007E094ED000ADFED641A30EE210A84ED62
:1078B000000A94ED000ADFED641AB4EE610AF1EEFD
:1078C00010FAEEDA94ED000AB5EE400AF1EE10FA85
:1078D00008D594ED000ADFEDAE1A30EE210A84EDF2
:1078E000000AEFE7DFF8040994ED000ADFF8E81872
:1078F000D1ED001A30EE610A80ED000A07E090ED4C
:10790000000ADFED4D1A30EE210A80ED000A90EDFD
:10791000000AB4EE600AF1EE10FAF0DA90ED000A17
:10792000B4EE410AF1EE10FA08D590ED000ADFED51
:10793000980A30EE200A80ED000AEFE710BD000043
:1079400000008045B76DDB3EC67D743E80B52DEDF1
:10795000048BDFF8740890ED020ADFF87008D0EDB0
:10796000020ADFF86C0890ED021ADFF86808D0ED23
:10797000021AB5EE002A70EE202A72EE812A72EE0B
:10798000A12A22EE829A30EE600A30EE410A30EEF1
:10799000210A20EE028AB0EEC90ABDEEC00A10EE3E
:1079A000100AFFF7E1FEF0EE408AB5EE409AF1EEE4
:1079B00010FA01D5F1EE688AB0EEC80ABDEEC00A31
:1079C00010EE100AFFF7D0FEB0EE409AB5EE408AF6
:1079D000F1EE10FA01D5B1EE499A00F0F9FEDFEDB3
:1079E0006D0A20EE208AB0EE480A01F029F8F0EE88
:1079F000409AB0EE480A01F025F8DFF8040868EE76
:107A0000A90A49EE400A90ED001A70EE810AC0ED15
:107A1000000ADFF8F00728EE800A09EE290AD0ED07
:107A2000000A30EE200A80ED000ABDEC048B01BD97
:107A30009A9989400AD7233C0000B4C3010034431B
:107A4000000034C30AD7A33B0100B443F8B52DEDC1
:107A5000028B82B0002417E0DFF8B00700EBC4010E
:107A600091ED010AB7EEC00A8DED000B00EBC400EA
:107A700090ED000AB7EEC00A53EC102B611CDFF842
:107A8000900700F0E1FF641C012CE5DBDFF88407C0
:107A9000DFF8781791EC020A80EC020ADFF87847E9
:107AA00090EC020A84EC020A90ED010AB7EEC00ADB
:107AB0008DED000B90ED000AB7EEC00A53EC102BD1
:107AC000DFF8580700F0C0FFDFF8540790EC020A17
:107AD000002556E004EBC50090ED001A31EE408A17
:107AE00004EBC50090ED011A71EE608ADFF834678F
:107AF00028EE080A08EEA80A00F0BAFF06EB850097
:107B000080ED000ADFF82077F0EE480AB0EE680A50
:107B100000F0BEFFDFEDAF0A20EE200A07EB850084
:107B200080ED000A07EB850090ED000AB5EE400AF3
:107B3000F1EE10FA0BD507EB850090ED000ADFEDB2
:107B4000140A30EE200A07EB850080ED000A07EBEF
:107B5000850090ED000AB7EEC00A8DED000B06EB34
:107B6000850090ED000AB7EEC00A53EC102B2900F7
:107B7000DFF8B80600F068FF04EBC50090EC020ADD
:107B80006D1C012DA6DB02B0BDEC028BF1BD000027
:107B90000000B44335FA8E3C2DE9F8432DED028BFD
:107BA00084B0032000F0F7FF012840F00E81DFF8D9
:107BB00080562888002840F0088150202880DFF86F
:107BC00030462078002807D0022800F0FB805DD3E3
:107BD000032800F0C580F5E0DFF818562878002863
:107BE00002D000F0F9F850E0002001F0D7FA0021AF
:107BF000DFF8400601F067FD0021DFF83C0601F0E8
:107C000062FD0020DFF8F4150870DFF8BC850E2354
:107C10002B220021404601F059FADFF8B0950D23E0
:107C20002A220021484601F051FADFF8A4652123F9
:107C300052220021300001F049FADFF89875222322
:107C400053220021380001F041FADFF8F005D8F89E
:107C500010100160D9F810104160316981603969F4
:107C6000C160DFF8DC6500F0B3FD86ED000A01209D
:107C7000207096ED000AB7EEC00A53EC102B29785D
:107C8000491CDFF8C00500F0DFFE9BE0DFF8AC0523
:107C9000FFF77FFDDFF8B075FFF766FD87ED000A9F
:107CA000DFF89C0590ED000ADFED650A20EE208AE2
:107CB000DFF84485B0EE480A00F0C2FED7ED000AB6
:107CC00098ED001A00EE201A88ED001AB0EE480A6E
:107CD00000F0B8FED7ED000A98ED011A00EE201A68
:107CE00088ED011ADFF82405DFF80865317800EB2C
:107CF000C10198EC020A81EC020A317800EBC10163
:107D000091ED010AB7EEC00A8DED020B317800EB60
:107D1000C10090ED000AB7EEC00A8DED000B97EDA3
:107D2000000AB7EEC00A53EC102B3178491CDFF87B
:107D30001C0500F089FE3078401C30703078002837
:107D400005D0FFF783FEDFF8080500F07DFE002078
:107D500020700020DFF8A41408701420288031E07F
:107D6000002001F01BFA0021DFF8C80401F0ABFC91
:107D70000021DFF8C40401F0A6FCDFF8D8040021DC
:107D80000160DFF8D404002101600020DFF86C14EA
:107D90000870DFF8C804002101600120DFF8C0147A
:107DA0000870002020700020DFF848140870DFF809
:107DB00048040021016000214160DFF8A80400F0C0
:107DC00043FEFFE7032000F0EAFE04B0BDEC028BA7
:107DD000BDE8F183E02E654210B5DFF88C04002188
:107DE0000160DFF8700400210160DFF86C040021FD
:107DF0000160012001F0D2F9DFF83844200001F0E1
:107E00002BFD0121200001F05EFCDFF82C44200056
:107E100001F022FD0121200001F055FCDFF8E00314
:107E200000210160DFF8DC03002101600020DFF8A1
:107E3000D8130870DFF8340400F006FE10BD00000F
:107E400035FA8E3C2DE9F0412DED048B84B0DFF83E
:107E5000E0432088002802D02088401E2080DFF8E0
:107E6000A8532878002807D02088002804D00020B4
:107E7000DFF88813087095E12878002800F09080DA
:107E8000DFF8900390ED000ADFF87413D1ED000ADB
:107E900030EE608A90ED010ADFF86803D0ED000A49
:107EA00070EE608A28EE080A08EEA80A00F0E0FDED
:107EB000B0EE409A9FEDBE0AB4EE409AF1EE10FA91
:107EC00011D4B0EEC80ADFEDBB0AB4EE600AF1EEE1
:107ED00010FA3FD5B0EEE80ADFEDB70AB4EE600A5B
:107EE000F1EE10FA36D5DFF8880300210160DFF8E3
:107EF000841300220A60DFF8802300231360BF4B45
:107F000000261E70D34E00273760D34F5FF0000C61
:107F1000C7F800C05FF0000C85F800C000250560C0
:107F200000200860002010600020187000203060E1
:107F30000020386032202080002001F02FF901203D
:107F400001F02CF9B7EEC90A53EC102BCB4800F026
:107F50007BFD27E128EE080A08EEA80A00F088FD5C
:107F6000DFED960AB4EE600AF1EE10FA0BDBF5EEE7
:107F7000000AC0EE800A20EE888AF5EE000A80EE44
:107F8000800A60EE288ABA4880ED008AB948C0EDC0
:107F9000008AB9480021016001209849087001E178
:107FA000B74D288800283ED02888401E2880288881
:107FB000002837D1B3489849027801EBC20108394B
:107FC00091EC020AB04981EC020A9C497E4A12698E
:107FD0000A607E4A12694A607D4A12698A607D4A57
:107FE0001269CA609D4900220A6001219C4A1170F1
:107FF000502121808C49027801EB820191ED000A29
:10800000B7EEC00A8DED000B8649027801EB8201C4
:1080100091ED000AB7EEC00A53EC102B01789B4893
:1080200000F012FDBEE0724E3078032840F0BA80B6
:108030008248FFF7AEFBFFF797FBB0EE409A914FF7
:108040007948397800EB810090ED000ADFED5C0A99
:1080500060EE209ADFF83082B0EE690A00F0F0FCA2
:10806000D8ED000A40EE090AB0EE608AB0EE690A67
:1080700000F0E8FCD8ED010A40EE090AF0EE608A53
:108080006548397800EBC10090ED000A30EE489A5F
:1080900090ED010A70EE689A29EE090A09EEA90A24
:1080A00000F0E6FCDFED470AB4EE600AF1EE10FAEC
:1080B00053D5B7EEE81A8DED021BF0EE480AB7EE85
:1080C000E01A8DED001BB7EEC00A53EC102B397887
:1080D0006F4800F0B9FC3878401C387038780028B8
:1080E00021D063480021016062480021016062489C
:1080F00000210160002041490870564800210160BC
:108100005548002101600020307000203949087076
:1081100039480021016000214160502020805D48E5
:1081200000F092FC3EE0322028805148002101609E
:1081300050480021016050480021016000202F4973
:1081400008704448002101604348002101603978EB
:10815000491E514800F078FC24E029EE090A09EE96
:10816000A90A00F085FCDFED150AB4EE600AF1EE15
:1081700010FA0BDBF5EE000AC0EE800A20EE899AB9
:10818000F5EE000A80EE800A60EE299A384880ED0C
:10819000009A3848C0ED009A37480021016001205C
:1081A0001649087004B0BDEC048BBDE8F08100BF37
:1081B0009B99193E0AD7A33C9A99193E0100803E2B
:1081C00035FA8E3C0BD7A33C200D0228780D0228EF
:1081D000D00D0228280E022880120228E41202285C
:1081E000B012022884120228331302287C120228BB
:1081F000301302282E130228E81102283113022816
:10820000741202287812022832130228E011022880
:10821000A4D30810F0110228F8110228C4D20810C3
:10822000C8D408105412022858120228E0D20810AC
:1082300010130228080F0228480F0228881102286C
:108240005C12022874D108106012022840D0081075
:10825000FCD20810881202288C120228641202280C
:108260009E07022834D408109012022814D0081057
:10827000681202286C1202287012022898D1081085
:10828000121302282F1302280012022868D00810A7
:10829000E4CF081048D4081090D0081080B50A0028
:1082A000D2B20100C9B2734801F03EFD01BD80B5F4
:1082B0000100C9B26F4801F099FD02BD80B51300FD
:1082C0000A000100C9B26B4801F0C3FD01BD70B5E1
:1082D0000020002500263000461C80B2B0F5807FCB
:1082E0000ADA0D20FFF7E3FF0400012001F0F6FE9B
:1082F000E4B2FF2CEFD100E001252800C0B270BD30
:108300003EB5062269460020FFF7D8FF5A489DF87F
:1083100001109DF8002052EA01220280574C9DF87E
:1083200003109DF8022052EA01222280544D9DF84C
:1083300005109DF8042052EA01222A80B0F90000BD
:1083400000F036F84F4880ED000AB4F9000000F064
:108350002FF84D4880ED000AB5F9000000F028F82C
:108360004A4880ED000A37BD80B5022269460720E1
:10837000FFF7A4FF9DF801109DF8000050EA0120CE
:1083800000B200EE100AB8EEC00ADFED370A80EE48
:10839000200A3F4880ED000A01BD80B5FFF7B0FF1D
:1083A000FFF7E2FF00F010F83A4880ED000A01BD47
:1083B00000B200EE100AB8EEC00A3748D0ED000A4D
:1083C00080EE200A7047000080B52B48B0F900000D
:1083D00000F5A8509A3000EE100AF8EEC00A2748BF
:1083E000B0F9000000F2453000EE100AB8EEC00A05
:1083F00000F04EFBDFED1D0A20EE200AB5EE400A2C
:10840000F1EE10FA03D5DFED1A0A30EE200A01BDB5
:108410001CB50024142001F061FE2C2000903123B3
:108420003B220D21134801F069FDFFF750FF0028A2
:1084300007D0E423194A1A490020FCF7ADF90124BA
:108440000EE001210B20FFF729FF19210920FFF77A
:1084500025FF01210A20FFF721FF0F481149016084
:108460002000C0B216BD00000000C842E12E6542E7
:108470000000B4439811022816130228181302288A
:108480001A130228D4120228D8120228DC12022859
:10849000E0120228E4120228F406022868CF08102D
:1084A00018D3081000803B452DE9F84F2DED068BC1
:1084B000DFF87C03D0E90045DFF87803D0E900015C
:1084C000201A75EB010101F099FE00EE100ADFEDB4
:1084D000BB0A20EE208AB5EE408AF1EE10FA06D9EA
:1084E0009FEDB90AB4EE408AF1EE10FA01DB9FED80
:1084F000B78AFDF749FB01F0BFFE01F0DDFE002069
:10850000FDF73AFBCF4EC349CF48B0F9000000EE6B
:10851000100AB8EEC00AD1ED000A80EE200A86EDFE
:10852000000ACA4FCA48B0F9000000EE100AB8EEBF
:10853000C00AD1ED000A80EE200A87ED000ADFF8BC
:108540001483C548B0F9000000EE100AB8EEC00A66
:10855000D1ED000A80EE200AB1EE400A88ED000A53
:10856000BE4AAD48B0F9000000EE100AB8EEC00AED
:10857000D1ED010A80EE200AAA48D0ED000A30EEC3
:10858000600A82ED000AB648A44BB3F9003000EE51
:10859000103AB8EEC00AD1ED010A80EE200AA24BD3
:1085A000D3ED000A30EE600A80ED000AAD4BDFF833
:1085B00070C2BCF900C000EE10CAB8EEC00AD1ED1E
:1085C000010A80EE200A9949D1ED000A30EE600AD6
:1085D00083ED000AA44991ED000ADFED830A20EE45
:1085E000200AD3ED000A9FED811A00EE810A81ED89
:1085F000000AB6EE000AD1ED000AF0EEE00AF4EE51
:10860000400AF1EE10FA34D5D0ED000AF0EEE00A9F
:10861000F4EE400AF1EE10FA2BD5D2ED000AF0EE9E
:10862000E00AF4EE400AF1EE10FA22D5DFF83CC27F
:10863000BCF800E0BEF1320F05DABCF800E01EF134
:10864000010EACF800E0BCF800C0BCF1320F15DB45
:10865000DFF81CC291ED000ADCED000A30EE600A82
:10866000DFED5A0A9CED001A00EE201A8CED001A7C
:1086700004E00021DFF8F4C1ACF8001093ED000A2B
:108680007B49D1ED000A30EE600ADFF8AC91D9EDFC
:10869000008A40EE088ADFF8A4A192ED000A9AED64
:1086A000009A00EE089ADFF898B190ED000ADBED31
:1086B000009A40EE489AB0EE498AB0EE69AA96ED6B
:1086C000000AD6ED000A20EE200AD7ED000A97ED49
:1086D000001A00EE810AD8ED000A98ED001A00EEAB
:1086E000810A00F0C5F9DFED420AB4EE600AF1EE4E
:1086F00010FA28DBDFED3F0AB4EE600AF1EE10FA63
:1087000021D597ED000AD7ED000A20EE200AD8ED1A
:10871000000A98ED001A00EE810A00F0A9F9F0EEC7
:10872000400A9FED35AA96ED000AB1EE400A00F02E
:10873000AFF920EE0A8AD8ED000A97ED000A00F0A2
:10874000A7F920EE0AAA9FED2D0ADFED2D0A29EEEA
:10875000201A08EE001A8AED001A69EEA00A4AEE05
:10876000000ACBED000AC9ED008A99ED000ADFEDA1
:10877000250AB4EE600AF1EE10FA07DB99ED000A63
:10878000DFED210A30EE200A89ED000A99ED000A9A
:10879000DFED1E0AB4EE600AF1EE10FA07D599ED8E
:1087A000000ADFED1B0A30EE200A89ED000A21489D
:1087B000C0E90045BDEC068BBDE8F18FBD378635BD
:1087C0001D48002101607047CECCCC3D0AD7233C28
:1087D000194890ED000A7047184890ED000A70475C
:1087E000174890ED000A70476666663FCDCCCC3DD9
:1087F000CECC4C3F9A99993FE12E6542D0CC4C3D6E
:108800003333733F010034430000B4C3000034C36A
:108810000000B443F80602281C1302281E13022885
:1088200020130228B4120228B8120228BC1202280F
:10883000B811022808120228C0120228C412022805
:10884000C81202289C12022822130228A012022811
:1088500024130228A412022826130228A812022890
:10886000AC120228B0120228CC12022814130228DB
:10887000D0120228DFED620A60EE200A10EE902A84
:1088800022F0004101EE101ADFED5E1AB4EE611A1B
:10889000F1EE10FA25D54FF07C5102F000420A4368
:1088A00001EE102A71EE200AFDEEE00A10EE901A99
:1088B00000296AD0FAEEC90A9FED531A00EE810A28
:1088C000DFED521A00EEA10A9FED512A00EE820A56
:1088D000DFED502A00EEA20A9FED4F1A00EE810A4A
:1088E00053E010EE101A4B001B1613F1010F0AD1C2
:1088F0004900081610F1010F02D1090240F07F80F3
:108900009FED460A7047490004D1002877D0B7EEA2
:10891000000A70474FF07C5102F000420A4301EE1A
:10892000102A71EE200A10EE902A51000DD0090E87
:10893000C1F196011829A8BF02F0004203DA00290C
:10894000C4BFCA408A4000EE902A10EE901A490037
:1089500017D09FED331A20EE811ADFED2B1A01EEAE
:10896000210A9FED2A2A01EE020ADFED292A01EEF3
:10897000220A9FED283A01EE030ADFED271A01EEE5
:10898000210AFDEEE00A10EE901A01F0030108182A
:1089900010EE101A21F0004100EE901A9FED211AFE
:1089A000F4EE410AF1EE10FA04D5C10723D5B7EE73
:1089B000000A20E0C10760EE000A0ED59FED1A0AFA
:1089C0009FED1A1A00EE801ADFED191A41EE201AF7
:1089D000B7EE000A01EEA00A0DE09FED162ADFEDCA
:1089E000161A40EE821ADFED152A20EE201A41EE0B
:1089F000A02A01EE220A800748BFB1EE400A704764
:108A000083F9223F0000004F0000C9C600A0FDC04E
:108A10000020A2BA000034B30030C2AEFFFFFF7FD7
:108A200000008038000080399349B2BA36A02A3D50
:108A3000DFFFFFBE6E8C4CB94283083CA1AA2ABE60
:108A4000012017E7002015E70EB4C0B5024603A8C1
:108A500000210190009101AB0121044878440C30C1
:108A6000F9F711FB06BC5DF810FB00BFB14900002F
:108A7000B5EEC00AF1EE10FA02D4B1EEC00A7047AA
:108A80006FF0004C00EE10CAAFF30080704700009A
:108A900052EC101AB0EEC00AC80F49005200F0EEB6
:108AA000E00A28BF0C3011F1807F38BF12F1807FBF
:108AB0000CD28A4238BF80F00400124214D034BF76
:108AC00080EE800A80EE200A01F096BC11F1807FD2
:108AD00008BF80F0040098BF12F1807F08D88A4256
:108AE00014BF00224FF07E5200EE102A01F084BC29
:108AF0006FF0004100EE101A7047000010B5002022
:108B000000241FE000212200D2B2815413E0394832
:108B10002100C9B2415C0229F4D037492200D2B207
:108B200051F822100A3940F2DE329142EAD2012194
:108B30002200D2B2815400202F492200D2B241F843
:108B40002200641C2000C0B2052823DA2B48210033
:108B5000C9B2405C01F0E1FC0128D8D026482100D0
:108B6000C9B250F82110491C2200D2B240F822109C
:108B70004FF47A71224A1268B1FBF2F12200D2B2AC
:108B800050F822008842DCD302201A492200D2B2D7
:108B90008854D6E710BD1749C0B2085C7047002161
:108BA000144AC0B21154704770B50400002C01D0B3
:108BB000012000E000208C221249C0B2FBF7CEFD5C
:108BC000002000250EE00123012200210B482E0089
:108BD000F6B2805D01F0D9FC002006492A00D2B22D
:108BE00088546D1C2800C0B20528ECDB04480460E2
:108BF00070BD00001012022874110228D0D4081091
:108C00000413022894CD081010B52DED028BDFF867
:108C100084459FED861ADFED860AB2EE080A200031
:108C200000F028FD9FED838ADFED838AF0EE680A6D
:108C3000B0EE480A200000F03BFDB3EE040A20002D
:108C400000F03BFD0021200000F03DFDDFF848452D
:108C50009FED7A1ADFED760A9FED790A200000F089
:108C600009FDF0EE680AB0EE480A200000F020FD91
:108C70009FEDA90A200000F020FD0021200000F057
:108C800022FDBDEC028B10BD2DE9F0412DED068BD0
:108C900058210022DFF8544525002800FBF7F0FD9D
:108CA00058210022DFF848552E003000FBF7E8FD80
:108CB00058210022DFF8AC6537003800FBF7E0FDF3
:108CC00058210022DFF8A075B8464046FBF7D8FDD2
:108CD0000323002201212B2001F057FC42F21078DF
:108CE000002241460E20FBF7A7FA032300220121B0
:108CF0002A2001F04AFC002241460D20FBF79CFA95
:108D0000032300220121522001F03FFC00224146B2
:108D10002120FBF791FA032300220121532001F0C7
:108D200034FC002241462220FBF786FA1834B1EECB
:108D3000028ADFED7A8AB0EE681ADFED410AB0EE02
:108D4000480A200000F096FC9FED759ADFED759AB9
:108D5000F0EE690AB0EE490A200000F0A9FC9FED90
:108D600035AAB0EE4A0A200000F0A7FC002120003E
:108D700000F0A9FC15F11804DFED6BAAB0EE681A3B
:108D8000F0EE6A0A9FED690A200000F073FCF0EE35
:108D9000690AB0EE490A200000F08AFCB0EE4A0AE7
:108DA000200000F08AFC0021200000F08CFC16F16D
:108DB00018049FED461AF0EE6A0A9FED5D0A200046
:108DC00000F058FCF0EE690AB0EE490A200000F00D
:108DD0006FFCB0EE4A0A200000F06FFC002120007A
:108DE00000F071FC17F118049FEDB41AF0EE6A0A56
:108DF000B0EE480A200000F03DFCF0EE690AB0EE4B
:108E0000490A200000F054FCB0EE4A0A200000F0AD
:108E100054FC0021200000F056FCFFF7F5FE00F0A6
:108E200011F8BDEC068BBDE8F08100000AD7233CA9
:108E3000000000000000C8420000C8C26F12833A60
:108E40009A99993E10B52DED048BDFF820449FEDE3
:108E50009C8A9FEDB71ADFEDB60AB0EE480A2000F3
:108E600000F008FCDFED978A9FED979AF0EE490A33
:108E7000B0EE680A200000F01BFCF2EE049AB0EE9F
:108E8000690A200000F019FC0121200000F01BFC01
:108E9000DFF8DC439FEDA61ADFEDA50AB0EE480A25
:108EA000200000F0E7FBF0EE490AB0EE680A20006F
:108EB00000F0FEFBB0EE690A200000F0FEFB01218D
:108EC000200000F000FCBDEC048B10BD0AD7A33CD1
:108ED00080B52DED028B01F0E1FBB1EE408A01F08F
:108EE000E2FBF1EE408AB0EE480ADFF8800300F0C2
:108EF000F3FBB0EE408AB0EE680ADFF8740300F0CE
:108F0000EBFBDFF8800580ED008ADFF8000780EDDD
:108F1000000ABDEC028B01BD00004842CDCC4C3DA7
:108F200000009643000096C33333B33E333393407F
:108F30009A9999402DE9F0412DED068BDFF8AC426E
:108F400094ED029ADFF81C53D5ED029ADFF8A06287
:108F500096ED028ADFF81073D7ED028A39EE691AAE
:108F600038EE680ADFED780AB0EEC11AB4EE601A86
:108F7000F1EE10FA01DB012000E00020B0EEC00AA3
:108F8000B4EE600AF1EE10FA02DB5FF0010801E0D6
:108F90005FF0000858EA0001C9B2002900F085809E
:108FA000DFF86C160A78521C0A7009780529C0F29D
:108FB0008080DFF8D01491ED000AB5EE400AF1EEA2
:108FC00010FA02DDB7EE00AA0BE091ED000AB5EE53
:108FD000400AF1EE10FA02D5BFEE00AA01E09FEDC3
:108FE00054AAB5EE40AAF1EE10FA01D1B7EE00AAEC
:108FF000C0B2002829D0F0EEE90AB0EEC90A01F0AB
:1090000091FDDFED590A20EE200AB5EE400AF1EE9F
:1090100010FA02D59FED460A09E0DFED540AB4EEDE
:10902000600AF1EE10FA02DB9FED540AFFE72AEE28
:10903000000ABDEEC00AF4EE499AF1EE10FA02D52C
:1090400085ED000A01E084ED000A5FFA88F8B8F1C6
:10905000000F2ED0F0EEE80AB0EEC80A01F062FD73
:10906000DFED410A20EE200AB5EE400AF1EE10FADB
:1090700002D59FED2F0A09E0DFED3C0AB4EE600A4D
:10908000F1EE10FA02DB9FED3D0AFFE72AEE000A3F
:10909000BDEEC00AF4EE488AF1EE10FA02D587ED73
:1090A000000A06E086ED000A03E00020DFF8601504
:1090B0000870BDEC068BBDE8F08100008FC2F53C66
:1090C000CDCCCC3C9A99193E9A9919BE38B50C0072
:1090D0001D002900C9B20D2903D02900C9B22229D7
:1090E00000D1644240F22D118C4201DB4FF49674A2
:1090F000DFF828158C4200DA0C004460002C0AD4FA
:1091000001211000C0B201F0E6F921002800C0B230
:10911000FBF765F80AE000211000C0B201F0DBF9AE
:10912000644221002800C0B2FBF759F831BD0000AD
:1091300000000000DFED140A80EE200ADFED100AC7
:1091400020EE200A7047000001008C42DFED0F0A7C
:1091500080EE200ADFED0B0A20EE200ADFED0C0A7C
:1091600020EE200A70470000CDCC4C3F0100C843E0
:1091700080B5FFF7DFFFFFF7E9FF01BD0000C8433F
:109180000000704200008045C67D743EB76DDB3E36
:109190003EC32E39080F0228480F022810B50400DC
:1091A0002100C9B2DFF8880400F08DFA2100C9B2AD
:1091B000DFF8800400F087FA2100C9B2DFF87804F4
:1091C00000F081FA2100C9B2DFF8700400F07BFAE8
:1091D000E4B2002C04D00120DFF86414087003E02E
:1091E0000020DFF85C14087010BD0000200D02287C
:1091F000780D022870B52DED048BB0EE608AF0EE8C
:10920000418AB0EE619ADFF83C04FDEEC00AC0ED81
:10921000000ADFF83444FDEEC80AC4ED000A114D1F
:10922000FDEEE80AC5ED000ADFF80064FDEEC90AAC
:10923000C6ED000A183000F043FAB0EE480A14F107
:10924000180000F03DFAB0EE680A15F1180000F0C1
:1092500037FAB0EE490A16F1180000F031FABDEC09
:10926000048B70BDD00D0228280E02280810022899
:109270004810022838B5DFF8CC4394F85000002895
:109280003BD094ED000AB8EEC00ADFED9D0AB4EEC3
:10929000600AF1EE10FA01DB9FED9A0ADFED9A0AFF
:1092A000B4EE600AF1EE10FA01D5B0EE600A14F1E6
:1092B0001805280000F004FA94ED020A280000F0D6
:1092C0000BFADFED920AB4EE600AF1EE10FA01DB60
:1092D0009FED8F0ADFED8F0AB4EE600AF1EE10FA0F
:1092E00001D5B0EE600ABDEEC00A84ED010A0E237E
:1092F0002B2261682000FFF7E9FEDFF84C4394F869
:10930000500000283BD094ED000AB8EEC00ADFED13
:109310007C0AB4EE600AF1EE10FA01DB9FED790AE7
:10932000DFED790AB4EE600AF1EE10FA01D5B0EE85
:10933000600A14F11805280000F0C2F994ED020A41
:10934000280000F0C9F9DFED710AB4EE600AF1EE11
:1093500010FA01DB9FED6E0ADFED6E0AB4EE600AD3
:10936000F1EE10FA01D5B0EE600ABDEEC00A84ED50
:10937000010A0D232A2261682000FFF7A7FEB34CE3
:1093800094F8500000283BD094ED000AB8EEC00AD3
:10939000DFED5B0AB4EE600AF1EE10FA01DB9FED3F
:1093A000590ADFED590AB4EE600AF1EE10FA01D560
:1093B000B0EE600A14F11805280000F081F994ED70
:1093C000020A280000F088F9DFED500AB4EE600AC6
:1093D000F1EE10FA01DB9FED4E0ADFED4E0AB4EE1E
:1093E000600AF1EE10FA01D5B0EE600ABDEEC00AD7
:1093F00084ED010A2123522261682000FFF766FEF6
:109400008A4C94F8500000283BD094ED000AB8EE46
:10941000C00ADFED3B0AB4EE600AF1EE10FA01DBA0
:109420009FED380ADFED380AB4EE600AF1EE10FA6B
:1094300001D5B0EE600A14F11805280000F040F9DB
:1094400094ED020A280000F047F9DFED300AB4EE8F
:10945000600AF1EE10FA01DB9FED2D0ADFED2D0A17
:10946000B4EE600AF1EE10FA01D5B0EE600ABDEE7E
:10947000C00A84ED010A2223532261682000FFF70D
:1094800025FE31BD8812022880B52DED048BF0EE4B
:10949000401A9FED602A31EEA00A01EE020A31EE79
:1094A000E08A01EE028A9FED5C2A71EEE08A41EECD
:1094B000028A31EEA09A01EE029AFFF759FEFDEE04
:1094C000C09AB0EE480AFFF753FEBDEEC08AB0EE78
:1094D000680AFFF74DFEFDEEC08AB0EE490AFFF7BD
:1094E00047FEBDEEC00AF8EEC01AB8EEE81AF8EE74
:1094F000C80AB8EEE90AFFF77DFEBDEC048B01BD9A
:109500000100164300001643000016C301009643F5
:1095100000009643000096C380B52DED028B86B007
:10952000FFF75AF94A48D0ED000A30EE608AFFF79B
:1095300057F94848D0ED000A30EE600A4648D0EDB1
:10954000000A464890ED001AF1EE481AB1EE402AA2
:109550004348D0ED002A62EEA11AD0ED022A42EE75
:10956000A01A4048D0ED002A22EE822AD0ED022A2D
:1095700002EE812AB1EE422ADFED292AF4EE621AC8
:10958000F1EE10FA01DBDFED271A9FED273AF4EE3A
:10959000431AF1EE10FA01D5F0EE431AB4EE622A46
:1095A000F1EE10FA01DB9FED1F2AB4EE432AF1EE33
:1095B00010FA01D5B0EE432A2B48C0ED001A13482B
:1095C00080ED002A29480178491C017000780A21A1
:1095D00090FBF1F201FB1200002812D1B7EEC11A84
:1095E0008DED041BB7EEE01A8DED021BB7EEC00A3D
:1095F0008DED000BB7EEC80A53EC102B1C48FFF79B
:1096000023FA06B0BDEC028B01BD00008C120228CB
:10961000371302285C8F423E5C8F42BED4FEFFFFB0
:109620009B99193E9A99193E9A9919BE280E0228BB
:10963000380D0228900D0228E80D0228400E02285D
:1096400035130228200D0228780D0228D00D02289B
:109650009412022898120228AC120228A81202289A
:10966000880F0228C80F02288812022838130228FF
:10967000B8D0081080ED000AC0ED010A80ED021A92
:109680000021C1600021016100214161002181614F
:1096900000220023C0E90823002181626A49C162D7
:1096A0006A4901636A494163002180F838107047B4
:1096B00080ED0B0AC0ED0C0A704780ED0D0A704773
:1096C00080ED030A704780B580F83810C9B20029D0
:1096D00001D100F0C1F801BD70B52DED028B06007F
:1096E00096F83800002802D19FED520A9EE086EDE0
:1096F000040A96ED030AD6ED040A30EE608A554856
:10970000D0E90045D6E90801002904D1002802D19A
:109710009FED490A0CE0D6E90801201A75EB01011A
:1097200000F06CFD00EE100ADFED440A20EE200A86
:10973000B5EE400AF1EE10FA06D9DFED410AB4EEBB
:10974000600AF1EE10FA01DB9FED3B0ADFED390A0A
:10975000DFED380ADFED371AD6ED000A60EE880A31
:1097600096ED062AD6E90801002901D100280CD07F
:1097700096ED051A38EE011A21EE001AF6EE002ACF
:1097800021EE221A32EE012A01E008EE002A96EDBF
:109790000D1AB4EE421AF1EE10FA01D596ED0D2A2B
:1097A00096ED0D1AB1EE411AB4EE412AF1EE10FA1F
:1097B00003D596ED0D1AB1EE412A96ED011A21EE70
:1097C000021AD6E90801002901D1002810D0DFEDE6
:1097D0001D2AB4EE620AF1EE10FA09DBD6ED051A85
:1097E00078EE611AD6ED022A61EEA21AC1EE801A55
:1097F00030EE810A30EE210AD6ED0B0AF4EE400A73
:10980000F1EE10FA01D596ED0B0AD6ED0C0AB4EE86
:10981000600AF1EE10FA01D596ED0C0A86ED058A84
:1098200086ED062AC6E9084586ED0A0ABDEC028BDC
:1098300070BD0000000000000AD7233CBD3786350C
:10984000CECCCC3DBE3786350000E1440000E1C4FB
:1098500000004844B81102280021416100218161C3
:1098600000220023C0E90823002181627047000024
:109870001CB50400002C01D0012000E00020412292
:10988000DFF86816C0B2FAF769FFDFF86406012155
:109890002278D21010EBC212237813F0070311FACA
:1098A00003F313602279D21010EBC210227912F068
:1098B000070211FA02F20260E06800900098421E6E
:1098C00000920028FAD1DFF82C262079C01012EB84
:1098D000C010237913F0070311FA03F30360E06863
:1098E00000900098431E00930028FAD12078C01001
:1098F00012EBC012207810F0070081401160E06880
:1099000000900098411E00910028FAD113BD1CB5AB
:109910000400002C01D0012000E000205522DFF8D7
:10992000CC15C0B2FAF71AFFDFF8C8050121227979
:10993000D21010EBC212237913F0070311FA03F3CC
:1099400013602278D21010EBC210227812F00702B6
:1099500011FA02F20260E06800900098421E009244
:109960000028FAD1DFF888252078C01012EBC0104B
:10997000237813F0070311FA03F30360E068009003
:109980000098431E00930028FAD12079C01012EBF2
:10999000C012207910F0070081401160E06800904B
:1099A0000098411E00910028FAD113BD38B504007B
:1099B0000D00002C01D0012000E000206A22DFF819
:1099C0002C15C0B2FAF7CAFEDFF82815012220785C
:1099D000C01011EBC010237813F0070312FA03F341
:1099E0000360EDB2002D0CD02079C010DFF80035F7
:1099F00013EBC013207910F0070012FA00F0186082
:109A000009E02079C01011EBC010237913F007038F
:109A100012FA03F30360E06800900098431E00937D
:109A20000028FAD1DFF8C8342078C01013EBC0103A
:109A3000257815F0070512FA05F50560E068009035
:109A40000098451E00950028FAD12078C01011EB2F
:109A5000C011207810F0070012FA00F00860207999
:109A6000C01013EBC013207910F0070082401A6079
:109A700031BD2DE9FC410400002C01D0012000E0A3
:109A800000208622DFF86414C0B2FAF767FE0025D2
:109A9000DFF8646401272078C01016EBC01021782D
:109AA00011F0070117FA01F10160DFF84484207911
:109AB000C01018EBC010217911F0070117FA01F15D
:109AC0000160002200216068C0B200F037FDE0684C
:109AD00000900098411E00910028FAD12078C01013
:109AE00018EBC018207810F0070017FA00F0C8F83B
:109AF0000000E06800900098411E00910028FAD113
:109B00006068C0B200F009FD002800D0012520786F
:109B1000C01016EBC016207810F0070087403760A1
:109B2000032201216068C0B200F008FDE0680090E7
:109B30000098411E00910028FAD12800C0B2BDE86B
:109B4000F6817CB504000D00002C01D0012000E05E
:109B50000020A822DFF89413C0B2FAF7FFFD80219D
:109B60000800C0B200284ED02800C0B208420CD075
:109B70000120227912F0070290402279D210DFF8FA
:109B8000703313EBC21318600BE00120227912F03E
:109B9000070290402279D210DFF85C3313EBC21336
:109BA0001860C9B24908E068400800900098421E59
:109BB00000920028FAD10122207810F0070012FA52
:109BC00000F02378DB10DFF8286316EBC316306053
:109BD000E06800900098431E00930028FAD1207896
:109BE00010F0070082402078C010DFF80C3313EB30
:109BF000C0131A60E068400800900098421E00926E
:109C00000028FAD1ACE72000FFF733FF012801D18B
:109C1000002000E00120C0B276BD2DE9FC47040021
:109C20000D00002C01D0012000E00020C222DFF84E
:109C3000BC12C0B2FAF792FD00260827DFF8B48202
:109C40005FF001092078C01018EBC010217811F0E6
:109C5000070119FA01F10160E06800900098411EC7
:109C600000910028FAD1DFF888A22079C0101AEB01
:109C7000C010217911F0070119FA01F101600022E9
:109C800000216068C0B200F059FC27E02078C010C5
:109C900018EBC010217811F0070119FA01F10160E9
:109CA000E06800900098411E00910028FAD12078C9
:109CB000C0101AEBC010217811F0070119FA01F158
:109CC0000160E06800900098411E00910028FAD1E0
:109CD0006068C0B200F021FC50EA46063800471E1A
:109CE000C0B20028D2D12078C01018EBC01820785C
:109CF00010F0070019FA00F9C8F8009003220121BA
:109D00006068C0B200F01AFCE06800900098411E44
:109D100000910028FAD12900C9B22000FFF746FEC1
:109D20003000C0B2BDE8F68770B504000D00160023
:109D3000002C01D0012000E000204FF49C72DFF8DD
:109D4000AC11C0B2FAF70AFD2000FFF791FD217AAD
:109D50004900C9B22000FFF7F4FE2900C9B2200073
:109D6000FFF7EFFE3100C9B22000FFF7EAFE200046
:109D7000FFF7CDFD70BD2DE9F04105000E00140088
:109D80001F00002D01D0012000E00020DFF85C81E1
:109D90004FF4A6724146C0B2FAF7E0FC002C01D0A5
:109DA000012000E0002040F24D124146C0B2FAF717
:109DB000D5FC2800FFF75CFD297A4900C9B22800CC
:109DC000FFF7BFFE3100C9B22800FFF7BAFE04E07A
:109DD00021782800FFF7B5FE641C3800471E0028D4
:109DE000F6D12800FFF793FDBDE8F08138B50400F7
:109DF0000D00002C01D0012000E000204FF4F37290
:109E00003A49C0B2FAF7AAFC00202000FFF730FD63
:109E1000217A4900C9B22000FFF793FE2900C9B298
:109E20002000FFF78EFE2000FFF722FD217A490077
:109E300051F00101C9B22000FFF783FE012120008B
:109E4000FFF7EBFE05002000FFF761FD2800C0B220
:109E500032BD2DE9F04105000F0016001C00002D59
:109E600001D0012000E00020DFF880804FF4FF7275
:109E70004146C0B2FAF772FC002E01D0012000E08A
:109E8000002040F2FF124146C0B2FAF767FC2800FA
:109E9000FFF7EEFC297A4900C9B22800FFF751FE0E
:109EA0003900C9B22800FFF74CFE2800FFF7E0FC9C
:109EB000297A490051F00101C9B22800FFF741FE9B
:109EC0000BE0002104E037007E1C002CF9D10121B9
:109ED000C9B22800FFF7A1FE38702000441E0028F8
:109EE000F1D12800FFF713FDBDE8F081F0CC081098
:109EF0000800314004003140040031402DE9F843AE
:109F0000040088461700002C01D0012000E000204A
:109F1000089D1E00DFF85C9040F2BA224946C0B2AC
:109F2000FAF71CFC30002900C0B2C9B2884201D047
:109F3000012000E0002040F2BB224946C0B2FAF7FF
:109F40000DFC3000C0B220602800C0B2606084F810
:109F50000880E7600323012201213000C0B200F035
:109F600014FB0323012201212800C0B200F00DFBE5
:109F7000BDE8F183F0CC0810022801D301200FE0E6
:109F80000B00DBB2042B01DB012009E0954B03EB56
:109F90008000C9B2405C824201D3012000E0002071
:109FA0007047F8B506000F0015001C00022E01D303
:109FB00001201CE02A003900C9B23000FFF7DCFFA5
:109FC000012801D1012012E03800C0B2002811D1CF
:109FD000B4F5807F0CD284487603304400EB8500D2
:109FE00010F58050016864F30F2101600020F2BD7C
:109FF0000120FCE7FFB2012F10D1B4F5803F0BD256
:10A0000079487603304400EB850010F5A0500168D4
:10A0100064F317210160E9E70120E8E70120E6E7A2
:10A0200000B20012C0B27047F8B505000E0017006C
:10A03000280000B2FFF7F4FF04002000C0B202289D
:10A0400001D3012023E03A003100C9B22000C0B2A0
:10A05000FFF792FF012801D1012018E0624920009A
:10A06000C0B2400308442A00D2B200EB8200D0F80C
:10A07000000CF6B266F3092067F30700E4B264034C
:10A080002144EDB201EB8501C1F8000C0020F2BDC6
:10A0900070B504000D001600022C01D301201CE055
:10A0A00032002900C9B22000FFF766FF012801D164
:10A0B000012012E04C496003085850F0004050F075
:10A0C000407050F47F00EDB265F3092066F307009D
:10A0D0006203885064030859002070BDF8B504007D
:10A0E0004FF4FA504443414D414E00212878C001BD
:10A0F000304400F0F2FD14E02878C001304400F054
:10A10000EEFDB842F8D33B4F3C192878C0013044EB
:10A1100000F0E5FD3F1839002878C001304400F018
:10A12000DCFD4CF25137BC42E6D22878C001304405
:10A1300000F0D5FD8442F8D2F1BD38B594B050217D
:10A1400000226C462000FAF79BFB2B4C00220121D9
:10A15000B4F90000FFF768FFB4F90000FFF760FFF3
:10A16000092300220121C0B2FFF71BFFB4F9000050
:10A17000FFF756FF00220121C0B2FFF789FF5FF011
:10A18000FF30009000208DF8040000208DF80500BD
:10A1900000208DF8060000208DF8080003208DF8BF
:10A1A00044000120129001208DF807000F4C104D43
:10A1B00069462078C001284400F0CAFC2078C0011C
:10A1C000284400F085FD00212078C001284400F0DB
:10A1D00084FD2078C0012844FAF755FD15B030BD44
:10A1E00000000000B8D4081000000440A0070228B6
:10A1F00000005940B03CFFFF9C070228A9B1B1FA0A
:10A2000081F241409040C2F1200261FA02F181EAFC
:10A21000000018BF40F0010002F19D01C9050206CF
:10A2200072F1004241EB1020704750B1B0FA80F259
:10A230009040C2F19D02D205010671F1004142EB4E
:10A240001020704770B50020002500263000461C05
:10A2500080B2B0F5807F0BDA00215A48FFF7C6FDC7
:10A2600004000120FFF73AFFE4B2242CEED100E015
:10A2700001252800C0B270BDE0B506236A460C2156
:10A280005048FFF7E6FD9DF801009DF8001051EAE7
:10A2900000214D4801809DF803009DF8021051EA0D
:10A2A00000214A4801809DF805009DF8041051EAFC
:10A2B00000214748018007BDE0B506236A46122108
:10A2C0004048FFF7C6FD9DF801009DF8001051EAD7
:10A2D0000021404801809DF803009DF8021051EADA
:10A2E00000213D4801809DF805009DF8041051EAC9
:10A2F00000213A48018007BD7CB500241420FFF7F7
:10A30000EDFE304D792000907A233B226921280010
:10A31000FFF7F4FDFFF796FF002807D0E523304A4A
:10A3200030490020FAF738FA012448E000227C2165
:10A330002800FFF7F9FC0120FFF7D0FE0022592189
:10A340002800FFF7F1FC4FF40053274A5E21280054
:10A35000FFF711FD012259212800FFF7E5FC142029
:10A36000FFF7BCFE21212800FFF740FD012807D0A0
:10A37000F4231B4A1D490020FAF70EFA01241EE0BF
:10A380000E227D212800FFF7CFFCA72240212800C4
:10A39000FFF7CAFCA92242212800FFF7C5FC0222D0
:10A3A00041212800FFF7C0FC114E5FF08B40306068
:10A3B000002243212800FFF7B7FC0E487060200000
:10A3C000C0B276BDA8110228221302282413022845
:10A3D000261302281C1302281E1302282013022809
:10A3E00048CC081050D308108000081004D408107E
:10A3F000F80602286F1283411AA210EE101A43F2D7
:10A40000A40CC3F6896CF2EC060A614509DB00EE88
:10A41000803A70EE800A83EE200A40F0020010EECF
:10A42000101A4900D1F1E6410BD860EE000A20EE87
:10A43000203A03EE010A01EEA02A42EE202A80EE25
:10A44000220A400810F0020F18BFB1EE400A02EBDA
:10A450008002D2ED000A30EE200A28BFB1EE400A99
:10A4600070470000D7B3DD3F6AD5033F2B94A93D69
:10A47000B82A593F0000803F000080BF0000000064
:10A48000920A063FDB0FC93F920A863FDB0FC93FA6
:10A49000920A0640DB0F4940368D27400069C840CC
:10A4A00010F001007047012212FA01F1816070473B
:10A4B000012212FA01F14160704710B48900436C27
:10A4C0000F248C40A34312F00F0212FA01F119433A
:10A4D000416410BC704780B5C9B200290ED001009C
:10A4E000C9B2082291FBF2F302FB1311494AC0B230
:10A4F000C010C0011044FFF7D6FF0DE00100C9B243
:10A50000082291FBF2F302FB1311424AC0B2C010C1
:10A51000C0011044FFF7CCFF01BD80B50100C9B2F6
:10A52000082291FBF2F302FB13113A4AC0B2C010A9
:10A53000C0011044FFF7B2FFC0B202BD10B5C9B2EE
:10A5400000290BD1D2B2002A02D0022A02D003E0A5
:10A550000F220BE00B2209E00A2207E0D2B2042A04
:10A5600001D10C2200E00E2212F007020100C9B254
:10A57000082391FBF3F403FB1411264BC0B2C01067
:10A58000C0011844FFF799FF10BD2DE9F8418DB0C7
:10A5900004000E0015001F0034210022E84640464A
:10A5A000FAF76EF9F6B2002E0ED1FFB2002F02D0EC
:10A5B000022F03D005E00F2001900DE0082001904C
:10A5C0000AE00820019007E0FFB2042F02D10F201B
:10A5D000019001E00E2001902000C0B2C0280FD0F1
:10A5E0002100C9B208206A4691FBF0F300FB131169
:10A5F00008482300DBB2DB10DB011844FAF7FFF94F
:10A600002900C9B22000C0B2FFF765FF0EB0BDE857
:10A61000F08100000000314080B5DFF8800401685F
:10A62000491C016069460120FAF7B0FD002805D0F9
:10A6300001226946DFF86804FBF755F801BD10B543
:10A6400004004023DFF85C240021DFF85404FBF70A
:10A6500045FA1023102221000120FAF7BCFE012147
:10A660000120FAF739FE0020DFF83C1408700020C2
:10A67000DFF83814087010BDE0B56B4601AADFF8AA
:10A68000301400F03DFB022807D1DFF828040199BF
:10A690000160DFF824040099016007BDDFF81404AD
:10A6A00090ED000A7047DFF8100490ED000A704743
:10A6B0001CB505E0012020700020DFF800140870B0
:10A6C00000226946DFF8D803FBF7DDF8002838D10F
:10A6D000DFF8EC432078002803D19DF80000232800
:10A6E000E8D02078012823D19DF80000242810D13B
:10A6F000DFF8C8130878002808D0DFF8C803002264
:10A700000B78C254097889B2FFF7B6FF0020207099
:10A71000D6E7DFF8A80301781F2908D29DF80010BA
:10A72000DFF8A0230378D1540178491C0170C7E7F2
:10A730009DF800002128C3D09DF8000000F04AF8E1
:10A74000BEE700F023F9DFF88003007800282ED15F
:10A750009FED670ADFF87403D0ED000AF0EEE00A1F
:10A76000F4EE400AF1EE10FA0ADADFF86413D1EDE4
:10A77000000AF0EEE00AF4EE400AF1EE10FA12DB05
:10A78000DFF8501300680860DFF84C03DFF840136F
:10A7900009680160DFF84403002101600120DFF84F
:10A7A0004013087003E00020DFF83413087013BD75
:10A7B00010B5040023210120FAF7ADFC303421004C
:10A7C000C9B20120FAF7A7FC24210120FAF7A3FC63
:10A7D00010BD000080B5DFF80C13D1E900230100A3
:10A7E000C9B2462917D1C04890ED000ADFED640ACE
:10A7F00030EE200A80ED000A90ED000ADFED610ADC
:10A80000B4EE600AF1EE10FA01DBB8490160B84815
:10A81000C0E900236AE00100C9B2422917D1B54856
:10A8200090ED000ADFED560A30EE200A80ED000AB6
:10A8300090ED000ADFED540AB4EE600AF1EE10FA72
:10A8400001DB95490160AC48C0E900234EE00100FE
:10A85000C9B24C2917D1A94890ED000ADFED480A8A
:10A8600030EE200A80ED000A90ED000ADFED450A87
:10A87000B4EE600AF1EE10FA01DB9C490160A048D9
:10A88000C0E9002332E00100C9B2522917D19D4826
:10A8900090ED000ADFED3A0A30EE200A80ED000A62
:10A8A00090ED000ADFED380AB4EE600AF1EE10FA1E
:10A8B00001DB794901609448C0E9002316E0C0B289
:10A8C0004D2813D19FED730A8E4880ED000A8B4806
:10A8D00080ED000A874880ED000A834880ED000A79
:10A8E0000120794908708948FEF7AEF801BD0000E3
:10A8F0000BD7A33B30B47B48D0E900017C4AD2E9B6
:10A900000023821A71EB0303824C0025AB4205D36E
:10A9100001D8A24202D3744A00231360764AD2E9D6
:10A920000023821A71EB03037A4C0025AB4205D356
:10A9300001D8A24202D36F4A00231360704AD2E9C1
:10A940000023821A71EB0303724C0025AB4205D33E
:10A9500001D8A24202D3694A002313606A4AD2E9AD
:10A960000023801A99416B4A0023994205D301D8EC
:10A97000904202D363480021016030BC7047000060
:10A980000AD7233C3F0AD73D9B99193E80B5FFF774
:10A99000B1FF6148007800283FD15348554991EDF7
:10A9A000000AD0ED000AB4EE600AF1EE10FA09D503
:10A9B00090ED000AD1ED000A30EE600A434880EDC8
:10A9C000000A08E090ED000AD1ED000A30EE600ABE
:10A9D0003E4880ED000A4B48484991ED000AD0ED11
:10A9E000000AB4EE600AF1EE10FA09D590ED000A03
:10A9F000D1ED000A30EE600A354880ED000A08E02B
:10AA000090ED000AD1ED000A30EE600A304880ED8A
:10AA1000000A3F48002101603AE02C480021016013
:10AA20002B4800210160FDF7D3FE3C4880ED000A71
:10AA3000344890ED000A3148D0ED000A30EE600A4B
:10AA400037483349D0ED000A20EE200ADFED120A24
:10AA500080EE200A81ED000A90ED000AD1ED000A97
:10AA6000B4EE600AF1EE10FA01D502680A6091EDC9
:10AA7000000AD0ED000AF1EE600AB4EE600AF1EED1
:10AA800010FA05D590ED000AB1EE400A81ED000AFA
:10AA900001BD0000000000009A99193E48120228EA
:10AAA00018110228C80E0228291302282A13022886
:10AAB000C0D408104C120228501202282D1302286C
:10AAC0002C130228C81002283213022888120228E8
:10AAD0008C120228681202286C12022870120228B6
:10AAE00031130228B8110228341202283E0AD73D39
:10AAF000C011022838120228C81102283C1202286C
:10AB0000D011022840120228D81102287CD4081043
:10AB100044120228E19304002B1302289012022809
:10AB2000F006022810EE100AF5EE400AF1EE10FAD7
:10AB300009D604BFC04207E0B4EE600AF1EE10FA95
:10AB4000B8BFB0EE600A704728BFB0EE600A704729
:10AB500010B4012291F84C30052B03D291F84D30FE
:10AB6000052B01D31000A7E0002800F0A4800029E5
:10AB700000F0A180514A12684B7963F392428B79BD
:10AB800013F0030363F311420B7A13F0070363F32B
:10AB90001A62CB7963F39E720B7D63F3000291F826
:10ABA000243063F3410202600A7910F130031C681B
:10ABB00062F307041C604A79012A0BD18A79002AC2
:10ABC00002D10022826007E08A79012A04D10A6852
:10ABD000826001E001228260CA6802610A69426102
:10ABE000CA6982610A6AC2610A680262344A1268EA
:10ABF0000B7E03F0FF03120A12021A4391F8303061
:10AC000003F0FF0363F3174291F8403003F0FF03B2
:10AC100063F31F6291F8483003F0FF0363F30F22E0
:10AC20004264284A126891F8383003F0FF03120A90
:10AC300012021A4391F8283003F0FF0363F30F2246
:10AC40008264214A12688B7D13F0030392089200FC
:10AC50001A4391F8253013F0030363F38B2291F824
:10AC60002C3013F0030363F3051291F8343013F022
:10AC7000030363F3092291F83C3013F0030363F3F9
:10AC8000871291F8443013F0030363F38302C26424
:10AC90000E4A126891F84C3013F00703D208D20024
:10ACA0001A4391F84D3013F0070363F3061242651F
:10ACB000497D81670022100010BC704728D508101C
:10ACC0002CD5081030D5081034D5081038D5081008
:10ACD000016851F0004101607047816070478068F1
:10ACE00070477830016851F001010160704710F140
:10ACF00070010A6852F001020A60006F704700009C
:10AD00000DB4C0B50A4604A800210190009101AB22
:10AD100003A9044878440C30FBF798F906BC5DF8A9
:10AD200010FB00BF9F82FFFFDFF8C4110868C0F36B
:10AD30004000002801D0022002E0086810F0010065
:10AD40007047DFF8B001006810F0010070470000A4
:10AD5000C21E022A01D3012002E0C01E08600020AA
:10AD600070471CB5FF246946FFF7F2FFC0B2002808
:10AD700002D02000C0B207E0DFF8FC01009950F8D3
:10AD8000210010F00100C0B216BD0000002801D063
:10AD9000032801D3012002E0401E08600020704714
:10ADA0001CB5FF246946FFF7F1FFC0B2002802D0AE
:10ADB0002000C0B208E0DFF8C4010099090108448E
:10ADC000C06810F00100C0B216BD0000DFF8BC0181
:10ADD0000068800810F00100704738B504002000BA
:10ADE000C0B2082811D3DFF898511822DFF8941167
:10ADF000280000F00DFC0020E87540F65B00DFF84D
:10AE000088110860002000F03BFCDFF8CC11200026
:10AE1000C0B251F82000C0F30020002805D0E4B2F1
:10AE200051F8240010F00F0000E0FF2032BD38B5CB
:10AE300004002000C0B2082811D3DFF844511822C2
:10AE4000DFF84011280000F0E3FB0020E8754FF424
:10AE50000960DFF834110860002000F011FCDFF811
:10AE60007801E4B250F82400C0F30110C0B232BD42
:10AE7000DFF868211368C3F3072303601068C0F389
:10AE8000C40008607047DFF858211368C3F3072334
:10AE900003601068C0F3C4000860704738B5040050
:10AEA000072C11D3DFF8D8501822DFF8C41128007E
:10AEB00000F0AEFB0020E8754FF4CE70DFF8C8104C
:10AEC0000860002000F0DCFBDFF8A00150F824004F
:10AED00010F00700010009B2042907D1DFF888014A
:10AEE00050F8240010F01F0050F4807000B232BD02
:10AEF0002415264040152640DFF8B01209688A0361
:10AF0000920B0260090E11F00101C171DFF8A0126D
:10AF100009680A00D204D20C82800A00120C02F0E6
:10AF2000FF020281090C01F0FF014181DFF84411A9
:10AF3000096811F00F0202730A00C2F30312427390
:10AF40000A00120AD204D20CC281090F11F00301C7
:10AF50000174DFF8641309680A00120A12F007028C
:10AF600082710A00120CD205D20D4282890F11F0B3
:10AF70000101017570470000401626400019264067
:10AF8000001102281CCB08103012022810002740A4
:10AF90001CB50C006946FFF7DBFE0100C9B20029B1
:10AFA00001D0C0B217E0DFF8B404009950F82100D6
:10AFB00010F07F012160C0F304216160C0F30441FF
:10AFC000A1600100090F11F003016173C00E10F0C0
:10AFD00001002073002016BD4012264008002040CA
:10AFE000080420401CB50C006946FFF7CFFE0100A5
:10AFF000C9B2002901D0C0B235E0DFF810150098C1
:10B000000001085800F0FF022260C0F304226260D1
:10B01000C0F30442A260000F10F0030020730098F8
:10B020000001084442681000C00F6073C2F3027050
:10B03000002801D0012000E00020A07322F07F4210
:10B04000226100980001084480680100C90F217541
:10B050000100090E11F001016175A075000C10F0DE
:10B060000700E075002016BD0001264000122640B2
:10B0700080CB08103815264080B50100DFF8680540
:10B080001822F8F729F80120DFF860150870002071
:10B0900002BDDFF85C150968C90F002908D0DFF888
:10B0A0004C150978002907D1002101600320704761
:10B0B000002101600320FAE7DFF82C150968016020
:10B0C0000020F4E710B50400FFF72EFE002803D19E
:10B0D0000020206003200DE0DFF810050078002834
:10B0E00005D0DFF8040580682060002002E0002021
:10B0F0002060032010BD0000DFF8F014097800295B
:10B1000005D0DFF8E41449680160002002E0002166
:10B11000016003207047DFF8DC140968C90F0029BB
:10B1200008D0DFF8C8140978002907D10021016090
:10B1300003207047002101600320FAE7DFF8A8141C
:10B14000C96801600020F4E7DFF8AC140968C90F92
:10B15000002908D0DFF894140978002907D10021CC
:10B16000016003207047002101600320FAE7DFF847
:10B170007814096901600020F4E710B50400FFF7B6
:10B1800025FE002803D10020206003200DE0DFF819
:10B190005C040078002805D0DFF84C04406920608A
:10B1A000002002E000202060032010BD3015264062
:10B1B0003415264010B50C00C0B2FFF76FFE002812
:10B1C0000ED0012810D0022812D0B0F5887F13D0FD
:10B1D00040F21111884213D0B0F58A7F14D017E0E5
:10B1E0002000FFF756FF16E02000FFF785FF12E072
:10B1F0002000FFF767FF0EE02000FFF78CFF0AE05A
:10B200002000FFF7BAFF06E02000FFF79DFF02E0F5
:10B2100000202060032010BD80B501000020FFF752
:10B22000C9FF02BD80B50322D2B2824203D2002000
:10B230000860012003E0401CC0B2FFF7BBFF02BD65
:10B2400018B587B004006846FFF7E6FF0100C9B2F1
:10B25000002903D000212160C0B22BE001A8FFF734
:10B260004BFE9DF81400022803D1009820600020B6
:10B2700020E0DFF888030068C00F002808D0FFF73F
:10B2800060FDC0B2002807D100202060032011E03B
:10B290000098206000200DE0009901984143BDF81E
:10B2A0000800B1FBF0F09DF80B10491CB0FBF1F069
:10B2B0002060002008B010BD3C152640F0B58BB0D2
:10B2C00005000C0069462800C0B2FFF7ABFF010083
:10B2D000C9B2002903D000212160C0B2BCE028001F
:10B2E000C0B202284CD307A92800C0B2401CFFF707
:10B2F0004FFEC0B2002811D0DFF804631822DFF837
:10B300000413300000F084F90020F07540F663105B
:10B31000DFF8F4120860002000F0B2F94F4829006D
:10B32000C9B200EB810050F8080CC00F002807D00C
:10B330009DF82900022807D10098206000208BE0AA
:10B3400000982060002087E0EDB26D1C2800FFF718
:10B3500008FD0100C9B2002902D0C0B2FF2803D104
:10B3600000202060032077E0009907984143089867
:10B37000B1FBF0F00999B0FBF1F0206000206BE028
:10B3800001A92800C0B2401CFFF72CFEC0B2002863
:10B3900011D0DFF86C621822DFF86812300000F07C
:10B3A00037F90020F07540F67F10DFF85C12086076
:10B3B000002000F065F955482900C9B2090140583C
:10B3C000C00F002807D09DF81000022807D1009870
:10B3D0002060002040E00098206000203CE0EDB2BA
:10B3E0006D1C2800FFF7DCFC0100C9B2002902D067
:10B3F000C0B2FF2803D10020206003202CE09DF87C
:10B40000110001281DD1009A0023019E00273F064C
:10B4100047EA162736060598002136184F41A6FB45
:10B42000020106FB031107FB0211029A039BA3FB17
:10B430000223F7F7C7FF000E40EA0120090E206043
:10B4400009E00099019841430298B1FBF0F003999B
:10B45000B0FBF1F0206000200BB0F0BD00162640DC
:10B4600010B50323421E0400E4B2002C03D10800EF
:10B47000FFF7E6FE0CE01400DBB2E4B2A34204D313
:10B480001000C0B2FFF71AFF02E0C0B2FFF792FE51
:10B4900010BD38B505000C002800C0B2FFF79DFCB8
:10B4A0000100C9B2FF2904D12000FFF7F2FDC0B2AC
:10B4B0001BE06946C0B2FFF7D3FF0100C9B2002903
:10B4C00003D000212160C0B20FE02800C0B2FFF716
:10B4D000AEFCC0B2002805D002280BD006D303284A
:10B4E0000CD00FE000982060002032BD009840088A
:10B4F0002060F9E7009880082060F5E70098C00810
:10B500002060F1E7002020600320EEE700192640CC
:10B510001FB5040002A90120FFF7BBFF0100C9B25B
:10B52000002903D000212160C0B21AE0694601A8B9
:10B53000FFF79EFC01980021421C71F1FF335B0173
:10B5400043EAD26352010098002112184B4102983D
:10B550000021490141EAD0614001F7F733FF206043
:10B56000002004B010BD1FB5040002A90120FFF7A0
:10B5700090FF0100C9B2002903D000212160C0B2B0
:10B580001AE0694601A8FFF77EFC01980021421CE1
:10B5900071F1FF335B0143EAD2635201009800214D
:10B5A00012184B4102980021490141EAD061400143
:10B5B000F7F708FF2060002004B010BD80B5DFF869
:10B5C0004C100A68C2F303220E2A07D00968C1F39F
:10B5D00003210D2905D1FFF7C6FF02BDFFF798FF34
:10B5E000FBE70120F9E70000E810022828130228F1
:10B5F00018152640081526400C1526403015264003
:10B600000011022880CB08103012022800002040D0
:10B6100001B58B071AD1830724D1121F21D351F80A
:10B62000043BA3F1013C2CEA030C1CF0803C04BF5A
:10B6300040F8043BF1E79CFA8CFCBCFA8CF1C1F1B8
:10B6400018018B40CB4040F8043B13E0042A09D397
:10B6500011F8013B521E00F8013B5BB18B07F7D19B
:10B66000D9E7121D5AB111F8013B521E00F8013BF7
:10B6700003B1F8D111001CBF0022F9F705F901BD93
:10B6800001BEFEE780B5234A23490B6893423ED0B2
:10B690000A60224A12684A62214A8A6202684A6043
:10B6A00042688A608268CA60C2680A6102694A6147
:10B6B00042698A618269CA61C2690A62F1EE102A2E
:10B6C00012F0900F23D0174A8A62026ACA62426A55
:10B6D0000A63826A4A63C26A8A63026BCA63426B04
:10B6E0000A64826B4A64C26B8A64026CCA64426CEC
:10B6F0000A65826C4A65C26C8A65026DCA65426DD4
:10B700000A66826D4A66C26D8A66006EC86600F07F
:10B710000BF801BDFAF9F8F7AC0C022828ED00E0AF
:10B72000A4A3A2A1ABAAA9A8FEE70000022801D306
:10B73000012010E00B00DBB2042B01DB01200AE04A
:10B74000DFF8CC3303EB8000C9B2405C824201D306
:10B75000012000E000207047F8B506000F0015003A
:10B760001C00022E01D301201DE02A003900C9B2BD
:10B770003000FFF7DBFF012801D1012013E0380082
:10B78000C0B2002812D1B4F5807F0DD2DFF8840357
:10B790007603304400EB850010F58050016864F3B7
:10B7A0000F2101600020F2BD0120FCE7FFB2012F54
:10B7B00011D1B4F5803F0CD2DFF858037603304442
:10B7C00000EB850010F5A050016864F317210160BB
:10B7D000E8E70120E7E70120E5E700B20012C0B288
:10B7E0007047F8B505000E001700280000B2FFF7FB
:10B7F000F4FF04002000C0B2022801D3012024E09D
:10B800003A003100C9B22000C0B2FFF78FFF012813
:10B8100001D1012019E0DFF8FC122000C0B2400382
:10B8200008442A00D2B200EB8200D0F8000CF6B235
:10B8300066F3092067F30700E4B264032144EDB224
:10B8400001EB8501C1F8000C0020F2BD70B50400C9
:10B850000D001600022C01D301201DE0320029004A
:10B86000C9B22000FFF762FF012801D1012013E0D7
:10B87000DFF8A0126003085850F0004050F040700C
:10B8800050F47F00EDB265F3092066F30700620310
:10B89000885064030859002070BD0100C9B2002916
:10B8A00005D0022907D004D3032906D006E03E20A4
:10B8B00004E0412002E09A2000E08B20C0B27047F3
:10B8C0000100C9B2002905D0022907D004D30329F9
:10B8D00006D006E00A2004E00A2002E00A2000E088
:10B8E0000A20C0B270470100C9B2002905D0022960
:10B8F00007D004D3032906D006E03F2004E042200D
:10B9000002E09B2000E08C20C0B2704738B50400F4
:10B91000002081482100C9B2405C002813D07F4834
:10B920002100C9B250F82100FFF7D9F90500200025
:10B93000C0B2FFF7D8FFC0B2FEF7EFFD01280AD072
:10B940002DB26D4207E0764D7448E4B250F8240001
:10B9500000F0F0F82D1A280000B232BD80B56E4913
:10B960000200D2B2895C002907D000216B4AC0B224
:10B9700052F82000FFF7B1F906E00021674AC0B293
:10B9800052F8200000F0D4F801BD2DE9F841A1B033
:10B9900005000E0014003421002214AF3800F8F71F
:10B9A0006FFF28003100C0B2C9B2884201D1012026
:10B9B00000E000205D4FE7223900C0B2F8F7CEFE6C
:10B9C00030002100C0B2C9B2884201D1012000E09C
:10B9D0000020E8223900C0B2F8F7C0FE524F002222
:10B9E00001212800C0B237F91000FFF7FAFE280045
:10B9F000C0B237F91000FFF7F0FE09230022012141
:10BA0000C0B2FFF7A9FE2800C0B237F91000FFF757
:10BA1000E4FE00220121C0B2FFF718FF0E201590AE
:10BA20003000C0B2FFF74CFF8DF858003000C0B2B4
:10BA3000FFF733FF07005FF008083000C0B2FFF7E0
:10BA40002CFF384E14AA97FBF8F108FB1177390048
:10BA5000C0B2C010C0013044F8F7D1FF0B201590E0
:10BA600000208DF858002000C0B2FFF73CFF07000F
:10BA70005FF008082000C0B2FFF735FF14AA97FB5B
:10BA8000F8F108FB11773900C0B2C010C001304492
:10BA9000F8F7B5FF502100226C462000F8F7F0FEC1
:10BAA0004FF6FF700090039000208DF804000020F6
:10BAB0008DF8050000208DF8060000208DF80800A4
:10BAC00000208DF8440002201290144C6946280092
:10BAD000C0B254F82000FFF73BF82800C0B254F879
:10BAE0002000FFF7F5F82800C0B254F82000F9F75D
:10BAF000CAF800212800C0B254F82000FFF7EDF882
:10BB000001200549EDB2485522B0BDE8F0810000A2
:10BB1000B8D40810000004400813022818070228AF
:10BB20000080FFFF00003140100702289CCC081065
:10BB30008160704780687047022801D3012010E0BF
:10BB40000B00DBB2042B01DB01200AE0DFF86C33D1
:10BB500003EB8000C9B2405C824201D3012000E0C7
:10BB600000207047F8B506000F0015001C00022EDB
:10BB700001D301201DE02A003900C9B23000FFF7CF
:10BB8000DBFF012801D1012013E03800C0B20028FA
:10BB900012D1B4F5807F0DD2DFF824037603304450
:10BBA00000EB850010F58050016864F30F210160FF
:10BBB0000020F2BD0120FCE7FFB2012F11D1B4F546
:10BBC000803F0CD2DFF8F8027603304400EB8500AA
:10BBD00010F5A050016864F317210160E8E7012027
:10BBE000E7E70120E5E700B20012C0B27047F8B500
:10BBF00005000E001700280000B2FFF7F4FF040054
:10BC00002000C0B2022801D3012023E03A00310015
:10BC1000C9B22000C0B2FFF78FFF012801D1012077
:10BC200018E0A7492000C0B2400308442A00D2B25D
:10BC300000EB8200D0F8000CF6B266F3092067F33F
:10BC40000700E4B264032144EDB201EB8501C1F8C1
:10BC5000000C0020F2BD70B504000D001600022C8F
:10BC600001D301201CE032002900C9B22000FFF7F7
:10BC700063FF012801D1012012E0914960030858B7
:10BC800050F0004050F0407050F47F00EDB265F38A
:10BC9000092066F3070062038850640308590020F6
:10BCA00070BD80B50100C9B2032906DA8549C0B26A
:10BCB000C0010844FFF71BF807E08349C0B2C00188
:10BCC0000844B0F5C070FFF712F801BD70B596B02A
:10BCD00004000D005021002202AE3000F8F7D0FD24
:10BCE00000262000C0B203286ADA002201212000C9
:10BCF000C0B200F2711000B2FFF779FF2000C0B2AD
:10BD000000F2711000B2FFF76EFF0923002201213B
:10BD1000C0B2FFF727FF2000C0B200F2711000B2DE
:10BD2000FFF761FF00220121C0B2FFF794FF20005E
:10BD3000C0B210F5D570ADF800000220ADF80200D9
:10BD400001208DF80400032260482100C9B250F898
:10BD500021106846F9F738FFED00029500208DF8B4
:10BD60000C0000208DF80D0000208DF80E00002042
:10BD70008DF8100003208DF84C0001201490002055
:10BD80008DF8540000208DF855004E4D02A920007A
:10BD9000C0B2C0012844FEF7DBFE2000C0B2C001E3
:10BDA0002844FEF795FF2000C0B2C0012844F8F7F0
:10BDB0006AFFE4B2E40105EB0400FEF792FF7AE0CB
:10BDC000002201212000C0B210F5B17000B2FFF7CF
:10BDD0000EFF2000C0B210F5B17000B2FFF703FFF4
:10BDE000092300220121C0B2FFF7BCFE2000C0B22F
:10BDF00010F5B17000B2FFF7F6FE00220121C0B2CB
:10BE0000FFF729FF2000C0B200F29B10ADF8000040
:10BE10000220ADF8020001208DF8040003222B4817
:10BE20002100C9B250F821106846F9F7CDFEED00A7
:10BE3000002005E0B5F5803F01D3761C6D08401C5D
:10BE40000828F7DB02958DF80C6000208DF80D00B6
:10BE500000208DF80E0000208DF8100003208DF8D2
:10BE60004C000120149000208DF8540000208DF823
:10BE70005500154D02A92000C0B2C0012844B0F5FC
:10BE8000C070FEF765FE2000C0B2C0012844B0F5C6
:10BE9000C070FEF71DFF2000C0B2C0012844B0F5FD
:10BEA000C070F8F7F0FEE4B2E40105EB0400B0F571
:10BEB000C070FEF716FF16B070BD0000B8D40810B1
:10BEC0000000044000005940008058402807022824
:10BED00010B52DED028B0020FFF7E3FE79480168D5
:10BEE000491C016000F02CF9FCF7DEFAFBF796FC28
:10BEF000FBF72CFD74480078002801D0FDF70CFBFF
:10BF0000FCF7E6FF7148007800280BD070487149B3
:10BF10000968016070487149096801607048714999
:10BF200009680160704C94F83800002834D0FCF7A0
:10BF30004FFCB0EE408A6A4890ED000A2000FDF701
:10BF4000BFFBB0EE480A2000FDF7C6FB674C20009F
:10BF5000FDF7B6FB664890ED000ADFED560A20EECD
:10BF6000200A6449D1ED000A9FED531A00EE810AC0
:10BF700080ED000A90ED000A2000FDF7ADFBDFED3B
:10BF80004F0A20EE201A5448D0ED000A504890ED98
:10BF9000000AFDF779FA09E09FED491A4E48D0ED05
:10BFA000000A4B4890ED000AFDF76EFAFCF7C2FF5D
:10BFB000FDF760F9BDEC028B10BD80B50120FFF7E5
:10BFC00070FEFCF79BFD01BD80B50220FFF769FE06
:10BFD0004948D0E90023521C73F1FF33C0E9002324
:10BFE00001BD80B50320FFF75CFE01BD80B50420D4
:10BFF000FFF757FE01BD80B50520FFF752FE01BDDA
:10C0000080B50620FFF74DFE01BD80B50720FFF784
:10C0100048FE01BD80B50820FFF743FE01BD80B595
:10C020000920FFF73EFE01BD80B50A20FFF739FE6B
:10C0300001BD80B50B20FFF734FE01BD80B50C209B
:10C04000FFF72FFE01BD80B50D20FFF72AFE01BDD1
:10C0500080B50E20FFF725FE00F0F0F801BD80B599
:10C060000020F8F714FF002801D0F8F75EFB01BDAF
:10C0700080B50120F8F70BFF002801D0FEF7CCFABD
:10C0800001BD80B50220F8F702FF002801D000F0C2
:10C0900013F901BD80B50320F8F7F9FE01BD80B5A5
:10C0A0000420F8F7F4FE002802D014480068804706
:10C0B00001BD0000CDCC4C3FCDCC4C3E35FA8E3C82
:10C0C000000000002812022836130228311302282B
:10C0D00088120228681202288C1202286C12022888
:10C0E0009012022870120228080F0228480F022816
:10C0F0002C120228B0120228B811022800070228C8
:10C1000080B50520F8F7C3FE01BD80B50620F8F71D
:10C11000BEFE01BD80B5022202210220FFF735FCE0
:10C12000032203210320FFF730FC0022002100201E
:10C13000FFF72BFC012201210120FFF726FC01BDA6
:10C1400010B52DED028B394C0220FFF7DFFBA081EB
:10C15000B6EE008A94ED020A20EE080AB4F90C004B
:10C1600000EE900AF8EEE00A00EE880A84ED020A7A
:10C170002069B4F90C10401820610220FFF7EEFB93
:10C180002B4C0020FFF7C2FBA08194ED020A20EEA9
:10C19000080AB4F90C0000EE900AF8EEE00A00EE8E
:10C1A000880A84ED020A2069B4F90C104018206155
:10C1B0000020FFF7D3FB1F4C0320FFF7A7FB4042F3
:10C1C000A08194ED020A20EE080AB4F90C0000EEFA
:10C1D000900AF8EEE00A00EE880A84ED020A20696F
:10C1E000B4F90C10401820610320FFF7B7FB124C84
:10C1F0000120FFF78BFB4042A08194ED020A20EE64
:10C20000080AB4F90C0000EE900AF8EEE00A00EE1D
:10C21000880A84ED020A2069B4F90C1040182061E4
:10C220000120FFF79BFBBDEC028B10BD200D022807
:10C23000780D0228D00D0228280E0228F8B51948DA
:10C24000007800282DD00020174C08202060174DC2
:10C250000420286008202860042020600820206036
:10C2600004202860002615E008202860104F0720D1
:10C2700000F0ACF83100C9B227F81100042000F03A
:10C28000A5F83100C9B207EB4101A1F8000108206F
:10C290002060761C3000C0B28028E5DB0120054913
:10C2A0000870F1BD411302280803314004033140F6
:10C2B000A4070228421302281FB50020019040481D
:10C2C0000078002868D004E0012269463D48F9F76B
:10C2D0000AFA69460220F8F759FF0028F4D19DF8C0
:10C2E00000000A2858D106200190364C012301AAEB
:10C2F00002A92000F9F722FB032228A10DF10B006F
:10C3000000F09EF8002810D12748017802293DD07E
:10C31000012101702000F9F7D5F90190002301AA4D
:10C3200022492000F9F70AFB30E003221CA10DF19D
:10C330000B0000F085F8002810D11D480178022973
:10C3400024D0012101702000F9F7BCF901900023ED
:10C3500001AA18492000F9F7F1FA17E0032211A108
:10C360000DF10B0000F06CF800280FD11248017895
:10C3700002290BD0012101702000F9F7A3F90190E7
:10C38000002301AA0D492000F9F7D8FA2000F9F797
:10C390005FF901200C4908701FBD0000524D430099
:10C3A00047474100544853003F130228AC0B022872
:10C3B0003E1302282C0B0228401302282C0C0228C2
:10C3C0003D130228481102283C13022830B4010012
:10C3D000C9B249090200D2B2202392FBF3F403FB55
:10C3E0001422154BC0B21B5C5B00D3F10403134C49
:10C3F0000800C0B254F820001500EDB2AD01284489
:10C4000000F63C00056855F0010505600800C0B263
:10C4100054F82000D0F80002C00F0028F6D1C9B2AD
:10C4200054F82100D2B292011044D0F8240880B20E
:10C43000184180B230BC7047800E022804070228E1
:10C440008AB10B7890F800C09C4506D110F8013BEA
:10C450004BB1491C521EF4D105E002D24FF0FF301F
:10C4600070470120704700207047000038B500F089
:10C4700077F900F042F800F0C9F8714908688003C4
:10C4800012D4BFF34F8FBFF36F8F00206D4A10603F
:10C49000BFF34F8FBFF36F8F086850F40030086010
:10C4A000BFF34F8FBFF36F8F0868C00324D4002001
:10C4B000654A1060BFF34F8F64480268C2F34E3381
:10C4C000C2F3C90443F6E07010EA431050EA8470E6
:10C4D0005F4D28602000441E0028F3D11800431E41
:10C4E0000028EDD1BFF34F8F086850F4803008600A
:10C4F000BFF34F8FBFF36F8F31BD70B586B0684605
:10C5000054491822F6F7E8FD00200AE069460200C7
:10C51000D2B201EBC2014968491C11F0070F0DD1DD
:10C52000401C0100C9B2032909D269460200D2B2F7
:10C5300011F8321011F0070FE8D0FEE7FEE7464C85
:10C54000207810F0070F00D0FEE7444D2868401C0B
:10C5500010F0070F00D0FEE7002622E06846310009
:10C56000C9B200EBC10041683000C0B252F83000DF
:10C5700000F043F814E000200028EFD02168491EA5
:10C580003000C0B252F8300000F037F86846310091
:10C59000C9B200EBC10041682868401C00F02DF8CA
:10C5A000761C3000C0B2032825D26A463000C0B2E3
:10C5B00052F83000002813D020683100C9B252F878
:10C5C000311088420AD368463100C9B200EBC1007D
:10C5D00040682168884201D30120CDE70020CBE7E5
:10C5E00068463100C9B200EBC1004068216888424A
:10C5F000C1D30120C0E706B070BD0022002302E0D5
:10C60000C0E9002308308842FAD3704730B4144898
:10C6100080081449144A002308E01C00E4B252F8D0
:10C6200024401D00EDB241F825405B1C1C000500B4
:10C63000E4B2EDB2AC42F0D30C48016030BC7047BC
:10C6400014ED00E050EF00E084ED00E080ED00E04C
:10C6500060EF00E0BCD3081014CB081018CB081012
:10C6600080000000801302280000081008ED00E0A0
:10C6700010B5002042490860BFF34F8F4148016860
:10C68000C1F34E32C1F3C90343F6E07010EA421021
:10C6900050EA83703C4C20601800431E0028F3D100
:10C6A0001000421E0028EDD1BFF34F8FBFF36F8FF4
:10C6B000BFF34F8FBFF36F8F002034490860BFF383
:10C6C0004F8FBFF36F8F00F001F810BD38B586B003
:10C6D00068462F491822F6F7FFFC6846FEF7CCFCA7
:10C6E000C0B200280DD02B4C18222B492000FEF799
:10C6F0008FFF0020E0754E20284908600020FEF7DB
:10C70000BFFF274D2800FEF759FFC0B200280DD00B
:10C71000204C182220492000FEF77AFF0020E07507
:10C7200050201E4908600020FEF7AAFF1D49286816
:10C7300008600A681C4882181C48B2FBF0F01C4ACA
:10C7400010601C48096801F2E7314FF47A72B1FBBE
:10C75000F2F101600068C0031749086007B030BDFE
:10C7600080B500F02DF815490A6852F470020A608D
:10C77000BFF34F8FBFF36F8F00F026F801BD0000AD
:10C7800084ED00E080ED00E074EF00E050EF00E0A9
:10C79000D4D3081000110228E4CB0810301202286C
:10C7A000E8120228EC1202283F420F0040420F001C
:10C7B000F4120228F0120228F812022888ED00E094
:10C7C000EFF3108072B6704780F310887047000056
:10C7D000010009B2002908D4012210F01F018A408B
:10C7E0004F4900B2400941F820207047FEE780B56C
:10C7F0004C4800684C4801680800C00F002805D06C
:10C800004A488905890D50F8210080470020FFF72C
:10C81000DFFF01BD80B54648006846480168080052
:10C82000C00F002805D041488905890D50F8210026
:10C8300080470120FFF7CCFF01BD80B53E4800686E
:10C840003E4801680800C00F002805D03748890518
:10C85000890D50F8210080470220FFF7B9FF01BD84
:10C8600080B537480068374801680800C00F0028C5
:10C8700005D02E488905890D50F8210080470320F6
:10C88000FFF7A6FF01BD80B52F4800682F4801685B
:10C890000800C00F002805D024488905890D50F8EC
:10C8A000210080470420FFF793FF01BD80B5284891
:10C8B0000068284801680800C00F002805D01B4800
:10C8C0008905890D50F8210080470520FFF780FF7A
:10C8D00001BD80B520480068204801680800C00FED
:10C8E000002805D011488905890D50F8210080479E
:10C8F0000620FFF76DFF01BD80B519480068194893
:10C9000001680800C00F002805D008488905890D76
:10C9100050F8210080470720FFF75AFF01BD0000B3
:10C9200080E200E0D8D40810000120400000022876
:10C93000DCD4081004012040E0D408100801204095
:10C94000E4D408100C012040E8D408101001204065
:10C95000ECD4081014012040F0D408101801204035
:10C96000F4D408101C01204010B50120FCF716FC7F
:10C97000344C2000FCF770FF01212000FCF7A3FEDF
:10C98000314C2000FCF768FF01212000FCF79BFEE2
:10C99000FBF716FFFAF738FF2C48002101602C48FE
:10C9A000002101602B480021016001202A49087004
:10C9B00010BD80B50020FCF7EEF8012802D101205F
:10C9C000FDF7F6FE0120FCF7E6F8012802D102206F
:10C9D000FDF7EEFEFBF7E0F80220FCF7DCF801289B
:10C9E0002ED10020FCF7DAFB00211648FCF76BFE85
:10C9F00000211548FCF767FE0020174908700E2338
:10CA00002B2200211548FCF761FB0D232A2200216F
:10CA10001348FCF75BFB2123522200211148FCF74D
:10CA200055FB2223532200210F48FCF74FFB0848F7
:10CA3000002101600748002101600320FDF7B8FED6
:10CA400001BD0000080F0228480F0228901202289A
:10CA5000881202288C12022834130228200D022882
:10CA6000780D0228D00D0228280E022872B61D4922
:10CA700008684FEA102000F00F000E2808BF1A497E
:10CA80000D2808BF1949072808BF1949082808BFF9
:10CA90001849086820F00B0008600868BFF34F8F42
:10CAA000154816490860BFF34F8F1549086840F0D4
:10CAB000070008601349086840F007000860BFF3EA
:10CAC0004F8FBFF36F8F00200021124AE2E802016E
:10CAD0006A45FBD10C4FB8470C4FB8470C4FB847CD
:10CAE000FEE70000000020400C0020400C04204025
:10CAF0000C0820400C0C20400000081008ED00E05D
:10CB000090EF00E094EF00E06DC408104DD10810E4
:10CB100089D3081000FF0728FFFF0728423A5C630B
:10CB20007974345C5365656B667265655F4359540F
:10CB30003442425F4F70656E736F757263655F4C10
:10CB40006962726172795C6C696272617269657343
:10CB50005C73646B5C747669696268346D5C737273
:10CB6000635C647269766572735C737973636C6B12
:10CB70005C63795F737973636C6B2E6800000000EF
:10CB8000423A5C637974345C5365656B66726565C3
:10CB90005F4359543442425F4F70656E736F7572D4
:10CBA00063655F4C6962726172795C6C6962726123
:10CBB000726965735C73646B5C747669696268340E
:10CBC0006D5C7372635C647269766572735C7379B1
:10CBD00073636C6B5C63795F737973636C6B2E63E7
:10CBE00000000000423A5C637974345C5365656B05
:10CBF000667265655F4359543442425F4F70656E9B
:10CC0000736F757263655F4C6962726172795C6C97
:10CC100069627261726965735C73646B5C74766976
:10CC2000696268346D5C7372635C73797374656D8B
:10CC30005C73797374656D5F747669696268346D6D
:10CC40005F636D372E630000423A5C637974345C35
:10CC50005365656B667265655F4359543442425F44
:10CC60004F70656E736F757263655F4C6962726158
:10CC700072795C6C69627261726965735C7A665F15
:10CC80006465766963655C7A665F64657669636529
:10CC90005F696D7536363072612E6300423A5C63AF
:10CCA0007974345C5365656B667265655F4359548E
:10CCB0003442425F4F70656E736F757263655F4C8F
:10CCC0006962726172795C6C6962726172696573C2
:10CCD0005C7A665F6472697665725C7A665F6472BC
:10CCE000697665725F656E636F6465722E630000BE
:10CCF000423A5C637974345C5365656B6672656552
:10CD00005F4359543442425F4F70656E736F757262
:10CD100063655F4C6962726172795C6C69627261B1
:10CD2000726965735C7A665F6472697665725C7A53
:10CD3000665F6472697665725F736F66745F696956
:10CD4000632E6300423A5C637974345C5365656BAF
:10CD5000667265655F4359543442425F4F70656E39
:10CD6000736F757263655F4C6962726172795C6C36
:10CD700069627261726965735C7A665F636F6D6D1B
:10CD80006F6E5C7A665F636F6D6D6F6E5F6669660E
:10CD90006F2E6300423A5C637974345C5365656B53
:10CDA000667265655F4359543442425F4F70656EE9
:10CDB000736F757263655F4C6962726172795C6CE6
:10CDC00069627261726965735C7A665F64657669CF
:10CDD00063655C7A665F6465766963655F6B6579D8
:10CDE0002E630000423A5C637974345C5365656B72
:10CDF000667265655F4359543442425F4F70656E99
:10CE0000736F757263655F4C6962726172795C6C95
:10CE100069627261726965735C7A665F6472697671
:10CE200065725C7A665F6472697665725F70776D51
:10CE30002E630000423A5C637974345C5365656B21
:10CE4000667265655F4359543442425F4F70656E48
:10CE5000736F757263655F4C6962726172795C6C45
:10CE600069627261726965735C7A665F6472697621
:10CE700065725C7A665F6472697665725F7561720D
:10CE8000742E630000004129211C19171615141374
:10CE900012121111111010100F0F0F0F0E0E0E0E97
:10CEA0000E0E0E0D0D0D0D0D0D0000003031323344
:10CEB0003435363738396162636465666768696A34
:10CEC0006B6C6D6E6F707172737475767778797A3A
:10CED0000000000010B5FBF7D7FEFFF71BF90A2092
:10CEE000FBF762FEFDF708FAFBF792FA4FF41650D3
:10CEF000FDF7A5FB42F2107421000020FEF7E6FECC
:10CF000021000120FEF7E2FE01210220FEF7DEFEF5
:10CF1000FBF756FC01480021016010BD9012022869
:10CF20000000000000002440000000000000594004
:10CF3000000000000088C3400000000084D7974133
:10CF40000080E03779C34143176E05B5B5B8934605
:10CF5000F5F93FE9034F384D321D30F94877825AD1
:10CF60003CBF737FDD4F1575423A5C637974345C66
:10CF70005365656B667265655F4359543442425F21
:10CF80004F70656E736F757263655F4C6962726135
:10CF900072795C70726F6A6563745C636F64655C00
:10CFA000514D43353838334C2E63000030B40025E2
:10CFB00012E050F8042BD30744BF4A44521E091F05
:10CFC000042942F8045BFAD213468C0744BF15804B
:10CFD0009B1CC90748BF1D7050F8041B0029E8D1ED
:10CFE00030BC7047494E41563A205345472564208E
:10CFF0006172726976656421206572723D252E33F7
:10D00000666D20706F7328252E32662C252E3266B1
:10D01000290A0000494E41563A20504944206F6E7B
:10D020002C20706F73207A65726F65642C20776195
:10D030006974696E67204D206B65792E2E2E0A006B
:10D04000494E41563A2042256420646973743D2557
:10D050002E32666D2061627328252E32662C252EB5
:10D060003266290A00000000494E41563A205345D5
:10D0700047256420474F20643D252E32666D206190
:10D080003D252E3166205B6175746F5D0A000000DE
:10D09000494E41563A2053454725642061727269D2
:10D0A0007665642C207061757365203530306D7342
:10D0B0002E2E2E0A0000000070697463683D252E34
:10D0C00031662C726F6C6C3D252E31662C67793D74
:10D0D000252E31662C67783D252E31660A0000002A
:10D0E0007363616E665F733A2062616420666C6F81
:10D0F0006174696E672D706F696E742061726775F7
:10D100006D656E740000000080B5084800F010F8EE
:10D11000F7F783FBFFF7DEFEFFF726FCFFF749FC7E
:10D12000FAF790FEFDF7C4FAF8E700BF80B2E60E0A
:10D1300080B505490860FFF79BFAFCF7FEFF002069
:10D14000F8F71AFD01BD0000FC12022810B50749CE
:10D1500079441831064C7C44163404E00A68081DF2
:10D16000114488470146A142F8D110BD9800000043
:10D17000B4000000494E41563A20422564207265B1
:10D18000636F72642073746172742C207961773DCF
:10D19000252E31660A000000494E41563A20626150
:10D1A000636B20746F2063656E74657221206572F5
:10D1B000723D252E33666D0A000000007363616EB8
:10D1C000665F733A206261642025632C2025732CEE
:10D1D000206F7220255B20617267756D656E74002B
:10D1E0004EF68851CEF20001086840F470000860E5
:10D1F000BFF34F8FBFF36F8F4FF00170E1EE100A56
:10D2000070470000A9FDFFFFA00B0000A407022843
:10D21000000000001B5DFFFF7E03000076010000A0
:10D220000000022804207146084202D0EFF3098072
:10D2300001E0EFF3088000B50149884700BD000018
:10D2400085B6081080B58DF80000012269460120DE
:10D25000F7F77BFA012802D19DF8000002BD4FF0DC
:10D26000FF3002BD000000000000000000000000D0
:10D27000801C800803D0401C801EFCD100BF70477A
:10D28000EFF3108072B6704780F31088704700008B
:10D2900000F00EF8002801D0FFF758FFAFF3008030
:10D2A0000020AFF30080FFF72FFF00F003F800002D
:10D2B0000020704700F000B807463846F6F7A0F99E
:10D2C000FBE70000494E41563A2043454E54455233
:10D2D00028252E32662C252E3266290A00000000F1
:10D2E000494E41563A20534547256420643D252E3A
:10D2F00032666D20613D252E31660A00494E415649
:10D300003A207072657373204B45595F3420746FF7
:10D3100020474F0A00000000716D63353838336CC8
:10D320002073656C6620636865636B206572726F3D
:10D33000722E00000D0A66696C65202573206C69E9
:10D340006E652025643A2025732E0D0A000000002A
:10D35000696D7536363072612073656C662063685E
:10D3600065636B206572726F722E00000420714637
:10D37000084201D0EFF30980EFF3088000B50149BE
:10D38000884700BDADD408100548014603B468467F
:10D3900080F30988AFF30080FFF722FFFFF778FFE3
:10D3A000A5EDF5FE494E41563A2042256428252E2A
:10D3B00032662C252E3266290A0000000000022861
:10D3C000FFFF072800000020FF3F002000000000B2
:10D3D000FF3F000000127A00000000000024F4006B
:10D3E0000080000000800000008000000D0A6669D7
:10D3F0006C65202573206C696E652025642E0D0AEE
:10D4000000000000696D75363630726120696E6902
:10D4100074206572726F722E0000000038B50446E9
:10D420000D462846FFF70EFFA84218BF00242046ED
:10D4300032BD0000494E41563A20666F7263652046
:10D4400073746F700A000000494E41563A20616CB7
:10D450006C20646F6E65210A0000000066696C65CF
:10D460003A206D646B2F25730000000041737365D3
:10D470007274206572726F7200000000474F204383
:10D48000454E544552210A0066696C653A20257361
:10D49000000000006C696E653A2025640000000001
:10D4A0004C6F67206D65737361676500816911F862
:10D4B000021CC9B201607047030100001011001086
:10D4C00025662C256600000000000000000000001A
:10D4D000A3A1A2A0AD000000000000000000000019
:10D4E000000000000000000000000000000000003C
:10D4F000000000000000000000000000000000002C
:10D50000000000000000000000000000000000001B
:10D51000000000000000000000000000000000000B
:10D5200000000000000000000000000000000000FB
:10D5300000000000000000000000000000000000EB
:10D5400000000000000000000000000000000000DB
:10D550000000000000000000FFF7FEBFFFF762BE02
:10D56000FFF760BEFFF75EBEFFF7FEBFFFF7FEBF2F
:10D57000FFF7FEBFFFF7FEBFFFF7FEBFFFF7FEBFDF
:10D58000FFF7FEBFFFF7FEBFFFF7FEBFFFF7FEBFCF
:10D59000FFF7FEBF7047F002FFEDC7081004F1FF70
:10D5A00004F1FF04F1FF04F1FF04F1FF04F177043B
:10D5B0002014000002280000003F00803B460000CD
:10D5C00080453333834195D51810029040001004F4
:10D5D00010132090406C013A014101600180835892
:10D5E00040000A5840800D08100A1D5840D1BE085E
:10D5F00010BBBF0810C90412E30412ED0412F704B3
:10D60000100301C008100B04121504121F04122984
:10D6100004123304123D04124704125104125F0431
:10D62000127104128304129504129F041301C1386D
:10D63000110410050000604000006504126404122B
:10D640006304126204126704000566407701010159
:10D6500006000000000000000000000000000000C4
:10D6600000000000000000000000000000000000BA
:10D6700000000000000000000000000000000000AA
:10D68000000000000000000000000000000000009A
:10D69000000000000000000000000000000000008A
:10D6A000000000000000000000000000000000007A
:10D6B000000000000000000000000000000000006A
:10D6C000000000000000000000000000000000005A
:10D6D000000000000000000000000000000000004A
:10D6E000000000000000000000000000000000003A
:10D6F000000000000000000000000000000000002A
:0BD7000000000000000000000000001E
:040000051008D38983
:00000001FF
