:020000041008E2
:100000000000082875C8081099D5081091D208106A
:100010009DD50810A1D50810A5D508100000000036
:10002000000000000000000000000000B1D3081034
:10003000A9D5081000000000ADD50810B1D50810F2
:10004000F7C508101DC6081043C6081069C6081079
:100050008FC60810B5C60810DBC6081001C7081007
:10006000B5D50810B9D50810BDD50810C1D50810F0
:10007000C5D50810C9D50810CDD50810D1D50810A0
:10008000C82E002E802E3DB1C82E002E802E91034A
:10009000802EBCB0802EA303C82E002E802E00B070
:1000A0005030212E59F51030212E6AF5802E3B0359
:1000B0000000000008190100220075000010001067
:1000C000D100B343802E00C1802E00C1802E00C11C
:1000D000802E00C1802E00C1802E00C1802E00C164
:1000E000802E00C1802E00C1802E00C1802E00C154
:1000F000802E00C1802E00C1802E00C1802E00C144
:10010000802E00C1802E00C1802E00C1802E00C133
:10011000802E00C1802E00C1802E00C1802E00C123
:10012000802E00C1802E00C1802E00C1802E00C113
:10013000802E00C1802E00C1802E00C1802E00C103
:10014000802E00C1802E00C1802E00C1802E00C1F3
:10015000802E00C1802E00C1802E00C1802E00C1E3
:10016000802E00C1802E00C1802E00C1E05F000003
:1001700000000100000000000000000000009200EC
:10018000000000000000000000000000000000006F
:1001900008190000880000000000000005E0AA38EF
:1001A00005E09030FA0096004B09110011000200A2
:1001B0002D01D47B3B01DB7A04003F7BCD6CC30473
:1001C0008509C304ECE60C460100270019009600DF
:1001D000A00001000C00F03C000101000300010040
:1001E0000E00000032000500EE060400C80000000A
:1001F0000400A805EE060004BC02B3008507000059
:1002000000000000000000000000000000000000EE
:100210000000B4000100B9000100980000000000D7
:100220000000000001008000040000000000000049
:1002300000000000000000000000000000000000BE
:1002400000000000000000000000000000000000AE
:10025000000000000000000000000000000000009E
:10026000000000000000000000000000000000008E
:1002700000000000000000000000802E00C1FD2DE5
:10028000DE00EB00DA00000CFF0F0004C0005BF59D
:10029000C9011EF280003FFF19F458F566F564F5B8
:1002A000C0F1F000E000CD01D301DB01FF7FFF01D1
:1002B000E40074F7F300FA00FF3FCA036C3856FEFF
:1002C00044FDBC02F90600FC1202AE0158FA9AFD88
:1002D0007705BB02960195017F01820189018701A3
:1002E00088018A018C018F018D0192019101DD004D
:1002F0009F017E01DB00B601706926D39C071F05B4
:100300009D000008BC0537FAA201AA01A101A801BD
:10031000A001A805B401B401CE00D000FC00C501C5
:10032000FFFBB10000380030FDF5FCF5CD01A00069
:100330005FFF0040FF0000806D0FEB007FFFC2F504
:1003400068F7B3F1670F5B0F610F800F58F75BF72A
:10035000830F8600720F850FC6F17F0F6CF700E0E8
:1003600000FFD1F5870F8A0FFF03F03F8B008E004F
:100370009000B9002DF5CAF5CB0120F20000000075
:10038000000000000000000000000000000000006D
:10039000000000000000000000000000000000005D
:1003A000000000000000000000000000000000004D
:1003B000000000000000000000000000000000003D
:1003C000000000000000000000000000000000002D
:1003D000000000000000000000000000000000001D
:1003E000000000000000000000000000000000000D
:1003F00000000000000000000000000000000000FD
:1004000000000000000000000000000000000000EC
:1004100000000000000000000000000000000000DC
:1004200000000000000000000000000000000000CC
:1004300000000000000000000000000000000000BC
:1004400000000000000000000000000000000000AC
:1004500000000000000000003050982ED70E5032EF
:10046000982EFA030030F07F002E002ED02E002EA2
:10047000018008A2FB2F982EBA03212E1900012E0D
:10048000EE0000B2072F012E190000B2032F015019
:100490000352982E07CC012EDD0000B2272F052E27
:1004A0008A000552982EC7C1032EE90040B2F07FA2
:1004B000082F012E190000B2042F0030212EE90070
:1004C000982EB4B1012E180000B2102F0550982EAE
:1004D0004DC30550982E5AC7982EF9B4982E54B291
:1004E000982E67B6982E17B21030212E7700012E65
:1004F000EF0000B2042F982E7AB70030212EEF00C3
:10050000012ED40004AE0B2F012EDD0000B2072F08
:100510000552982E8E0E00B2022F1030212E7D0033
:10052000012E7D000090902EF102012ED70000B226
:10053000042F982E2F0E0030212E7B00012E7B00E1
:1005400000B2122F012ED4000090022F982E1F0E01
:10055000092D982E810D012ED4000490022F5032C7
:10056000982EFA030030212E7B00012E7C0000B271
:10057000902E0903012E7C000131010800B2042FE6
:10058000982E47CB1030212E77008130012E7C0031
:10059000010800B2612F032E8900012ED40098BCFF
:1005A00098B805B20F58232F079009540030372F01
:1005B00015410441DCBE44BEDCBA2C0161000F567B
:1005C0004A0F0C2FD14294B8C1421130052E6AF760
:1005D0002CBD2FB980B20822982EC3B7212D6130CF
:1005E000232ED400982EC3B70030212E5AF5182D93
:1005F000E17F5030982EFA030F520750504270306E
:100600000D5442427E82E26F80B24242052F212E7B
:10061000D4001030982EC3B7032D6030212ED400A3
:10062000012ED4000690182F012E76000B5407528D
:10063000E07F982E7AC1E16F081A4030082F212EF2
:10064000D4002030982EAFB75032982EFA03052DE3
:10065000982E380E0030212ED4000030212E7C0040
:10066000182D012ED40003AA012F982E450E012E1D
:10067000D4003F8003A2012F002E022D982E5B0E86
:100680003030982ECEB70030212E7D005032982E7B
:10069000FA03012E770000B2242F982EF5CB032EFB
:1006A000D5001154010ABC848386212EC901E04083
:1006B0001352C4408240A8B9524243BE5342040A76
:1006C0005042E17FF0314140F26F25BD0808020A37
:1006D000D07F982EA8CF06BCD16FE26F080A804267
:1006E000982E58B70030212EEE00212E7700212EB3
:1006F000DD00802EF4011A242200802EEC0110501F
:10070000FB7F982EF3035750FB6F01307154114259
:10071000420EFC2FC02E0142F05F802E00C1FD2D45
:100720000100000000000000000000009A013403F6
:1007300000000000000000000000000000000000B9
:1007400000000000000000000000000000000000A9
:100750000000000000000000000000000000000099
:100760000000000000000000000000000000000089
:100770000000000000000000000000000000000079
:100780000000000000000000000000000000000069
:100790000000000000000000000000000000000059
:1007A00000002050E77FF67F06320F2E61F5FE092C
:1007B000C0B3042F17302F2EEF002D2E61F5F66FEA
:1007C000E76FE05FC82E2050E77FF67F46300F2EA0
:1007D000A4F1BE0980B3062F0D2ED40084AF022FE2
:1007E00016302D2E7B0086302D2E60F5F66FE76FCC
:1007F000E05FC82E012E77F709BC0FB800B2105089
:10080000FB7F10300B2F032E8A0096BC9FB840B29E
:10081000052F032E68F79EBC9FB840B2072F032E0A
:100820007E004190012F982EDC03032C0030212EF6
:100830007E00FB6FF05FB82E2050E07FFB7F002E24
:100840002750982E3BC82950982EA7C80150982EA3
:1008500055CCE16F2B50982EE0C9FB6F0030E05F64
:10086000212E7E00B82E7350013057541142420E93
:10087000FC2FB82E212E59F51030C02E212E4AF112
:100880009050F77FE67FD57FC47FB37FA17F907FB5
:10089000827F7B7F982E35B700B2902E97B0032EC3
:1008A0008F00072E9100052EB1003FBA9FB8012E90
:1008B000B100A3BD4C0A052EB10004BEBFB9CB0ADE
:1008C0004FBA22BD012EB300DC0A2FB9032EB800A7
:1008D0000ABE9A0ACFB99BBC012E97009FB8930A13
:1008E0000FBC910A0FB8900A252E1800052EC1F5ED
:1008F0002EBD2EB9012E190031308A040090072F29
:10090000012ED40004A2032F012E180000B20C2FD8
:1009100019500552982E4DB7052E78008090103052
:10092000012F212E7800252EDD00982E3EB700B233
:1009300002300130042F012E190000B2002F2130A7
:10094000012EEA00081A0E2F232EEA0033301B5026
:100950000B090140175646BE4B084C0A01420A805B
:1009600015520142002E012E180000B21F2F032E37
:10097000C0F5F030480847AA7430072E7A0061228B
:100980004B1A052F072E66F5BFBDBFB9C0900B2FC0
:100990001D562B30D242DB420104C24204BDFE8010
:1009A0008184232E7A0002420232252E62F5052E22
:1009B000D6008184252ED6000231252E60F5052E25
:1009C0008A000B50900880B20B2F052ECAF5F03E1E
:1009D0009008252ECAF5052E59F5E03F9008252EE2
:1009E00059F5906FA16FB36FC46FD56FE66FF76F56
:1009F0007B6F826F705FC82EC050907FE57FD47F81
:100A0000C37FB17FA27F877FF67F7B7F002E012E81
:100A100060F5607F982E35B70230636F1552507FB6
:100A2000627F5A2C02321A0900B3142F00B2032F2E
:100A3000092E180000910C2F437F982E97B71F5056
:100A4000028A02320430252E64F51552506F436F2E
:100A50004443252E60F5D908C0B2362F982E3EB7F4
:100A600000B2062F012E190000B2022F506F009025
:100A70000A2F012E79000090192F1030212E7900B5
:100A80000030982EDC03132D012EC3F50CBC0FB8DB
:100A90001230100403B0262521500352982E4DB772
:100AA0001030212EEE000230607F252E7900606F1D
:100AB0000090052F0030212EEA001550212E64F5FC
:100AC0001552232E60F50232506F0090022F033032
:100AD000272E7800072E60F51A090091A32F190917
:100AE0000091A02F906FA26FB16FC36FD46FE56FAD
:100AF0007B6FF66F876F405FC82EC050E77FF67F31
:100B000026300F2E61F52F2E7C000F2E7C00BE09A3
:100B1000A27F807F80B3D57FC47FB37F917F7B7FAF
:100B20000B2F23501A251240427F74821240527FAD
:100B3000002E0040607F982E6AD68130012E7C0006
:100B4000010800B2422F032E8900012E890097BCB4
:100B500006BC9FB80FB80090232ED800103001308B
:100B60002A2F032ED40044B2052F47B200302D2F78
:100B7000212E7C002B2D032EFDF59EBC9FB84090AE
:100B8000142F032EFCF599BC9FB840900E2F032E16
:100B900049F125544A084090082F982E35B700B2E5
:100BA0001030032F5030212ED400102D982EAFB7C7
:100BB0000030212E7C000A2D052E69F72DBD2FB99E
:100BC00080B2012F212E7D00232E7C00E031212ECA
:100BD00061F5F66FE76F806FA26FB36FC46FD56F6B
:100BE0007B6F916F405FC82E60510A253688F47F75
:100BF000EB7F0032315232301330982E15CB0A255C
:100C00003384D27F433005502D52982E95C1D26F38
:100C10002752982ED7C72A25B086C07FD37FAF84AE
:100C20002950F16F982E4DC82A25AE8AAA88F26EF7
:100C30002B50C16FD36FF47F982EB6C8E06E00B210
:100C4000322F33548386F16FC37F04303030F47F0A
:100C5000D07FB27FE330C56F56404541280803146A
:100C60000EB408BC8240100A2F542605917F4428F8
:100C7000A37F982ED9C008B933305309C16FD36F01
:100C8000F46F831747406C15B26FBE09750B904225
:100C90004542510E32BC0289A16F7E86F47FD07F1F
:100CA000B27F0430916FD62FEB6FA05EB82E032E6B
:100CB00097001BBC60509FBC0CB8F07F40B2EB7F2C
:100CC0002B2F032E7F004140012EC800011A112F47
:100CD0003758232EC8001041A07F38810141D07FB2
:100CE000B17F982E64CFD06F0780A16F1142002E84
:100CF000B16F01421130012EFC0000A80330CB225D
:100D00004A25012E7F003C8935520554982EC4CEC9
:100D1000C16FF06F982E95CF042D0130F06F982E93
:100D200095CFEB6FA05FB82E032EB3000232F030E8
:100D3000033130508A080808CB08E07F80B2F37F87
:100D4000DB7F252F032ECA004190042F0130232E74
:100D5000CA00982E3F03C0B2052F032EDA000030E0
:100D60004104232EDA00982E92B21025F06F00B2C3
:100D7000052F012EDA0002301004212EDA0040B2D5
:100D8000012F232EC801DB6FE06FD05F802E95CF3F
:100D90000130E06F982E95CF1130232ECA00DB6F03
:100DA000D05FB82ED0500A2533845550D27FE27FD1
:100DB000038CC07FBB7F0030055A39545141A57F59
:100DC000967F807F982ED9C00530F57F2025916FC2
:100DD0003B583D5C3B56982E67CCC16FD56F524057
:100DE0005043C17FD57F1025982EFEC91025982E1F
:100DF00074C0866F3028926F828CA56F6F52690E17
:100E00003954DB2F19A01530032F0030212E81011A
:100E10000A2D012E810105284236212E8101020E64
:100E2000012F982EF303575012300140982EFEC91F
:100E3000516F0B5C8E0E3B6F57580230212E95017F
:100E4000456F2A8DD27FCB7F132F02303F50D27F48
:100E5000A80E0E2FC06F535402005154420E103092
:100E600059520230012F002E032D504242421230BF
:100E7000D27F80B2032F0030212E8001122D012E4F
:100E8000C9000280052E8001113091280040252ED6
:100E90008001100E052F012E7F010190012F982E49
:100EA000F303002EA0410190A67F902EE3B4012E03
:100EB000950100A8902EE3B45B549580824080B2E7
:100EC00002402D8C3F52967F902EC2B3290E762F72
:100ED000012EC900004081284552B330982E0FCA18
:100EE0005D54807F002EA140727F82808240607FAF
:100EF000982EFEC91025982E74C0626F0530874069
:100F0000C0910430052F052E830180B21430002FCC
:100F10000430052EC900736F8140E2406904110F4F
:100F2000E1401630FE29CB40022F836F830F222F22
:100F30004756130F1230772F4954420E1230732F39
:100F400000910A2F012E8B0119A802306C2F6350DB
:100F5000002E17420542682C12300B25080F503026
:100F6000022F212E8301032D4030212E83012B2EB1
:100F700085015A2C123000912B25042F635002302A
:100F80001742172C0242982EFEC91025982E74C0C5
:100F9000052EC90081845B308240372E8301020E0A
:100FA000072F5F52403062404140910E012F212EA9
:100FB000830105302B2E85011230362C1630152575
:100FC000817F982EFEC91025982E74C019A2163064
:100FD000152F052E9701806F820E052F012E860199
:100FE0000628212E86010B2D032E87015F544E28E3
:100FF0009142002E8240900E012F212E8801023056
:10100000132C0530C06F081CA80F163005305B503C
:10101000092F02802D2E820105420580002E0242FA
:101020003E80002E06420230906F3E88014004410F
:101030004C280142078010252440004000A8F522DA
:10104000232944427A827E884340044100ABF52341
:10105000DF284342D9A0142F0090022FD26F81B213
:10106000052F6354062890428542092C02305B50BC
:101070000380292E7E012B2E8201054212302B2E59
:1010800083014582002E40407A8202A0082F6350DF
:101090003B30154205423780372E7E010542123023
:1010A000012EC900028C404084417A8C040F032F2A
:1010B000012E8B0119A4042F2B2E8201982EF303ED
:1010C000123081906152082F654265424380398415
:1010D00082880542454285420543002E80410090AA
:1010E000902EE1B46554C16F804000B243586950FE
:1010F000442F555CB7878C0F0D2E9601C440362FB8
:1011000041568B0E2A2F0B52A10E0A2F052E8F014E
:101110001425982EFEC94B54020F695005306554B2
:10112000152F032E8E014D5C8E0F3A2F052E8F0149
:10113000982EFEC94F54820F053069506554302FE8
:101140006D521530428C454204302B2C84436B5237
:10115000428C002E85431530242C45428E0F202FC3
:101160000D2E8E01B10E1C2F232E8E011A2D0E0E68
:10117000172FA10F152F232E8D01132D982E74C01C
:101180004354C20E0A2F655004800B3006820B4276
:10119000798041401230252E8C0101420530695082
:1011A000655484824384BE8C8440864126299442BF
:1011B000BE8ED57F19A143400B2E8C018440C741C0
:1011C0005D29272945428442C27F012FC0B31D2FCC
:1011D000052E940199A0012F80B3132F80B3182FEF
:1011E000C0B3162F12400140927F982E74C0926FA8
:1011F000100F2030032F1030212E7E010A2D212EBA
:101200007E01072D2030212E7E01032D1030212E4E
:101210007E01C26F012EC900BC8402808240004062
:10122000900ED56F022F1530982EF30341910530A3
:10123000072F67503D802B2E8F0105420480002E22
:101240000542022C00300030A26F988A864080A7A9
:10125000052F982EF303C030212E950106251A255F
:10126000E26F768296405643510EFB2FBB6F305F84
:10127000B82E012EB8000131410840B22050F230A2
:101280000208FB7F0130102F052ECC008190E07FFB
:10129000032F232ECC00982E55B6982E1DB5102561
:1012A000FB6FE06FE05F802E95CF982E95CF1030CA
:1012B000212ECC00FB6FE05FB82E00510558EB7F6C
:1012C0002A2589526F5A895013410640B3011642AC
:1012D000CB160640F3021342650EF52F054014307D
:1012E0002C29044208A10030902E52B6B388B08A4F
:1012F000B684A47FC47FB57FD57F927F73300430DE
:10130000554042408A17F3086B01900253B84B8254
:10131000ADBE717F450A0954847F982ED9C0A36F52
:101320007B54D042A37FF27F607F2025716F755A76
:101330007758795C7556982E67CCB16F626F5042C2
:10134000B17FB3301025982E0FCA846F2029716F9A
:10135000926FA56F76826A0E73300030D02FD26FF5
:10136000D17FB47F982E2BB715BD0BB8020AC26F80
:10137000C07F982E2BB715BD0BB8420AC06F081757
:1013800041188916E118D018A17F27251625982E17
:1013900079C08B54907FB330824080900D2F7D5266
:1013A000926F982E0FCAB26F900E062F8B5014308A
:1013B000426F516F144212420142002E316F982E3B
:1013C00074C0416F807F982E74C0826F10044352A6
:1013D000010F052ECB0000300430212F516F4358F0
:1013E0008C0E04301C2F8588416F04418C0F043013
:1013F000162F8488002E044104058C0E04300F2F14
:101400008288316F044104058C0E0430082F8388D4
:10141000002E04418C0F0430022F212EAD01143018
:101420000091142F032EA10141900E2F032EAD0128
:1014300014304C28232EAD0146A0062F81848D52F6
:1014400048828240212EA10142425C2C0230052EAE
:10145000AA0180B20230552F032EA901926FB3303A
:10146000982E0FCAB26F900F003002304A2FA26F31
:10147000875291008552510E022F002E432C0230CC
:10148000C26F7F52910E02303C2F516F8154982EC3
:10149000FEC91025B3302125982E0FCA326FC07FA8
:1014A000B3301225982E0FCA426FB07FB330122589
:1014B000982E0FCAB26F90288352982EFEC9C26F21
:1014C000900F003002301D2F052EA10180B2123086
:1014D0000F2F426F032EAB01910E0230122F526F6D
:1014E000032EAC01910F02300C2F212EAA010A2CE1
:1014F0001230032ECB008D58088941401143004320
:10150000252EA101D46F8F5200433A89002E10433B
:101510001043610EFB2F032EA001111A022F02258A
:10152000212EA001EB6F005FB82E915210300230D7
:10153000955652424B0EFC2F8D5488829356804212
:101540005342404242868354C02EC242002EA352D0
:101550000051524047401A25012E97008FBE7286D7
:10156000FB7F0B307CBFA5501008DFBA7088F8BF36
:10157000CB42D37F6CBBFCBBC50A907F1B7F0B4368
:10158000C0B2E57FB77FA67FC47F902E1CB7072E21
:10159000D200C0B20B2F9752012ECD00827F982E21
:1015A000BBCC0B30372ED200826F906F1A2500B261
:1015B0008B7F142FA6BD25BDB6B92FB980B2D4B08C
:1015C0000C2F99549B560B300B2EB100A1589B4207
:1015D000DB426C092B2EB1008B42CB42867F738499
:1015E000A756C30839520550727F637F982EC2C038
:1015F000E16F626FD10A012ECD00D56FC46F726F9B
:1016000097529D5C982E06CD236F906F9952C0B271
:1016100004BD5440AFB94540E17F0230062FC0B24F
:101620000230032F9B5C12309443854303BF6FBB92
:1016300080B3202F066F2601166F6E034542C090BF
:10164000292ECE009B52142F9B5C002E9341864185
:10165000E304AE0780AB042F80910A2F866F730FCF
:10166000072F836FC0B2042F544245421230042C1E
:101670001130022C1130113002BC0FB8D27F00B2F1
:101680000A2F012EFC00052EC701101A022F212E51
:10169000C701032D022C01300130B06F982E95CF79
:1016A000D16FA06F982E95CFE26F9F52012ECE0082
:1016B000824050420C2C42421130232ED200013085
:1016C000B06F982E95CFA06F0130982E95CF002E39
:1016D000FB6F005FB82E83860130003094402418E1
:1016E0000600530E4F02F92FB82EA952002E60406B
:1016F00041400DBC98BCC02E010A0FB8AB52533C00
:10170000524040404B00821626B901B841401008B3
:1017100097B80108C02E11300108438625400440C7
:10172000D8BE2C0B2211544203804B0EF62FB82E3C
:101730009F501050AD52052ED300FB7F002E13405A
:101740009342410EFB2F982EA5B7982E87CF012EDE
:10175000D90000B2FB6F0B2F012E69F7B13F0108D2
:101760000130F05F232ED900212E69F7802E7AB741
:10177000F05FB82E012EC0F8032EFCF51554AF56BD
:1017800082080B2E69F7CB0AB1588090DDBE4C0859
:101790005FB959228090072F0334C308F23A0A0830
:1017A0000235C0904A0A4822C02E232EFCF5105064
:1017B000FB7F982E56C7982E49C31030FB6FF05F01
:1017C000212ECC00212ECA00B82E032ED30016B82D
:1017D00002344A0C212E2DF5C02E232ED30003BC3B
:1017E000212ED500032ED50040B21030212E7700D7
:1017F0000130052F052ED8008090012F232E6FF584
:10180000C02E212ED90011308108012E6AF7713FB8
:1018100023BD0108020AC02E212E6AF730250030B0
:10182000212E5AF51050212E7B00212E7C00FB7FAB
:10183000982EC3B74030212ED400FB6FF05F0325F4
:10184000802EAFB7802E00C1802E00C1802E00C137
:10185000802E00C1802E00C1802E00C1802E00C1CC
:10186000802E00C1802E00C1802E00C1802E00C1BC
:10187000802E00C1802E00C1802E00C1802E00C1AC
:10188000012E5DF708BC80AC0EBB022F0030410476
:101890008206C0A40030112F40A9032F40910D2FC4
:1018A00000A70B2F80B3B358022F90A1261320233B
:1018B00080901030012FCC0E002F0030B82EB55084
:1018C000180808BC88B60D17C6BD56BCB758DABA9A
:1018D00004011D0A1050053032254503FB7FF63008
:1018E0002125982E37CA16B59ABC06B880A8410A99
:1018F0000E2F8090022F2D50480F092FBFA0042FCC
:10190000BF90062FB754CA0F032F002E022CB752D8
:101910002D52F233982ED9C0FB6FF137C02E01083B
:10192000F05FBF56B954D040C4400B2EFDF3BF52F8
:101930009042944295420530C1500F8806400441C0
:101940009642C54248BE73300D2ED8004FBA84422D
:10195000034281B3022F2B2E6FF5062D052E77F74C
:10196000BD569308252E77F7BB54252EC2F5072EBA
:10197000FDF34230B433DA0A4C00272EFDF3434026
:10198000D43FDC084342002E002E43402430DC0AC2
:1019900043420480032EFDF34A0A232EFDF36134F3
:1019A000C02E0142002E60501A257A86E07FF37F18
:1019B0000325C3524184DB7F3330982E16C21A258B
:1019C0007D82F06FE26F32251640944026018540FB
:1019D0008E17C4426E039542410EF42FDB6FA05F59
:1019E000B82EB051FB7F982EE80D5A25982E0F0E79
:1019F000CB583287C47F65896B8DC55A657FE17F7F
:101A0000837FA67F747FD07FB67F947F1730C752C5
:101A1000C954517F002E856F427F002E5141458170
:101A2000424113403B8A00404B04D006C0AC857F46
:101A3000022F02305104D306418405305D02C916DD
:101A4000DF08D3008D02AFBCB1B9590A656F1143ED
:101A5000A1B4524153410143347F657F2631E56F84
:101A6000D46F982E37CA326F756F83404241237FFF
:101A7000127FF63040255125982E37CA146F200565
:101A8000706F256F6907A26F316F0B3004429B4264
:101A90008B425542327F40A9C36F717F0230D040E4
:101AA000C37F032F4091152F00A7132F00A4112FE0
:101AB00084BD982E79CA556FB75454418200F33FC4
:101AC0004541CB02F630982E37CA356FA46F41439B
:101AD000032C0043A46F356F1730426F516F934052
:101AE00042820041C3000343517F002E9440414194
:101AF0004C02C46FD156630E746F5143A57F8A2F79
:101B0000092ED80001B3212FCB58906F1341B66F27
:101B1000E47F002E9141144092411540172E6FF53D
:101B2000B67FD07FCB7F982E000C0715C26F140BA9
:101B3000292E6FF5C3A3C18FE46FD06FE62F143049
:101B4000052E6FF5140B292E6FF5182DCD56043286
:101B5000B56F1C0151415241C340B57FE47F982EBF
:101B60001F0CE46F218700430432CF545A0EEF2F2D
:101B70001554092E77F7220B292E77F7FB6F505E4D
:101B8000B82E1050012ED40000B2FB7F512F01B2AD
:101B9000482F02B2422F0390562FD75279804240ED
:101BA000818400404242982E930CD954D750A140D2
:101BB00098BD82403E82DA0A44408B16E3005342CD
:101BC000002E43409A025242002E414015544A0EC4
:101BD0003A2F3A8200304140212E850F40B20A2F21
:101BE000982EB10C982E450E982E5B0EFB6FF05F71
:101BF0000030802ECEB7DD52D35442424F84733032
:101C0000DB5283421B306B422330272ED700372E06
:101C1000D400212ED6007A84172C42423030212E57
:101C2000D400122D21300030232ED400212E7BF73A
:101C30000B2D1730982E510CD5500C8272302F2E50
:101C4000D400252E7BF74042002EFB6FF05FB82EAC
:101C500070500A253986FB7FE1326230982EC2C46B
:101C6000B556A56FAB08916F4B08DF56C46F2309BB
:101C70004DBA93BC8C0BD16F0B09CB52E15E56422F
:101C8000AF094DBA23BD940AE56F68BBEB08BDB937
:101C900063BEFB6F5242E30AC02E4342905FD150B5
:101CA000032E25F3134000409BBC9BB408BDB8B97C
:101CB00098BCDA0A08B68916C02E190062021050C4
:101CC000FB7F982E810D012ED40031300804FB6F6C
:101CD0000130F05F232ED600212ED700B82E012E22
:101CE000D700032ED600480E012F802E1F0EB82ECF
:101CF000E350213401428230C132252E62F50100C9
:101D0000223001404A0A0142B82EE354F03B83409E
:101D1000D808E5528342003083305042C432272E27
:101D200064F5940050424042D33F84407D82E308F2
:101D300040428342B82EDD52003040427C86B95288
:101D4000092E700FBF54C442D3865440554094426C
:101D50008542212ED7004240252EFDF3C0427E82CF
:101D6000052E7D0080B2142F052E890027BD2FB9C6
:101D70008090022F212E6FF50C2D072E710F14303D
:101D80001C09052E77F7BD5647BE9308940A252EE9
:101D900077F7E75450424A0EFC2FB82E50500230CD
:101DA0004386E550FB7FE37FD27FC07FB17F002E6B
:101DB000414000404804982E74C01EAAD36F1430CE
:101DC000B16FE322C06F5240E46F4C0E1242D37FDA
:101DD000EB2F032E860F40901130032F232E860FFA
:101DE000022C0030D06FFB6FB05FB82E4050F17FF7
:101DF0000A253C86EB7F41332230982EC2C4D36F34
:101E0000F430DC094758C26F9409EB586ABBDC0810
:101E1000B4B9B1BDE95A950821BDF6BF770B51BEE3
:101E2000F16FEB6F52425442C02E4342C05F50509C
:101E3000F55031301142FB7F7B300B421130028074
:101E4000233301420300072E8003052ED3002352C3
:101E5000E27FD37FC07F982EB60ED16F080A1A2575
:101E60007B86D07F01331230982EC2C4D16F080A0E
:101E700000B20D2FE36F012E80035130C786232E51
:101E800021F208BCC042982EA5B7002E002ED02EFD
:101E9000B06F0BB8032E1B00081AB07F7030042FF0
:101EA000212E21F2002E002ED02E982E6DC0982EBD
:101EB0005DC0ED50982E44CBEF50982E46C3F150A4
:101EC000982E53C73550982E64CF1030982EDC03CF
:101ED0002026C06F02311242AB330B4237800130F3
:101EE0000142F337F752FB504440A20A42428B3181
:101EF000092E5EF7F954E30883421B4223334B005B
:101F0000BC840B40333083420B42E07FD17F982E5C
:101F100058B7D16F803040420330E06FF354043043
:101F2000002E002E0189620EFA2F43421130FB6F02
:101F3000C02E0142B05FC14A00006D570000778E8D
:101F40000000E0FFFFFFD3FFFFFFE5FFFFFFEEE133
:101F5000FFFF7C13000046E6FFFF000000000000CA
:101F60000000000000000000000000000000000071
:101F70000000000000000000000000000000000061
:101F80000000000000000000000000000000000051
:101F900000000000802E00C1802E00C1802E00C1F4
:101FA000802E00C1802E00C1802E00C1802E00C175
:101FB000802E00C1802E00C1802E00C1802E00C165
:101FC000802E00C1802E00C1802E00C1802E00C155
:101FD000802E00C1802E00C1802E00C1802E00C145
:101FE000802E00C1802E00C1802E00C1802E00C135
:101FF000802E00C1802E00C1802E00C1802E00C125
:10200000802E00C1802E00C1802E00C1802E00C114
:10201000802E00C1802E00C1802E00C1802E00C104
:10202000802E00C1802E00C1802E00C1802E00C1F4
:10203000802E00C1802E00C1802E00C1802E00C1E4
:10204000802E00C1802E00C1802E00C1802E00C1D4
:10205000802E00C1802E00C1802E00C1802E00C1C4
:10206000802E00C1802E00C1802E00C1802E00C1B4
:10207000802E00C1802E00C1802E00C1802E00C1A4
:1020800040F0200070472DE9F14FB0B09246049126
:102090000DF142013A9A2B9199464A7000200AE0CC
:1020A0001AF8011B0498309A90470028049000F019
:1020B00034860D98401C0D909AF8000050B12528E8
:1020C000EED1002100220791089209910A920B910A
:1020D0000C9204E00D9800F022BE41F001011AF8C4
:1020E000010F2028F9D023280CD02B2804D02D282C
:1020F00005D0302809D00BE041F00201EFE741F0B4
:102100000401ECE741F00801E9E741F01001E6E7DE
:102110002A280FD1D9F8002052F8040BC9F8002062
:1021200000280F9003D540420F9041F004010AF1BE
:10213000010A14E00F92DFF8EC3B0AE00F98984296
:1021400005DA00EB800402EB4402303A0F920AF108
:10215000010A9AF80020A2F130000A28EED39AF87A
:1021600000002E2803D04FF0FF320E9229E01AF81B
:10217000010F2A2809D1D9F8000050F8042BC9F81A
:1021800000000E920AF1010A1BE02D280CBF0AF193
:10219000010A002000220E92DFF8884B0BE040B9C4
:1021A0000E9AA24205DA02EB820503EB4503303BAF
:1021B0000E930AF1010A9AF80030A3F130020A2ABC
:1021C000EDD3ADF840100FF660309AF8001000F033
:1021D000EDFE08B11AF8010B8DF842009DF842009F
:1021E000682805D19AF8000068280CD1622106E021
:1021F0006C2804BF9AF800006C2804D171218DF876
:1022000042100AF1010A12A806901AF801BBBBF1AC
:1022100025012CD01C3900F09481091F022940F2BD
:102220009081133900F0AB84093900F08A81891E4E
:1022300000F04085491E00F0ED84491E022940F25D
:102240008081091F00F0E684491F00F0EF80491EDD
:1022500000F09584491E00F0D780C91E0CD0891E5D
:1022600000F08D84C91E00F08A8400F02EBD012389
:102270000793252100F026BDD9F8000050F8044B43
:10228000C9F80000002C059440F0AB802B994878E9
:10229000002800F0A1804FF0FF340FF6942000F0EA
:1022A0009FFE241A40F0398500F01BBD01236A46C9
:1022B00002A9304600F000FE002840F02E85641E82
:1022C000F4D13096079C12AF74B1309E17F8011B01
:1022D0000498B0470028049000F01F850D98401C1A
:1022E000641E0D90F2D130960A9C3021002C8DF89E
:1022F00000100CDD309E01236A4602A9304600F032
:10230000DBFD002840F00985641EF4D13096059F5E
:10231000089C74B1309E17F8011B0498B047002840
:10232000049000F0FA840D98401C641E0D90F2D1C8
:1023300030960B9C3021002C8DF800100CDD309E67
:1023400001236A4602A9304600F0B6FD002840F09D
:10235000E484641EF4D1309605980899099C4718C6
:1023600074B1309E17F8011B0498B0470028049000
:1023700000F0D3840D98401C641E0D90F2D130966D
:102380000C9C3021002C8DF800100CDD309E0123B8
:102390006A4602A9304600F08FFD002840F0BD8457
:1023A000641EF4D130969DF8400041077FF584AE5D
:1023B0002020002D8DF800007FF77EAE309C012399
:1023C0006A4602A9204600F077FD002840F0A58467
:1023D0006D1EF4D130946FE60FF63C30059000F09E
:1023E00080BC0E9D002D04D5204600F019FE044649
:1023F00007E02A46204600F033FE002814BF041BE5
:102400002C46089400F06DBCD9F8001051F8040B6C
:10241000C9F8001020F00004002121F0FF35CDE9BB
:10242000024512AB0593782100F040BC2B99487807
:1024300020B14FF0FF340FF6B02030E79DF8420096
:10244000622860D0682817D06A283FD06C2806D050
:10245000712847D074282CD07A281DD062E0D9F892
:10246000001051F8040BC9F80010002866D14FF095
:10247000FF340FF68C2012E7D9F8001051F8040B46
:10248000C9F8001020B94FF0FF340FF6742006E7AA
:102490000D99018000F025BCD9F8001051F8040B0B
:1024A000C9F80010002849D14FF0FF340FF6502032
:1024B000F5E6D9F8001051F8040BC9F8001000280F
:1024C0003CD14FF0FF340FF63820E8E6D9F8001081
:1024D00051F8040BC9F8001080B94FF0FF340FF623
:1024E0002020DCE6D9F8001051F8040BC9F80010E0
:1024F00020B94FF0FF340FF60820D0E60D9AD3171D
:10250000C0E90023EDE3D9F8001051F8040BC9F835
:10251000001020B94FF0FF340FF6E410BFE60D991C
:102520000170DEE3D9F8001051F8040BC9F800106F
:1025300020B94FF0FF340FF6C810B0E60D990160D6
:10254000CFE39DF842004C2807BFD9F80010CA1D00
:10255000D9F80000C21D22F00702C9F80020D2E914
:1025600000010832C9F80020CDE90201C80F02D0ED
:1025700007982D210AE0BDF84000810702D5079891
:102580002B2103E0C00705D50798202112AA11547A
:10259000401C079012A807994BF0200300EB010C98
:1025A000DDE90201CDE92C01612BCDF814C021AC8D
:1025B0000BD00E98002848BF062105D404BF4BF06D
:1025C0002000672801D101210E91DDE902014F00B1
:1025D00047EAD0777E15FF174FF0FF32974208BFCA
:1025E000964210D1090341EA10510003002908BFA7
:1025F000002808D0ABF1610503211A2D089118D3EA
:102600000FF61C1110E0DDE902014A00521512F12B
:10261000010F11D108030FD1ABF1610503211A2D70
:1026200008911FD30FF600110322604600F044FD0D
:1026300057E30FF6E801F7E7DDE902016A4600F02B
:102640009BFDCDE902014BF02000612811D10598D6
:1026500030210170821C0592BBF1610F0CBF782103
:10266000582102E00FF6BC01DEE741700798801C9C
:102670000790DDE9020120F0000231F0004308BFBD
:10268000002A02D10026002542E14BF02008B8F1D3
:10269000610F40F092800E98002847BF21210191E0
:1026A000401C0190019FDDE92C017F1C00220023CA
:1026B000DDE9024500F098FD38BF85F0004500993E
:1026C0008DF88420091F002F00910DF1850632DD61
:1026D000204629460022002300F0A0FD2BD21C2218
:1026E00000F0B6FD04460D4600F034FEFF1F002F3B
:1026F000804609DD00F035FE02460B46204629469D
:1027000000F036FE04460D46F01D0721B8F1000F1B
:102710000CDD491E5EBF08F00F0200F8012D4FEAE4
:102720002818F3D502E0002200F8012D491EFAD541
:10273000C61D002FCCDC0DF18500361A01980DF175
:1027400085048642D8BF304600282FD4B04206DA2E
:102750000DF185010A5C082AA8BF0F2100DA0021CB
:10276000024621AB134400E0401E13F80159521EEB
:102770008D42F9D00F2904D10DF185018B5C5B1CD2
:102780008B54002A04D50099091D21AC401C0091EE
:10279000411E0BD4621813783033DDB23A2DA4BF3A
:1027A0005B443A3B491E02F80139F4D50E990029E1
:1027B00040F1AC80421E0E92A8E00099DFF8E826B6
:1027C00047F29750414391FBF2F20092DDE92C452C
:1027D000C2F10702002A25F0004504DD2046294603
:1027E00000F03EFB0BE052420020DFF8C01600F084
:1027F00037FB02460B462046294600F0C2FD044640
:102800000D46B8F1660F06BF009F0A3706270E98DF
:102810003F18142FC8BF142730208DF884000DF105
:102820008506002F34DD2046294600F0B3FD014621
:102830000A4606F1080304200A26B2FBF6F606EB68
:10284000860EA2EB4E02303203F8012C0A22B6FBB0
:10285000F2F202EB820EA6EB4E063036401E03F873
:10286000026DE9D1083F002F03F10806D9DD0846C3
:1028700000F097FD02460B462046294600F078FD01
:102880000022DFF82C3600F093FD04460D46CAE71F
:102890000DF18500361A0DF1850404E00098401E04
:1028A000761E0090641C20783028F7D0B8F1660FAF
:1028B00002D10098401C04E0B8F1650F0CBF012064
:1028C00000200E9940188642B8BF701E00281DD403
:1028D000B04204DA215C3429C8BF392100DC302140
:1028E0000246631E9D1800E0401E15F80169521E45
:1028F0008E42F9D0392902D1A15C491CA154002A89
:1029000004D50099491C1C46401C00910646009DB8
:102910000E9F30B2002802DC01260FF210644BF04B
:102920002000662808BF6D1C15D067280FFA85F8AF
:1029300041D118F1040F44DBB84542DA9DF840005C
:102940006D1C010703D430B2B842D8BF074628B285
:102950003F1A48BF00270FFA85F8B8F1000F00F3BF
:10296000AF800898411C0891302205990A54002F25
:1029700003DC9DF84000010705D50898411C08912B
:102980002E2205990A5417EB080FB8BF7D422DB2CD
:102990006842ED1932B20B909542B8BF2E46059BA6
:1029A000089836B2099632462146184400F084FB56
:1029B000AD1B0C95CCE0BBF1610F15D14FF0700B46
:1029C00017E030B2B84204DA9DF840100A0758BF49
:1029D00007467F1E48BF0027BBF1670F14BF4FF0AB
:1029E000450B4FF0650B04E0BBF1410F08BF4FF002
:1029F000500B0898411C0891002F059914F8012BE1
:102A00000A5403DC9DF84000010719D50898411CC1
:102A100008912E2205990A54002F11DD761E30B23E
:102A20008742B8BF3E460598089B32B221461844FB
:102A300000F042FB089836B23018BF1B08900B9785
:102A4000059808990844B8F1000F80F800B003D445
:102A50002B224270821C04E02D2145464170821CCD
:102A60006D4200212CAB28460AE004460A2094FB64
:102A7000F0F000EB8005A4EB450403F8014B491C82
:102A800000B20028F1DC012906DC4BF020006528AB
:102A900004BF302002F8010B00292CAB08D13020F4
:102AA00002F8010B06E0491E585C303002F8010BB9
:102AB0000029F8DC059908980844121A099247E0A1
:102AC00030B229B288421BDA0598089B32B22146FF
:102AD000184400F0F1FA089936B271180891A8EB81
:102AE0000600002F0B9003DC9DF84000020705D57F
:102AF000059A2E2050540999491C09910C9727E0FA
:102B00000598089B2AB22146184400F0D5FA089887
:102B1000761B4044002F089003DC9DF840100A0704
:102B200004D5411C08912E2205990A5430B28742DF
:102B3000B8BF3E460598089B32B204EB0801184422
:102B400000F0BAFA089836B23018BE1B08900B96FF
:102B50009DF8400000F01400102840F0C280079A51
:102B600008980B99821809988A1882180C980F995E
:102B70008018884280F2B580081A0A90B1E09DF86A
:102B80004200622808D068280ED06A2814D06C2829
:102B90001FD0712810D01CE0D9F8001051F8040B98
:102BA000C9F80010C0B21AE0D9F8001051F8040BAF
:102BB000C9F8001080B212E0D9F80000C21D22F05E
:102BC0000702C9F80020D2E900010832C9F8002044
:102BD00006E0D9F8001051F8040BC9F800100021E4
:102BE000CDE902019DF8400001075AD5DDE9022335
:102BF000002B08BF002A54D04BF02000782850D179
:102C0000079812A930220A54401C431C079301F86C
:102C100000B046E09DF84200622808D068280ED037
:102C20006A2814D06C281FD0712810D01CE0D9F865
:102C3000001051F8040BC9F8001040B21AE0D9F89E
:102C4000001051F8040BC9F8001000B212E0D9F8D6
:102C50000000C21D22F00702C9F80020D2E90001DD
:102C60000832C9F8002006E0D9F8001051F8040B2A
:102C7000C9F80010C117CDE90201002902D5079853
:102C80002D210AE0BDF84000810702D507982B21CD
:102C900003E0C00705D50798202112AA1154401C53
:102CA000079012A8079901440591594602A800F01F
:102CB0004DF816E001200790D9F8000050F8041BE9
:102CC000C9F800008DF848100BE001212522BBF166
:102CD000000F07918DF8482003D0022207928DF84B
:102CE00049B00F9D07990A986D1A08992D1A0B98EB
:102CF0006D1A09992D1A0C986D1A9DF840102D1A0D
:102D000048073FF5DFAA2021002D8DF800107FF73E
:102D1000D9AA309E2C46FFF7C9BA4FF0FF3031B028
:102D2000BDE8F08FCBCCCC0C686A6C747A4C000098
:102D30007072696E74665F733A20626164202573F5
:102D400020617267756D656E740000002DE9FC47A7
:102D500007468A463C6950466F2808BF082505D0BB
:102D6000FFF78EF9782814BF0A251025D7E900014E
:102D70003C2680468946BAF1640F18BFBAF1690F44
:102D800005D1002903D5D8F1000869EB4909B9F14B
:102D9000000F08BFB8F1000F0CD1386B50B9082DE7
:102DA0003AD197F83800010736D530223B2684F80F
:102DB0003B2031E08DF800A0404649462A46EB17FB
:102DC00000F000FB3032D0B2761E3A2801960EDABF
:102DD000A255404649462A46EB1700F0F3FA8046D2
:102DE0005FEA010908BFB8F1000F05D108E09DF8BE
:102DF00000001218513AEBE7F868A1198842DBD3BA
:102E0000082D09D197F83800010705D5A05D3028B5
:102E100002D0761E3020A055C6F13C03BB61A1193B
:102E2000F960386B834208DAC31A3B624FF6EF70E1
:102E3000398F01403987BDE8F38700280ED597F810
:102E4000380000F01400102808D17A6B7969386ACC
:102E5000521A121AD21A002AC8BF3A62BDE8F38782
:102E60002DE9D04306460F4614464FF00008DFF820
:102E7000449012E0E00707D542464B4630463946BB
:102E800000F096FA06460F464046494642464B46F3
:102E900000F08EFA641080468946002CEAD1304654
:102EA0003946BDE8D0830000A08601000000F03F55
:102EB00084D7974100002440F8B505460E461746D2
:102EC0001C4600205CB117F8011BB068A847B06031
:102ED00030B1F06A401CF0620020641EF3D1F2BDF4
:102EE0004FF0FF30F2BD00007072696E74665F7360
:102EF0003A20256E20646973616C6C6F776564009D
:102F00007072696E74663A2062616420256E206179
:102F10007267756D656E7400000000006E616E0072
:102F20004E414E00696E6600494E46003000F0B4D6
:102F30000246106895681318506803EB5004C007E8
:102F400048BF4D44A3422DD013F8016B16F0030087
:102F500004BF13F8010BC01C31090F2907D113F866
:102F6000011B0F3103E013F8017B05F8017B401EC4
:102F7000F9D10029E6D013F8010BC6F38106032E20
:102F800008BF13F8016B00EB0620404228440026DE
:102F9000B71E8F421EBF10F8017B05F8017B761C1F
:102FA000F6D1CFE7F0BC02F10C007047C9B202784D
:102FB0008A421AB11CBF10F8012FF9E718BF002090
:102FC000704703681AB95A1E02600846704719789C
:102FD00011B94FF0FF307047591C016018787047E5
:102FE00080B500B906A005490B681BB1222200215B
:102FF000984701E000F0FEFA222002BD8C12022860
:10300000636F6E73747261696E742068616E646C54
:1030100065723A20626164206D6573736167650053
:1030200000F10103810704D010F8011B820781B170
:10303000FAD10268A2F10131914311F0803104BF4D
:1030400050F8042FF6E709BAB1FA81F100EBD1008C
:10305000401CC01A70470268531C0360117070470F
:10306000C9B2830706D0521E22D310F8013B994201
:10307000F7D11FE0083A13D302F1040241EA01211B
:1030800041EA014150F8043B121F21BF4B40A3F11C
:10309000013C2CEA030C1CF0803FF3D0C9B2001FA6
:1030A000083210F8013B521E28BF91EA030FF8D8EE
:1030B00018BF0120401E704762B38B0708D0521E14
:1030C00011F8013B00F8013B00F024808B07F6D19A
:1030D000830740F0208000BF103A07D330B4B1E836
:1030E0003810103AA0E83810F9D230BC530724BF8A
:1030F000B1E80810A0E8081044BF51F8043B40F8BC
:10310000043BD20724BF31F8022B20F8022B44BF26
:103110000B7803707047121F17D35B0009D151F869
:10312000043B20F8023B1B0C121F20F8023BF6D296
:103130000BE051F8043B00F8013B1B0A20F8023B6E
:103140001B0C121F00F8013BF3D238BF121D521E98
:1031500024BF11F8013B00F8013BF8D8704700008C
:1031600010B5024651EC100B144600F00BF841EC80
:10317000100B226010BD00BF10B5144600F002F81D
:10318000226010BDC1F30A5343B14A0012F5001F7B
:1031900028D2A3F2FE32A1EB0251704750EA410C53
:1031A00020D001F0004C31EA0C01B1FA81F204BFE9
:1031B000B0FA80F3D2180B3AB2F120032CBF00FA18
:1031C00003F1914041EA0C013EBFC2F1200C20FA0C
:1031D0000CF319439040524240F2FD33D21A01EBF6
:1031E000035170470022704741EA030C50EA4C0C2F
:1031F00052EA0C0C4FF4001C09D307D01CEB410F12
:103200009CBF1CEB430F8B4208BF824270471CEBF4
:10321000430FFBD8994208BF9042704741EA030C24
:1032200050EA4C0C52EA0C0C4FF4001C09D307D0A6
:103230001CEB410F9CBF1CEB430F994208BF90420F
:1032400070471CEB410FFBD88B4208BF824270478E
:1032500000B541EC100B104600F004F851EC100BD7
:1032600000BD00BF020030EE101B40F2FF7C37D4DF
:103270001CEA115313D063456BD09B18634504D2ED
:1032800001EB025120EE101B704701F0004141EAB2
:103290000C51002041EC100BAFF30080704710EE92
:1032A000100B50EA410054D0B2F57F7F08D202EBF8
:1032B0005C010905002041EC110B20EE010B704769
:1032C0004FF0FE41002341EC113B20EE010BB2F523
:1032D0007E7230EE101B4FEA410342EB5353CDE7B1
:1032E00052421CEA115316D0634532D09A4204D29E
:1032F000A1EB025120EE101B70475B1ED21AA1EB0E
:10330000035120EE101B372A0CD3002001F000419E
:1033100041EC100BC0E710EE100B50EA410018D042
:10332000372AF2D2C2EB5C021105002041EC110BEE
:10333000F1EE100A20F01F0121F4F851E1EE101A0D
:1033400020EE010BF1EE101AE1EE100A11F0080F59
:10335000A2D1704741EC100BBDEEC00B10EE100A6D
:10336000704700EE100AB8EEC00B51EC100B70471E
:1033700041EC100B43EC112B30EE410B51EC100BD8
:10338000704741EC100B43EC112B80EE010B51EC1C
:10339000100B704741EC100BBCEEC00B10EE100A86
:1033A000704700EE100AB8EE400B51EC100B70475E
:1033B00041EC100B43EC112B20EE010B51EC100BE8
:1033C00070470000BBBBE1B1B2F5803F80F07E806A
:1033D000022A1ED98C46B1FBF2F102FB11C31B0479
:1033E00043EA1043B3FBF2FC02FB1C3380B240EA19
:1033F0000343B3FBF2F002FB103240EA0C4000231F
:103400007047022A05D98446B0FBF2F002FB10C2D5
:1034100070474AB105D100F0010249085FEA300067
:10342000704700220023704700F0E8B80B0002004C
:10343000002100207047904271EB030CF6D3B3F5E6
:10344000803F2FD2F0B5B3FA83F7B1FA81F4A7F138
:103450000F0E3D1B5340CEF1200602FA0EF2F3414F
:103460005340B5F10F0746D80F3C2C444140C4F1FE
:103470002006A040F1414140B1FBF3F603FB1611D9
:10348000A2FB0645001BA94102D2761E80185941B5
:1034900080EA010221FA0EF362FA0EF200215A408C
:1034A0003046F0BD30B4B1FBF3FC03FB1C11A2FBB2
:1034B0000C45001BA94103D2ACF1010C8018594105
:1034C00030BC02460B46604600217047B2F1807F57
:1034D00065D3F0B5B2FA82F7B1FA81F4C7F10F06FD
:1034E0003D1B22FA06F307F1110EF24120355A4036
:1034F000B5F10F07B8D94140C4F12006A040F14111
:103500004140B1FBF3FC03FB1C11A2FB0C45001B6B
:10351000A94103D2BCF1010C801859410F2F12D3DD
:103520000F3FC90341EA5041B1FBF3F603FB16110B
:10353000A2FB0645D4EBC030A94102D2761E80180A
:10354000594146EACC3C07B34140C7F12006B84098
:10355000F1414140B1FBF3F603FB1611A2FB064516
:10356000001BA94102D2761E8018594180EA01024F
:1035700021FA0EF3C7F1200462FA0EF20CFA07F0FA
:103580005A402CFA04F13043F0BD80EA010221FADE
:103590000EF3002162FA0EF260465A40F0BD8C46EE
:1035A000B1FBF2F102FB11C31B0243EA1063B3FB50
:1035B000F2FC02FB1C331B024CEA002043EA1063BE
:1035C000B3FBF2FC02FB1C331B024CEA002043EA73
:1035D0001063B3FBF2FC02FB1C331B024CEA00201D
:1035E00043EA1063B3FBF2FC02FB1C324CEA0020FE
:1035F00000237047012000F003B80000704700006E
:1036000080B5AFF30080024A11001820ABBEFBE783
:1036100026000200022801D3012010E00B00DBB2DB
:10362000042B01DB01200AE0DFF8283803EB8000DF
:10363000C9B2405C824201D3012000E00020704703
:10364000F8B506000F0015001C00022E01D3012062
:103650001DE02A003900C9B23000FFF7DBFF012866
:1036600001D1012013E03800C0B2002812D1B4F516
:10367000807F0DD2DFF8E0077603304400EB850051
:1036800010F58050016864F30F2101600020F2BD45
:103690000120FCE7FFB2012F11D1B4F5803F0CD21D
:1036A000DFF8B4077603304400EB850010F5A05036
:1036B000016864F317210160E8E70120E7E70120D2
:1036C000E5E700B20012C0B27047F8B505000E0081
:1036D0001700280000B2FFF7F4FF04002000C0B27A
:1036E000022801D3012024E03A003100C9B22000B1
:1036F000C0B2FFF78FFF012801D1012019E0DFF8E8
:1037000058172000C0B2400308442A00D2B200EB90
:103710008200D0F8000CF6B266F3092067F30700C8
:10372000E4B264032144EDB201EB8501C1F8000C61
:103730000020F2BD70B504000D001600022C01D36C
:1037400001201DE032002900C9B22000FFF762FF0E
:10375000012801D1012013E0DFF8FC1660030858AE
:1037600050F0004050F0407050F47F00EDB265F32F
:10377000092066F30700620388506403085900209B
:1037800070BD10B5C0B2002800F0EA80022800F039
:10379000EB80C0F0E780042800F0EA80C0F0E6800B
:1037A000062800F0E980C0F0E580082800F0E880F5
:1037B000C0F0E4800A2800F0E780C0F0E3800C2825
:1037C00000F0E680C0F0E2800E2800F0E580C0F056
:1037D000E180102800F0E480C0F0E080122800F0C2
:1037E000E380C0F0DF80142800F0E280C0F0DE80CB
:1037F000162800F0E180C0F0DD80182800F0E0809D
:10380000C0F0DC801A2800F0DF80C0F0DB801C28CC
:1038100000F0DE80C0F0DA801E2800F0DD80C0F00D
:10382000D980202800F0DC80C0F0D880222800F069
:10383000DB80C0F0D780242800F0DA80C0F0D6808A
:10384000262800F0D980C0F0D580282800F0D88044
:10385000C0F0D4802A2800F0D780C0F0D3802C2874
:1038600000F0D680C0F0D2802E2800F0D580C0F0C5
:10387000D180302800F0D480C0F0D080322800F011
:10388000D380C0F0CF80342800F0D280C0F0CE804A
:10389000362800F0D180C0F0CD80382800F0D080EC
:1038A000C0F0CC803A2800F0CF80C0F0CB803C281C
:1038B00000F0CE80C0F0CA803E2800F0CD80C0F07D
:1038C000C980402800F0CC80C0F0C880422800F0B9
:1038D000CB80C0F0C780442800F0CA80C0F0C6800A
:1038E000462800F0C980C0F0C580482800F0C88094
:1038F000C0F0C4804A2800F0C780C0F0C3804C28C4
:1039000000F0C680C0F0C2804E2800F0C580C0F034
:10391000C180502800F0C480C0F0C080522800F060
:10392000C380C0F0BF80542800F0C280C0F0BE80C9
:10393000562800F0C180C0F0BD80582800F0C0803B
:10394000C0F0BC805A2800F0BF80C0F0BB805C286B
:1039500000F0BE80C0F0BA805D2800F0BB80BBE004
:103960001924BFE03124BDE01824BBE03324B9E0C2
:103970003524B7E01424B5E03724B3E01324B1E0D4
:103980002024AFE01224ADE02124ABE01124A9E013
:103990001024A7E02824A5E02924A3E02A24A1E0FC
:1039A00009249FE02B249DE008249BE02C2499E02F
:1039B000032497E0022495E0392493E03B2491E02E
:1039C0003D248FE001248DE03F248BE0002489E03A
:1039D000402487E0412485E0422483E0432481E0C1
:1039E000BF247FE048247DE049247BE0BC2479E0CB
:1039F000992477E09A2475E0502473E09B2471E0C9
:103A0000B6246FE051246DE09C246BE0B52469E09E
:103A1000522467E0A02465E0B42463E0532461E00D
:103A2000B3245FE054245DE0B2245BE0B12459E0AC
:103A3000AD2457E0602455E0AE2453E0612451E00A
:103A4000AD244FE062244DE063244BE0AB2449E019
:103A5000642447E0AA2445E0652443E0A92441E02A
:103A6000A8243FE069243DE06B243BE06D2439E06D
:103A70006F2437E0A32435E0702433E0A22431E042
:103A800071242FE0A1242DE097242BE0962429E037
:103A9000742427E0952425E0752423E0942421E074
:103AA00093241FE092241DE078241BE0792419E080
:103AB0008C2417E07A2415E08B2413E07B2411E09A
:103AC0008A240FE05A240DE059240BE0892409E0F0
:103AD000582407E0882405E09D22DFF840190020E3
:103AE00000F03CFE2000C0B210BD10B5C0B20028EE
:103AF00000F0EA80022800F0EB80C0F0E7800428A4
:103B000000F0EA80C0F0E680062800F0E980C0F00E
:103B1000E580082800F0E880C0F0E4800A2800F082
:103B2000E780C0F0E3800C2800F0E680C0F0E2807F
:103B30000E2800F0E580C0F0E180102800F0E4805D
:103B4000C0F0E080122800F0E380C0F0DF8014288D
:103B500000F0E280C0F0DE80162800F0E180C0F0C6
:103B6000DD80182800F0E080C0F0DC801A2800F02A
:103B7000DF80C0F0DB801C2800F0DE80C0F0DA803F
:103B80001E2800F0DD80C0F0D980202800F0DC8005
:103B9000C0F0D880222800F0DB80C0F0D780242835
:103BA00000F0DA80C0F0D680262800F0D980C0F07E
:103BB000D580282800F0D880C0F0D4802A2800F0D2
:103BC000D780C0F0D3802C2800F0D680C0F0D280FF
:103BD0002E2800F0D580C0F0D180302800F0D480AD
:103BE000C0F0D080322800F0D380C0F0CF803428DD
:103BF00000F0D280C0F0CE80362800F0D180C0F036
:103C0000CD80382800F0D080C0F0CC803A2800F079
:103C1000CF80C0F0CB803C2800F0CE80C0F0CA80BE
:103C20003E2800F0CD80C0F0C980402800F0CC8054
:103C3000C0F0C880422800F0CB80C0F0C780442884
:103C400000F0CA80C0F0C680462800F0C980C0F0ED
:103C5000C580482800F0C880C0F0C4804A2800F021
:103C6000C780C0F0C3804C2800F0C680C0F0C2807E
:103C70004E2800F0C580C0F0C180502800F0C480FC
:103C8000C0F0C080522800F0C380C0F0BF8054282C
:103C900000F0C280C0F0BE80562800F0C180C0F0A5
:103CA000BD80582800F0C080C0F0BC805A2800F0C9
:103CB000BF80C0F0BB805C2800F0BE80C0F0BA803E
:103CC0005D2800F0BB80BBE00824C0E00824BEE013
:103CD0000824BCE00824BAE00824B8E00824B6E0D0
:103CE0000824B4E00824B2E00824B0E00824AEE0E0
:103CF0000824ACE00824AAE00824A8E00824A6E0F0
:103D00000824A4E00824A2E00824A0E008249EE0FF
:103D100008249CE008249AE0082498E0082496E00F
:103D2000082494E0082492E0082490E008248EE01F
:103D300008248CE008248AE0082488E0082486E02F
:103D4000082484E0082482E0082480E008247EE03F
:103D500008247CE008247AE0082478E0082476E04F
:103D6000082474E0082472E0082470E008246EE05F
:103D700008246CE008246AE0082468E0082466E06F
:103D8000082464E0082462E0082460E008245EE07F
:103D900008245CE008245AE0162458E0082456E081
:103DA000082454E0082452E0082450E008244EE09F
:103DB00008244CE008244AE0082448E0082446E0AF
:103DC000082444E0082442E0082440E008243EE0BF
:103DD00008243CE008243AE0082438E0082436E0CF
:103DE000082434E0082432E0082430E008242EE0DF
:103DF00008242CE008242AE0082428E0082426E0EF
:103E0000082424E0082422E0082420E008241EE0FE
:103E100008241CE008241AE0082418E0082416E00E
:103E2000082414E0082412E0082410E008240EE01E
:103E300008240CE008240AE0082408E0082406E02E
:103E40004FF48672DFF8D415002000F087FC2000C4
:103E5000C0B210BD00D508100000044080B5C0B24B
:103E6000002800F0EA80022800F0EB80C0F0E78034
:103E7000042800F0EA80C0F0E680062800F0E9801F
:103E8000C0F0E580082800F0E880C0F0E4800A284F
:103E900000F0E780C0F0E3800C2800F0E680C0F07E
:103EA000E2800E2800F0E580C0F0E180102800F0EC
:103EB000E480C0F0E080122800F0E380C0F0DF80F2
:103EC000142800F0E280C0F0DE80162800F0E180C7
:103ED000C0F0DD80182800F0E080C0F0DC801A28F7
:103EE00000F0DF80C0F0DB801C2800F0DE80C0F036
:103EF000DA801E2800F0DD80C0F0D980202800F094
:103F0000DC80C0F0D880222800F0DB80C0F0D780B1
:103F1000242800F0DA80C0F0D680262800F0D9806E
:103F2000C0F0D580282800F0D880C0F0D4802A289E
:103F300000F0D780C0F0D3802C2800F0D680C0F0ED
:103F4000D2802E2800F0D580C0F0D180302800F03B
:103F5000D480C0F0D080322800F0D380C0F0CF8071
:103F6000342800F0D280C0F0CE80362800F0D18016
:103F7000C0F0CD80382800F0D080C0F0CC803A2846
:103F800000F0CF80C0F0CB803C2800F0CE80C0F0A5
:103F9000CA803E2800F0CD80C0F0C980402800F0E3
:103FA000CC80C0F0C880422800F0CB80C0F0C78031
:103FB000442800F0CA80C0F0C680462800F0C980BE
:103FC000C0F0C580482800F0C880C0F0C4804A28EE
:103FD00000F0C780C0F0C3804C2800F0C680C0F05D
:103FE000C2804E2800F0C580C0F0C180502800F08B
:103FF000C480C0F0C080522800F0C380C0F0BF80F1
:10400000542800F0C280C0F0BE80562800F0C18065
:10401000C0F0BD80582800F0C080C0F0BC805A2895
:1040200000F0BF80C0F0BB805C2800F0BE80C0F014
:10403000BA805D2800F0BB80BBE00020C0E000201B
:10404000BEE00120BCE00120BAE00220B8E003207D
:10405000B6E00320B4E00420B2E00420B0E0052084
:10406000AEE00520ACE00620AAE00720A8E0092089
:10407000A6E00A20A4E00B20A2E00B20A0E00C2088
:104080009EE00C209CE00D209AE00D2098E00E2090
:1040900096E00F2094E0102092E0112090E0112093
:1040A0008EE012208CE012208AE0132088E0142099
:1040B00086E0152084E0162082E0162080E018209B
:1040C0007EE019207CE019207AE01A2078E01B209D
:1040D00076E01C2074E01C2072E01C2070E01D20A3
:1040E0006EE01D206CE01D206AE01E2068E01E20AE
:1040F00066E01E2064E01F2062E01F2060E02020B8
:104100005EE020205CE021205AE0222058E02420BC
:1041100056E0242054E0252052E0252050E02620BF
:104120004EE027204CE027204AE0282048E02820C5
:1041300046E0292044E0292042E02A2040E02C20CB
:104140003EE02D203CE02E203AE02F2038E02F20CA
:1041500036E0302034E0302032E0312030E03120D1
:104160002EE032202CE033202AE0342028E03420D6
:1041700026E0352024E0352022E0362020E03720DC
:104180001EE038201CE039201AE0392018E03A20DF
:1041900016E03A2014E03B2012E03B2010E03B20E8
:1041A0000EE03C200CE03C200AE03D2008E03D20F1
:1041B00006E040F27B129949002000F0CFFA00207F
:1041C000C0B202BD002007E09549C2018A5822F022
:1041D0000042C301CA50401C3F28F5DB704770B550
:1041E00004000E00002000202000C0B2FFF736FEC1
:1041F0008B4DC0B2C0012844006A80B206FB00F6B5
:104200004FF47A70B6FBF0F62000C0B2FFF726FE3E
:10421000C0012844B6B246612000C0B2FFF71EFEBE
:104220000100C9B2C9012944096C51F00101C0B2B1
:10423000C0012844016470BD2DE9F041AAB004001A
:104240000D001600342100221DAF380000F018FBCD
:104250000020742100226F46380000F011FB0E2070
:104260001E902000C0B2FFF740FC8DF87C002000BB
:10427000C0B2FFF786FA07005FF008082000C0B25E
:10428000FFF77FFA1DAA97FBF8F108FB11773900B9
:10429000644BC0B2C010C001184400F0B0FB200055
:1042A000C0B2FFF7DBFD00220121C0B210F5937010
:1042B00000B2FFF70AFA2000C0B2FFF7CFFDC0B28C
:1042C00010F5937000B2FFF7FCF9092300220121D9
:1042D000C0B2FFF7B5F92000C0B2FFF7BFFDC0B212
:1042E00010F5937000B2FFF7ECF900220121C0B283
:1042F000FFF720FA4C48B0FBF5F1090C4A482A04B4
:10430000B0FBF2F302FB1300002800D0491C022985
:1043100003D200208DF801002FE0032903D20120F1
:104320008DF8010029E0052903D202208DF8010053
:1043300023E0092903D203208DF801001DE0112993
:1043400003D204208DF8010017E0212903D20520B3
:104350008DF8010011E0412903D206208DF80100FB
:104360000BE0812903D207208DF8010005E040F21F
:10437000C9122A49002000F0F1F904208DF800004C
:1043800001208DF8100000208DF8110003208DF819
:10439000120003208DF8130000208DF80800224938
:1043A00001229DF901008240B1FBF2F0B0FBF5F073
:1043B000401E05900598401C06FB00F64FF47A70ED
:1043C000B6FBF0F0089002208DF8400003208DF835
:1043D000680001201B9001208DF828002000C0B249
:1043E000FFF73CFD0E4D6946C0B2C001284400F005
:1043F00045FB2000C0B2FFF731FDC0B2C001284428
:1044000000F03CFC2000C0B2FFF728FDC0B2C001A4
:10441000284400F038FC2AB0BDE8F081CCCC08106C
:10442000000058400000314000127A0082B00020A5
:104430000190002000900020019009E00098401CAD
:1044400000900098B0F5005FF8D30198401C0190EF
:104450000198B0F5805F02D200200090F1E702B031
:10446000704780B50100002000F082FE01BD2DE9FB
:10447000F043ADF5137D0700884616001C000020B0
:10448000ADF802000020ADF80000002002900020EE
:10449000ADF804000020ADF806004046FEF7C0FD70
:1044A0000290DFF8A0532888002801D028698047AF
:1044B000DFF894030078002800F033812888002872
:1044C00000F01181BDF90600411CADF806103A005C
:1044D000010089B20020EB68984747464046FEF746
:1044E0009FFD02906888A97990FBF1F0ADF8040077
:1044F0003800471C00780028FAD10020ADF80000F1
:104500000EE07F1E38782F2802D038785C2804D13E
:10451000BDF80000401CADF800000298401E02905B
:10452000BDF80000022802DA02980028E9D50298B6
:10453000002806D47A1CDFF8141353A801F04EF8B3
:104540000EE0BDF80000002805D13A00C04953A88C
:1045500001F044F804E03A00BC4953A801F03EF8E9
:104560000020ADF8020042E0BDF80010BDF80020C8
:10457000BDF8023053AF9BB2BDF90400434313FAB8
:1045800082F0385C43AA89B25054BDF80000401C48
:10459000ADF80000BDF8000080B2BDF904108842FB
:1045A0000EDA53A8FEF73CFDBDF80020BDF802303E
:1045B0009BB2BDF904104B4313FA82F18842D3D267
:1045C000002043A9BDF800208854BDF90600411C15
:1045D000ADF8061043AAE97911FB00F189B2002079
:1045E000EB689847BDF80200401CADF80200BDF82A
:1045F000027053A8FEF714FDBDF90410B0FBF1F0F2
:10460000401CBFB2874203D20020ADF80000C1E7D2
:104610003200904953A800F0E1FFBDF90600411CAB
:10462000ADF8061053AAE97911FB00F189B2002018
:10463000EB689847002C74D00020ADF8020041E0F0
:10464000BDF80010BDF80020BDF802309BB2BDF9E6
:104650000400434313FA82F0205C43AA89B2505409
:10466000BDF80000401CADF80000BDF8000080B2AD
:10467000BDF9041088420EDA2000FEF7D1FCBDF827
:104680000020BDF802309BB2BDF904104B4313FA71
:1046900082F18842D4D2002043A9BDF8002088547A
:1046A000BDF90600411CADF8061043AAE97911FBDB
:1046B00000F189B20020EB689847BDF80200401C69
:1046C000ADF80200BDF802602000FEF7A9FCBDF9BC
:1046D0000410B0FBF1F0401CB6B2864221D200209B
:1046E000ADF80000C1E74FF4807100220DF10C0914
:1046F000484600F0C5F83800A9688847002C07D064
:10470000009433004246544903A800F067FF05E0D7
:1047100033004246514903A800F060FF03A8A9688E
:1047200088470DF5137DBDE8F08310B54648007845
:10473000002809D04B4C2100002000F027FD012269
:104740002100474800F0CFFF10BD10B51400220033
:10475000D2B2002000F0FDFC200010BD38B50C00E6
:104760001500C0B2002803D13F480078002800D1CE
:1047700031BD3E490878002800D0FEE70878401C8B
:10478000087001F015FA00232A0021003848FFF7CD
:104790006EFEFFF74BFEF6E710B514001A00C0B22C
:1047A000002808D128480078002804D00B002100F8
:1047B0003048FFF75CFE10BD002101804FF6FF710D
:1047C00041808180FF218171C171002181600021C0
:1047D000C1600021016170471A4902880A8042883D
:1047E0004A8082888A8082798A71C279CA71826895
:1047F0008A60C268CA6000690861012012490870B5
:10480000704700B585B06846FFF7D6FF1A4802909A
:104810006846FFF7E1FF05B000BD80B5FFF7F1FF87
:10482000002300225FF4E131002000F0D4FD40239A
:10483000124A00210A4801F051F90121002000F03C
:104840004BFD01BDF0100228B8120228D0D4081088
:10485000A4D40810DCD4081078D3081048D4081069
:10486000C0100228B91202289B070228BA12022897
:10487000B4D40810E8D408106344081000100228CB
:1048800062F30F2262F31F42401810F0030308D0B6
:10489000C91A1FD3DB0748BF00F8012D28BF20F835
:1048A000022D130030B414461546103928BF20E9F4
:1048B0003C00FAD8490728BF20E90C0048BF40F85F
:1048C000042D890028BF20F8022D48BF00F8012DD3
:1048D00030BC7047C91818BF00F8012DCB0728BF9E
:1048E00000F8012D7047000030B4614B1818C00962
:1048F000604C14EB001404290DD223681F25C80056
:104900008540AB43D2B212F01F02C90012FA01F186
:10491000194321600CE0091F63681F25C80085400A
:10492000AB43D2B212F01F02C9008A401A43626040
:1049300030BC7047002A04D1012212FA01F1416013
:1049400003E0012212FA01F18160704710B489007E
:10495000436C0F248C40A34312F00F0212FA01F1B2
:104960001943416410BC704710B4836C01248C401F
:10497000A34312F0010212FA01F11943816410BC41
:10498000704710B4C36C01248C40A34312F00102A1
:1049900012FA01F11943C16410BC704710B4490008
:1049A0001031C36C03248C40A34312F0030212FAAB
:1049B00001F11943C16410BC70474269012212FA27
:1049C00001F141614069704710B4836901248C4052
:1049D000A34312F0010212FA01F11943816110BCE4
:1049E000704710B44900036C03248C40A34312F0B9
:1049F000030212FA01F11943016410BC7047F8B5C3
:104A000005000E0014000027002D2ED0002C2CD005
:104A1000226831002800FFF78DFF227A310028003C
:104A2000FFF762FF626931002800FFF79DFFA2696E
:104A300031002800FFF7A5FFE26931002800FFF7E9
:104A4000ADFF626831002800FFF780FFE2683100A7
:104A50002800FFF7C6FF31002800FFF7AEFF2269EC
:104A600031002800FFF7B0FF00E0034F3800F2BD2F
:104A70000000CFBF0000304001005A000122002892
:104A800000F0EC80002900F0E980754A12680B7A8A
:104A900063F392420B7B13F0030363F311420B7831
:104AA00013F0070363F31A628B7863F39E7291F835
:104AB000283063F3000291F8343063F341020B7F36
:104AC00063F382024B7F63F3C30291F8403063F3D8
:104AD0008A2291F84030DBB25B08DBB263F34922F3
:104AE00091F8703063F3082291F8713013F00303EA
:104AF00063F30D3202600A7A002A02D1002282603A
:104B000007E00A7A012A02D14A69826001E00122A3
:104B100082600A6A02614A6A4261CA6A82610A6BF9
:104B2000C2614A6902628A6942624E4A126891F819
:104B3000443003F0FF03120A12021A4391F84C307A
:104B400003F0FF0363F3174291F85C3003F0FF03B7
:104B500063F31F6291F86C3003F0FF0363F30F22DD
:104B60004264414A126891F8643003F0FF0363F332
:104B70000F2291F8543003F0FF03120A12021A4375
:104B800082643A4A126891F8413013F003039208A4
:104B900092001A4391F8603013F0030363F38B2201
:104BA00091F8483013F0030363F3051291F8503085
:104BB00013F0030363F3092291F8583013F0030351
:104BC00063F3871291F8683013F0030363F38302F1
:104BD000C264274A126891F8723013F00703D208B2
:104BE000D2001A4391F8733013F0070363F30612EF
:104BF000426591F8352082671E4A12680B7C13F0DB
:104C00000303920892001A43CB7C13F0030363F36F
:104C100087124B7C13F0030363F383028B7C13F046
:104C2000030363F305120265134A1268CB8863F32A
:104C30001F428B889BB21B0A9BB263F30F220B7837
:104C4000052B06D1097901F0FF01120A12020A436D
:104C500002E0497861F30702026300221000704706
:104C60007CD5081080D5081084D5081088D5081088
:104C70008CD5081090D5081094D50810016851F013
:104C80000041016070474030016851F0100101603F
:104C900070470000022801D3012010E00B00DBB2B6
:104CA000042B01DB01200AE0DFF8EC3803EB800085
:104CB000C9B2405C824201D3012000E0002070476D
:104CC000F8B504000F0015001E00022C01D30120CE
:104CD0002AE02A003900C9B22000FFF7DBFF0128D3
:104CE00001D1012020E006983900C9B202291ED165
:104CF000B6F5803F19D2202817D24FF4C052DFF802
:104D00009C1863030B4403EB850313441F6866F38D
:104D100017271F606403214401EB850111440A68D1
:104D200060F3C7020A600020F2BD0120FCE7FFB279
:104D3000032F1FD1B6F1807F1AD2202818D24FF44A
:104D4000E052DFF8581863030B4403EB8503134468
:104D50001F6807F0FF0757EA06271F606403214416
:104D600001EB850111440A6860F3C7020A60DAE7C3
:104D70000120D9E70120D7E700B20012C0B2704786
:104D8000F8B505000E001700280000B2FFF7F4FF89
:104D900004002000C0B2022801D3012024E03A0020
:104DA0003100C9B22000C0B2FFF774FF012801D161
:104DB000012019E0DFF8E4172000C0B240030844E6
:104DC0002A00D2B200EB8200D0F8000CF6B266F3F3
:104DD000092067F30700E4B264032144EDB201EB5C
:104DE0008501C1F8000C0020F2BD70B504000D0073
:104DF0001600022C01D301201DE032002900C9B2A7
:104E00002000FFF747FF012801D1012013E0DFF860
:104E10008C176003085850F0004050F0407050F478
:104E20007F00EDB265F3092066F307006203885046
:104E300064030859002070BDD0F840037047D0F8D3
:104E40000803C005C00D7047C0F840127047D0F885
:104E50000802C005C00D7047C0F8C81F7047D0F8E1
:104E6000C80F7047C0F8C01FD0F8C00F7047C0F817
:104E7000881F7047D0F8880F7047C0F8801FD0F89F
:104E8000800F7047016851F000410160704770B5B4
:104E900006000124DFF808573000C0B255F82000A2
:104EA000FFF7DDFF40071FD53000C0B255F82000E6
:104EB000FFF7C5FF002810D03000C0B255F8200021
:104EC000FFF7BAFFDFF8DC163200D2B288540120B7
:104ED000DFF8D4163200D2B288540421F6B255F865
:104EE0002600FFF7BFFF0FE03000C0B255F82000EA
:104EF000FFF7C0FF800507D54FF40071F6B255F8F3
:104F00002600FFF7BAFF00242000C0B270BD38B5FC
:104F100004001500C9B200290ED0102919D020298B
:104F200024D030292FD031293AD0402945D05029DA
:104F300050D060295BD067E0DFF87006A0600120E8
:104F40002073112060734FF48C70E0811220208256
:104F500060E0DFF85C06A060012020731120607320
:104F600040F21D10E0816B20208253E0DFF8440600
:104F7000A06001202073112060734FF48E70E081D7
:104F80006A20208246E0DFF83006A060022020730D
:104F90001120607340F21B10E0816920208239E00B
:104FA000DFF81806A060012020731120607340F222
:104FB0001B10E081692020822CE0DFF80406A0604D
:104FC00001202073132060734FF48D70E0816820FE
:104FD00020821FE0DFF8EC05A06001202073112083
:104FE000607340F21F10E0816D20208212E0DFF834
:104FF000D805A06001202073112060734FF48F70DA
:10500000E0816C20208205E0BA22DFF8C015002084
:10501000FFF7A4FBEDB2002D0ED0102D19D0202DDE
:1050200024D0302D2FD0312D3AD0402D45D0502DC9
:1050300050D0602D5BD067E0DFF870052060002065
:105040002071112060714FF48C70E0811220208259
:1050500060E0DFF85C0520600020207111206071A5
:1050600040F21D10E0816B20208253E0DFF8440500
:10507000206000202071112060714FF48E70E0815B
:105080006A20208246E0DFF8300520600120207190
:105090001120607140F21B10E0816920208239E00C
:1050A000DFF818052060002020711120607140F2A7
:1050B0001B10E081692020822CE0DFF804052060CD
:1050C00000202071132060714FF48D70E081682002
:1050D00020821FE0DFF8EC04206000202071112006
:1050E000607140F21F10E0816D20208212E0DFF835
:1050F000D804206000202071112060714FF48F705F
:10510000E0816C20208205E0FE22DFF8C014002040
:10511000FFF724FB31BD70B504000D00DFF880649B
:105120002000C0B256F82000FFF791FE1028F5D2FB
:10513000EDB229002000C0B256F82000FFF784FE2F
:105140002000C0B256F82000FFF781FE0028F7D1FA
:1051500070BD70B505000E00140006E0317828001F
:10516000C0B2FFF7D8FF641E761C002CF6D170BDCC
:1051700038B504000D0005E029782000C0B2FFF723
:10518000CAFF6D1C28780028F6D131BD10B400226A
:10519000DFF814340200D2B29A5C002A0AD0DFF899
:1051A00004240400E4B2125D0A700021C0B2195454
:1051B000012000E00020C0B210BC704770B50500AF
:1051C0000C00DFF8DC632800C0B256F82000FFF7BF
:1051D00051FE4008400001002800C0B256F82000EF
:1051E000FFF745FE2800C0B256F82000FFF742FE48
:1051F00030F0020001002800C0B256F82000FFF78E
:1052000036FE2800C0B256F82000FFF733FE30F01B
:10521000200001002800C0B256F82000FFF727FE4A
:105220002800C0B256F82000FFF724FE30F04000FE
:1052300001002800C0B256F82000FFF718FE280031
:10524000C0B256F82000FFF715FE30F01000010044
:105250002800C0B256F82000FFF709FE2800C0B2AF
:1052600056F82000FFF706FE30F480700100280099
:10527000C0B256F82000FFF7FAFD2800C0B256F879
:105280002000FFF7F7FD30F4806001002800C0B275
:1052900056F82000FFF7EBFD002C0ED02800C0B21E
:1052A00056F82000FFF7E6FD50F400700100EDB263
:1052B00056F82500FFF7DBFD0DE02800C0B256F8D8
:1052C0002000FFF7D7FD30F400700100EDB256F872
:1052D0002500FFF7CCFD70BD70B505000C00DFF8B0
:1052E000C0622800C0B256F82000FFF7B8FD4008A1
:1052F000400001002800C0B256F82000FFF7ACFDC6
:105300002800C0B256F82000FFF7A9FD30F00800D1
:1053100001002800C0B256F82000FFF79DFD2800CC
:10532000C0B256F82000FFF79AFD30F020000100CF
:105330002800C0B256F82000FFF78EFD2800C0B24A
:1053400056F82000FFF78BFD30F480700100280034
:10535000C0B256F82000FFF77FFD2800C0B256F813
:105360002000FFF77CFD30F4007001002800C0B27F
:1053700056F82000FFF770FD2800C0B256F8200054
:10538000FFF76DFD30F4006001002800C0B256F850
:105390002000FFF761FD002C0ED02800C0B256F8A7
:1053A0002000FFF75CFD50F004000100EDB256F85C
:1053B0002500FFF751FD0DE02800C0B256F820008F
:1053C000FFF74DFD30F004000100EDB256F8250066
:1053D000FFF742FD70BD2DE9F0412DED028BA8B025
:1053E00005000E00170028003900C9B20909C0B233
:1053F000884201D1012000E000201C00DFF8CC81B0
:1054000040F2F9124146C0B2FFF7A8F92800210086
:10541000C9B20909C0B2884201D1012000E00020D0
:105420004FF4FD724146C0B2FFF798F902A814216B
:1054300000F0E6FB342100220DF168084046FFF73A
:105440001FFA4C2100220DF11C084046FFF718FA04
:10545000082080B206FB00F65D48B0FBF6F85C4819
:1054600006FB180000EE100AB8EE400B01EE106AC1
:10547000B8EE411B80EE010BBFEEED0B10EE100BF2
:1054800008EE100A2200D2B23900C9B202A8FFF712
:105490003EFD08201B909DF80D008DF870001AAAA3
:1054A0009DF80C100298FFF7AAFA06201B909DF8B1
:1054B00015008DF870001AAA9DF814100498FFF7D3
:1054C0009EFA0020079008200890082009900220EA
:1054D0000B9000200C900020129000201490304C73
:1054E0002800C0B254F8200000F0D0FC39492A004E
:1054F000D2B2382042430A4407A92800C0B254F867
:10550000200000F081FB2800C0B254F82000FFF713
:10551000B9FC2A00D2B20321BDF91600FFF730FC16
:10552000BDF91600FFF728FC8DED008AB8F10108DF
:1055300043462A00D2B20321C0B2FFF7C1FBBDF936
:105540001600FFF719FC2A00D2B20321C0B2FFF700
:105550004CFCBDF91800ADF800000320ADF80200C6
:1055600001208DF8040007221B482900C9B250F819
:105570002110684600F028FB00212800C0B2FFF788
:10558000ABFE00212800C0B2FFF718FE28B0BDEC2A
:10559000028BBDE8F081000000D508100000044037
:1055A0007C070228B8110228C011022800003140EF
:1055B0000002314000053140800831408006314012
:1055C00000073140000131408001314038CD0810E2
:1055D00000B4C404A0090228600702280CB430B546
:1055E00083B00A4606A9029104460025019400955D
:1055F00002AB01A9084878441E30FCF744FD019A2B
:10560000157000284EBF04460198041B204603B0C5
:1056100030BC5DF80CFB00BF3FDAFFFF82688918E1
:10562000816003E082684169521A82608168426940
:105630009142F7D27047C2688918C16003E0C2681E
:105640004169521AC260C16842699142F7D27047FB
:1056500070B50400002C01D0012000E0002054228D
:10566000DFF8B414C0B2FFF779F80025207850F0C5
:10567000010020700020A0600020E06060692061CF
:105680006078002803D0022810D007D315E06169A4
:10569000002266683000FFF7F3F80EE06169490008
:1056A000002266683000FFF7EBF806E061698900C8
:1056B000002266683000FFF7E3F800202070280021
:1056C000C0B270BD10B50400002C01D0012000E074
:1056D00000207022DFF84014C0B2FFF73FF8606985
:1056E0002169401A10BD2DE9F84305001600002D70
:1056F00001D0012000E000200C00AA22DFF81814DD
:10570000C0B2FFF72BF800270020002C01D103279F
:10571000B5E0287810F0050F01D00427AFE0287815
:1057200050F0040028702869B042C0F0A380D5F87A
:105730001480A868B8EB0008B04567D268780028E4
:1057400003D0022841D01FD390E042462100686870
:10575000AB6800EB03094846FDF7AEFC4146280064
:10576000FFF75CFFB6EB080204EB08016868AB6862
:1057700000EB03042000FDF79FFCB6EB0808414650
:105780002800FFF74BFF71E05FEA480221006868DC
:10579000AB6800EB43094846FDF78EFC4146280004
:1057A000FFF73CFFB6EB0802520004EB48016868C3
:1057B000AB6800EB43042000FDF77EFCB6EB080865
:1057C00041462800FFF72AFF50E05FEA88022100E7
:1057D0006868AB6800EB83094846FDF76DFC4146FD
:1057E0002800FFF71BFFB6EB0802920004EB8801CC
:1057F0006868AB6800EB83042000FDF75DFCB6EB46
:10580000080841462800FFF709FF2FE068780028C4
:1058100003D002281DD00ED328E032002100686892
:10582000AB6800EB03042000FDF746FC31002800C4
:10583000FFF7F4FE1AE0720021006868AB6800EB25
:1058400043042000FDF738FC31002800FFF7E6FE96
:105850000CE0B20021006868AB6800EB8304200014
:10586000FDF72AFC31002800FFF7D8FE2869861BC7
:105870002E6100E00527287810F0FB002870380022
:10588000C0B2BDE8F283F8B504000D001600002C8C
:1058900001D0012000E0002040F21D12DFF8781254
:1058A000C0B2FEF75BFF0027002D01D103272BE0DC
:1058B000207810F0030F01D006273CE02000FFF70E
:1058C00001FF002801D1072735E0207850F00800BB
:1058D00020706078002803D002280CD005D30FE098
:1058E0006068E168405C28700AE06068E16830F850
:1058F0001100288004E06068E16850F82100286009
:10590000207810F0F7002070F6B2002E13D1207826
:105910000B2801D102270EE0207850F00200207001
:1059200001212000FFF787FE2069401C20612078BC
:1059300010F0FD0020703800C0B2F2BD2DE9F04734
:1059400005000E001F00002D01D0012000E0002006
:105950001400DFF8C48140F25B124146C0B2FEF78A
:10596000FDFE002C01D0012000E000204FF4AE72BB
:105970004146C0B2FEF7F2FE5FF0000800200020B2
:10598000002E02D15FF003088BE0297811F0030F9D
:1059900003D020605FF006089CE02800FFF792FE2D
:1059A0002168884209D220605FF00708002804D1EE
:1059B000287810F0F70028708CE0287850F0080064
:1059C0002870D5F81490E868B9EB00092068814583
:1059D00022D36878002803D0022813D008D35CE0D3
:1059E00022686868E96801443000FDF765FB54E00F
:1059F000226852006868E96800EB41013000FDF759
:105A00005BFB4AE0226892006868E96800EB81016C
:105A10003000FDF751FB40E06878002803D00228F1
:105A200027D011D339E04A466868E9680144B24694
:105A30005046FDF741FB2268B2EB090269684E440B
:105A40003000FDF739FB28E05FEA49026868E96841
:105A500000EB4101B2465046FDF72EFB2268B2EB47
:105A600009025200696806EB49063000FDF724FB85
:105A700013E05FEA89026868E96800EB8101B246D9
:105A80005046FDF719FB2268B2EB090292006968E3
:105A900006EB89063000FDF70FFB287810F0F700C1
:105AA0002870FFB2002F15D128780B2802D15FF0A3
:105AB00002080FE0287850F00200287021682800C2
:105AC000FFF7B9FD2969206841182961287810F08D
:105AD000FD0028704046C0B2BDE8F087F8B504006C
:105AE0000E0017001D00002C01D0012000E0002056
:105AF0004FF407720849C0B2FEF730FE002067601D
:105B00000021217066700021A1600021E160256103
:105B10006561C0B2F2BD0000F4CB0810010009B20B
:105B2000002908D4012210F01F018A401B4900B24D
:105B3000400941F820207047010009B2002908D42B
:105B4000012210F01F018A40154900B2400941F8B6
:105B500020207047020012B2002A04D44901114AE1
:105B600000B2115407E049010F4A00B210F00F00D3
:105B7000104400F8041C7047002800D162B60B489E
:105B80000168491C0160704772B60849086800281E
:105B900002D00868401E08600868704700E100E015
:105BA00080E200E000E400E018ED00E0801202284E
:105BB00080B5FFF7E9FFFEF705FB01BD80B5C9B26F
:105BC00000B2FFF7C7FF01BD70B504000D0016005D
:105BD000200000F0A3F92900B4F9000000F0DDF97D
:105BE0003100C9B2B4F90200FFF7E8FFB4F90200CE
:105BF000FFF7A2FFB4F90200FFF790FF70BD0000AD
:105C0000002200F0E1B900002DE9F44FDFF8D822BE
:105C1000DFF8D8321B68DFF8D8422468DFF8D452A6
:105C20002D68DFF8D4623668DFF8D0723F68DFF89D
:105C3000D0C2DCF800C0DFF8CCE2DEF800E0DFF82C
:105C4000C882D8F80080DFF8C492D9F80090DFF855
:105C5000C0A2DAF800A0002800F01581002900F0A9
:105C600012810A68022A06D191F82620002A02D160
:105C70005FF0000B03E0D1F804B0BBF1010B91F829
:105C80002420002A01D0012200E0002262F3104308
:105C900033F440436BF30303022262F3196303609E
:105CA0000A7812F0030262F31964046491F8252063
:105CB000002A01D0012200E0002262F38615CA7E8C
:105CC000002A01D0012200E0002262F38A254A7EE8
:105CD000002A01D0012200E0002262F308258A7E1A
:105CE000002A01D0012200E0002262F349258A6BDC
:105CF000521E12F00F0262F313450A69521E12F08F
:105D00000702ED08ED0015434A6962F304154A697C
:105D1000520862F3451585640A7B002A01D00122EE
:105D200000E0002262F308260A7E002A01D0012248
:105D300000E0002262F349268A68521E12F01F0218
:105D4000760976011643C0F800630A7F02F0FF026D
:105D50003F0A3F02174391F8202002F0FF0262F34E
:105D60001747C0F8107391F82720002A01D00122AC
:105D700000E0002262F3082C0A69521E12F00702AA
:105D80005FEADC0C5FEACC0C52EA0C0C4A6962F365
:105D9000041C4A69520862F3451CC0F844C00A7BDF
:105DA000002A01D0012200E0002262F3082E8A6856
:105DB000521E12F01F025FEA5E1E5FEA4E1E52EA9A
:105DC0000E0E0A68012A01D1012200E0002262F3CE
:105DD000104EC0F800E291F83C2002F0FF025FEAAA
:105DE00018285FEA082852EA0808C0F8048391F8E6
:105DF0002820002A01D0012200E0002262F3596924
:105E0000CA6A012A01D1012200E0002262F3186966
:105E10004A6B012A01D1012300E00023009A63F3B9
:105E2000104991F8303003F0FF035FEA19295FEA67
:105E3000092953EA0909C0F8509091F8443003F059
:105E4000FF035FEA1A2A5FEA0A2A53EA0A0AC0F83D
:105E500004A28B6CC0F8883F096CC0F8C81F002AE8
:105E600010D00020506000201060002090600020C2
:105E7000D060002010620020D06200201063DFF8A4
:105E80009400506300221000BDE8F28FDFF8881004
:105E900001605FF4401101640021816440F2071148
:105EA000C0F800130022C0F804230022C0F8102319
:105EB00000224264C0F800120021C0F80412002140
:105EC00001650021C0F8C81E0021C0F8881E00210D
:105ED000C0F8C81F0021C0F8881F0021C0F8081FA3
:105EE0000021C0F8481F70470160AA0038D508108B
:105EF0003CD5081040D5081044D5081048D50810E6
:105F00004CD5081050D5081054D5081058D5081095
:105F10005CD50810EFCDAB000F00000330B40021BA
:105F2000234A1368234A1468002832D0224A15688D
:105F3000C5F303250E2D0FD01268C2F303220D2ADC
:105F400028D1827812F00F02240924011443027927
:105F5000002A15D0012214E0827812F00F021B09EA
:105F60001B0113430279002A01D0012200E0002224
:105F700062F3DF73114AB0F9000042F8203009E003
:105F8000002262F3DF740E4AB0F9000042F82040AC
:105F900000E00649080030BC70470A4B1A68002A26
:105FA00003D01A6800B242F8201070470100560072
:105FB00060D5081064D508100000204000A02040E3
:105FC00000C02040EC06022800B500BF1300964632
:105FD0009446103928BFA0E80C50FAD85FEA417CFB
:105FE00028BF0CC048BF40F8042BC90728BF20F8C1
:105FF000022B48BF00F8012B00BD000003460846F5
:106000000122C168491CC16000210068184703468D
:106010000846C1680269491C521E002A0261C1601B
:1060200003D400680122002118474FF0FF30704769
:10603000034608461146C268521E11F1010FC260A4
:1060400002D0006800221847704700002DE9F04F89
:1060500099B04FF0FF35009100241B680193029224
:106060000DF13F02229B8DF81F30A8460394189231
:10607000824614E00398401C0390012200980021FE
:10608000D047A0F109010529F4D32028F2D0024617
:1060900069465046FFF7CCFF0298411C0291029CD2
:1060A0002078A0F10902052AE4D32028E2D020B903
:1060B000404500DA404600F01FBD25280AD1601C8B
:1060C000029001782A2903BF401C029010F8011D9C
:1060D000002110E00398401C039001220098002149
:1060E000D04721788842D7D0024669465046FFF70C
:1060F0009FFF0020DCE78DF81C1000210591DFF8E0
:10610000F43B0AE00598984205DA00EB800401EBC5
:10611000440130390591501C0290029A1178A1F186
:1061200030000A28EED306950FF6C4101178FCF75C
:106130003DFF20B10298401C0290401E00788DF86F
:106140001D009DF81D00682805D10299087868286F
:106150000CD1622206E06C2802BF029908786C28F4
:1061600004D17122491C8DF81D20029102980178FA
:106170000FF68830FCF71AFF88B90398401C03908B
:10618000012200980021D047A0F109010529F4D38C
:106190002028F2D0024669465046FFF749FF00200A
:1061A0008DF81E0002980178253939D01C3900F08D
:1061B0009A80091F022940F29680133900F0FE826E
:1061C000C91E1FD0891F00F08E80891E00F07B84BD
:1061D000491E00F0F382491E022940F28480091F03
:1061E00000F0EC82491F3ED0491E012940F2E682B0
:1061F000091F35D0891E00F0E182C91E00F0DE8241
:1062000000F06CBC2A4600F05FBC2298002800F029
:10621000668414F1230F40F06284284600F06CBCC1
:106220000398401C039001220098D0470446252C77
:106230000CD1B8F1000F48BF4FF000089DF81E00C8
:1062400000283FF429AF08F1010825E722466946F6
:106250005046FFF7EDFE14F1010F40F03F844EE38E
:10626000012200F031BC9DF81C000028E1D19DF80E
:106270001D0062282CD0682811D06A281BD06C28F9
:1062800001D0712817D0019951F8040B019118B968
:106290000FF6702000F013BC03990160C9E7019963
:1062A00051F8040B019118B90FF6582000F007BC03
:1062B00003990180BDE7019951F8040B019110B9D0
:1062C0000FF64020FBE3039AD317C0E90023B0E7A1
:1062D000019951F8040B019110B90FF62820EEE353
:1062E00003990170A5E705980028D8BF6FF000401A
:1062F000049069465046FFF78AFE00240DF12409F8
:106300002B2818BF2D2807D18DF824006946504648
:10631000FFF77DFE0DF125090A260027302818D148
:1063200069465046FFF773FE40F02001C9B2782954
:1063300002D001273946E0E0302089F8000089F8D2
:10634000011050466946FFF762FE09F10209102666
:10635000F0E740F02001CAB26E2A48D16E2009F859
:10636000010B69465046FFF752FE064646F02000F4
:10637000C0B26128A34640F07481612109F8011B75
:1063800050466946FFF743FE064646F02000C0B27D
:106390006E2840F0668169465046FFF738FE28288F
:1063A00006D0024669465046FFF742FE6E204EE098
:1063B0000498401E049004D50398401C039028467E
:1063C00003E069465046FFF719FEA0F16101064659
:1063D0001A2921BFA0F141021A2A30380A28E7D32E
:1063E0005F2EE5D0292E40F03C816E202FE0C9B20F
:1063F000692940F09280692009F8010B69465046EE
:10640000FFF705FE064646F02000C0B26E28A34600
:1064100040F027816E2109F8011B50466946FFF7BD
:10642000F6FD064646F02000C0B2662840F019810D
:1064300069465046FFF7EBFD40F02001C9B26929DB
:1064400008D0024669465046FFF7F2FD662009F87B
:10645000010B0DE169465046FFF7D9FD064640F0B5
:106460002000C0B26E2840F0FC8003980499401CC4
:10647000491E00290491039005D4009801220021AF
:10648000D047064600E02E4646F02000C0B26928FC
:1064900040F0E78003980499401C491E00290491AC
:1064A000039005D4009801220021D047064600E061
:1064B0002E4646F02000C0B2742840F0D2800398E7
:1064C0000499401C491E00290491039005D40098AA
:1064D00001220021D047064600E02E4646F020006B
:1064E000C0B2792840F0BD80662109F8011BBFE0E9
:1064F00069465046FFF782FD0121302808D10498F3
:10650000401E0490F4D50398401C03902846F3E7FE
:106510000F4611B1302109F8011B3A46002713E05C
:106520000398401C039028460DE0242FAEBF641C46
:1065300009F8010B7F1C0498401E0490F0D46946B2
:106540005046FFF75BFD012210F1010F2AD0C3B2C4
:10655000612BA8BFA0F157010ADA412BA8BFA0F117
:10656000370105DA303B0A2B34BFA0F13001FF219F
:10657000C9B2B142D9D38DF820602E281646BB4649
:1065800014D109F8010B03990498491C401E0028F6
:106590000490039104D4009801220021D04705E023
:1065A000284603E08DF82060BB461646BBF1000F7D
:1065B00017D104E069465046FFF720FD0126302838
:1065C00009D10498641E401E0490F3D50398401C22
:1065D00003902846F2E7002C03D5302109F8011B6F
:1065E000641C9DF82070314604E069465046FFF770
:1065F00005FD012110F1010F24D0C3B2612BA8BF0A
:10660000A0F157020ADA412BA8BFA0F1370205DA40
:10661000303B0A2B34BFA0F13002FF22D2B2BA4283
:1066200010D2BBF1240F08DB0498401E0490DCD587
:106630000398401C03902846DBE709F8010B0BF197
:10664000010BF1E7BB4606460F46F8B248B146F0EB
:106650002000BBF10A0FC0B235D1652835D000E06B
:106660000646324669465046FFF7E2FCFFB217B3D2
:10667000002189F800109DF81C0000287FF4D9AD96
:10668000BBF10A0F0B4673DC224609A800F06BFB36
:1066900001228DF81E209DF81D20019B6C2A72D1CD
:1066A00053F8042B0193002A6AD1DFF840047844A0
:1066B00000F23A4003E209A8814508BF16F1010F34
:1066C00040F00C821BE17028CBD109F8016B0498D3
:1066D000401E049010D40398401C0390012200989F
:1066E0000021D0472B2818BF2D2811D109F8010B04
:1066F0000498401E049004D50398401C039028463B
:1067000006E00398401C0390012200980021D04726
:10671000002704E069465046FFF770FC0127302847
:1067200008D10498401E0490F4D50398401C0390AF
:106730002846F3E717B1302109F8011B002604E0D1
:1067400069465046FFF75AFC0127A0F130010A299B
:1067500086D2082E08DB0498401E0490F0D50398DA
:10676000401C03902846EFE709F8010B761CF2E77E
:10677000002209A800F0F7FAA200FCF769FD87E7FC
:10678000C2E9000155E54C2A0AD153F8042B0193C4
:10679000002AF5D1DFF85403784400F554708EE1F7
:1067A0001C681A1D01922CB9DFF84003784400F5EB
:1067B0004F7084E100F0DBFA20603AE5059800288C
:1067C000CCBF401EDFF8300500280DF120090490F1
:1067D0001BD40398401C0390012200980021D0474D
:1067E0002B2818BF2D2814D18DF820000DF1210978
:1067F00003980499401C491E00290491039007D472
:10680000009801220021D04703E00399491C03911D
:1068100028460021029A1278642A18BF752A0FD0E0
:10682000692A08BF00240CD06F2A08BF082408D0AA
:10683000702A1CBF42F02002782A02D1102400E006
:106840000A24302860D104980126401E0490039841
:1068500005D4401C039001220098D04702E0401C60
:106860000390284640F02001C9B2782949D1002C74
:1068700018BF102C50D104981024401E0490039887
:1068800007D4401C0390012200980021D047002625
:1068900042E0401C03902E46002701E006460F46CA
:1068A000324669465046FFF7C3FBFFB207B30021EB
:1068B00089F800109DF81C0000287FF4BAAC0298FB
:1068C0000078642818BF692800F0B380224608A821
:1068D00000F024FB01228DF81E20029A1378702B01
:1068E0005AD1019B53F8042B0193002A52D1E4E0C2
:1068F00008A8814508BF16F1010F40F0EF802C4633
:10690000EDE04CB9082407E0ECB90A241BE0694625
:106910005046FFF773FB0126302808D10498401E2B
:106920000490F4D50398401C03902846F3E73146C1
:10693000CAB242B1302209F8012B04E06946504640
:10694000FFF75CFB012110F1010FA7D0C2B2612A51
:10695000A8BFA0F157030ADA412AA8BFA0F1370364
:1069600005DA303A0A2A34BFA0F13003FF23DBB244
:10697000E2B2934292D21899894508D30498401EF6
:106980000490DBD50398401C03902846DAE709F809
:10699000010BF3E710604CE49DF81D20622A39D00A
:1069A000682A11D06A2A25D06C2A06D0712A29D0EB
:1069B000742A18D07A2A0FD034E0019B53F8042BA4
:1069C0000193002AE6D178E0019B53F8042B019350
:1069D000002A72D010802CE4019B53F8042B019301
:1069E000002AD7D169E0019B53F8042B0193002AB8
:1069F000D0D162E0019B53F8042B0193002A7FF46D
:106A0000BFAE5AE0019B53F8042B0193002A7FF498
:106A1000B7AE52E0019B53F8042B0193002A4CD0EF
:106A2000107006E4019B53F8042B0193002AB1D1A6
:106A300043E0224608A800F0C7FA01228DF81E2084
:106A40009DF81D20622AE5D0682ABDD06A2A1DD093
:106A50006C2A06D0712A21D0742A10D07A2A07D045
:106A600024E0019B53F8042B0193002A92D124E0E7
:106A7000019B53F8042B0193002A8BD11DE0019B4D
:106A800053F8042B0193002A84D116E0019B53F89C
:106A9000042B0193002A7FF473AE0EE0019B53F8A0
:106AA000042B0193002A7FF46BAE06E0019B53F8A0
:106AB000042B0193002A7FF46DAF00BFA0A0FCF768
:106AC0008FFA2C1A05E000226946504600F03AF889
:106AD0000446002C3FF7ADABFFF797BB0024B8F19D
:106AE000000F7FF5E7AAA046FFF7E4BAF4650000BF
:106AF000686A6C747A4C000019B0BDE8F08FC9B2B6
:106B000008E003789942A4BF90F802C08C4515DADA
:106B1000C01CD21E032A09D343782D2BF1D010F8C4
:106B200001CB8C4518BF521EF4D107E042B110F8DA
:106B3000013B8B4202D0521EF9D101E00120704787
:106B4000002070472DE9F04F92460027BAF1000F60
:106B500083B080460E464FF0000B25D5B068411C2F
:106B6000B160084601785E2903BF401CB06010F890
:106B7000019DB946B56828785D280CBF681C284679
:106B80005D21FCF713FA002800F0AB80411B009157
:106B9000B0600098032807DB821E2D21681CFCF7DB
:106BA0005FFA08B14FF0010B7069002805DCBAF1FB
:106BB000000F14BF6FF0004001203061307F0028CB
:106BC00001BF706850F8044B7060002C08D14FF082
:106BD000FF3402487844001D11E000BF4C660000FD
:106BE000307FA8B9F07F98B1716851F8040B7160DB
:106BF000B0F1004FC0F007804FF0FF3448A0FCF721
:106C0000EFF9201A72E0B169884288BF0846B06186
:106C1000CDF80490CDF808B0DDF8009000E0022730
:106C2000F0683169401C491E00293161F06002D5CD
:106C30004FF0FF3B3DE0306801220021C047834612
:106C40001BF1010F35D0BAF1000F0CDC23D50298EF
:106C5000002801980FD000284A465946284617D0E8
:106C6000FFF74DFF0EE0ABF10900052821D3BBF182
:106C7000200F10D11DE000284A465946284603D06F
:106C8000FCF7EEF938B114E0FCF7EAF988B102E05C
:106C9000FFF735FF68B1307F0028C0D1B06938B147
:106CA00004F801BB0121B069B177401EB061B6E7BD
:106CB000012740465A463146FFF7BAF9BAF1000FAC
:106CC00001D0022F09D0022F0FD0F80702D41BF1F8
:106CD000010F06D14FF0FF3008E0307F28B9B069CE
:106CE00008B9002002E000202070012003B0BDE8B8
:106CF000F08F0000CBCCCC0CFEFFFF7F63436E5BBC
:106D0000000000007363616E665F733A2062616425
:106D100020256E20617267756D656E74000000003D
:106D20007363616E665F733A206261642025632C31
:106D30002025732C206F7220255B2073697A6500F3
:106D40007363616E665F733A2062616420696E747A
:106D50006567657220617267756D656E740000000D
:106D600051EC100B04BD80B500F002FAF8E741ECDD
:106D7000100BB7EEC00B10EE100A70472DE9FC4F58
:106D800085B00BB100241C600290824601E00AF13C
:106D9000010A9AF80000A0F10903052BF7D3202877
:106DA000F5D02D2818BF2B2807BF1AF8010B8DF836
:106DB00000002B238DF80030002A019103D4012A12
:106DC00001D0252A03DB002971D002986EE0002A49
:106DD0000CDD102A04BF9AF80000302802BF9AF890
:106DE000010040F02000782811D10CE09AF8000052
:106DF000302818BF0A220AD19AF8010040F020007A
:106E0000782803D110220AF1020A00E00822CDF806
:106E100010A001E00AF1010A9AF800003028F9D028
:106E20000A4878442630002400F128010026002773
:106E3000CDF80CA00025A0468DF801109346DFF890
:106E40000C90F94409F106091AE000BF086000003F
:106E500001469DF80100081A5FFA80F85846A0FB29
:106E600006234FEAEB7100FB073301FB0633344680
:106E700000213D4612EB080643EB01070AF1010A27
:106E80009AF80010A1F141001A2838BF20315A4663
:106E900009F12800FCF7E4F80028D9D104995145FC
:106EA0005A4607D1019810B1029801990860002054
:106EB000002130E0039919F80200AAEB0101091A38
:106EC00000291BD410DC0023B6EB080067EB03019C
:106ED0008F4209D301D8864206D3D317FCF772FA42
:106EE000A94208BFA04209D0AFF30080069808B1BC
:106EF000012101604FF0FF36374606E09DF80000A3
:106F00002D2802D1764267EB4707019808B1C0F8F7
:106F100000A03046394607B0BDE8F08F00BF00231F
:106F20002CE700002DE9FC410D0008BF6D468046AE
:106F3000444600E0641C2078A0F109010529F9D33A
:106F40002028F7D007462D2F18BF2B2F08D114F873
:106F5000010FA0F1090105290BD3202801D108E078
:106F60002B271E4629462046FFF708FF2A68944231
:106F700005D1C5F8008000200021BDE8FC812B2F41
:106F800005D14FF00043994209D2BDE8FC812D2F75
:106F9000FBD1B1F1004F12D301D801280FD3AFF3C9
:106FA00000800EB1012030602D2F19BF4FF0FF304F
:106FB0006FF0004100204FF00041BDE8FC814042ED
:106FC00061EB4101BDE8FC8100BF0023AAE700009E
:106FD00038B52DED028B040082B00D4600F0C18063
:106FE00051EC100B31F0004108BF002800F0B980CF
:106FF00051EC100B4A00521512F1010F02D1080397
:1070000000F0AF80002CB7EE008B4AD564425749A0
:10701000794401F5AC71082008E0E20744BF91ED26
:10702000001B28EE018B64080831401E002C18BF9D
:107030000028F2D16846FCF793F8009880EE080B20
:10704000FCF710F951EC100B31F0004108BF00289B
:1070500070D051EC100B4A00521512F1010F01D102
:10706000080367D0002C65D06846FCF779F80098D3
:107070009FED7A2B20EE020BFCF7F4F851EC100B8D
:1070800031F0004108BF002854D051EC100B4A00E9
:10709000521512F1010F01D108034BD0641EE3D148
:1070A00048E047DD31497944C2310820E20744BF56
:1070B00091ED001B28EE018B64100831401E002C5E
:1070C00001DD0028F2D16846FCF74AF8009820EE6E
:1070D000080BFCF7C7F851EC100B31F0004108BF6A
:1070E000002827D051EC100B4A00521512F1010F65
:1070F00001D108031ED0002C1CDD6846FCF730F8D7
:1071000000989FED582B20EE020BFCF7ABF851ECEA
:10711000100B31F0004108BF00280BD051EC100BD0
:107120004A00521512F1010F01D1080302D0641E6A
:10713000002CE2DC51EC100B31F0004108BF0028BC
:1071400008D051EC100B4A00521512F1010F08D172
:10715000080306D1AFF300801DB1286840F001009C
:10716000286002B0BDEC028B31BD00BF845D000021
:107170002DE9F14185B0884616461D001CBF002050
:107180002860059F05A800F085F8C41020F00800CD
:10719000012804F0010425D10220009001AB0599DB
:1071A0004246384600F006F910B99FED300B15E065
:1071B0009DED020A0228B8EEC00B0FDB03A9401EAA
:1071C0009FED2C1B51F8042BB0EE402B00EE102A43
:1071D000B8EEC00B401E02EE010BF3D10198294618
:1071E000801927E0022828D1009001AB059942467A
:1071F000384600F0B3F910B99FED1C0B15E09DED7A
:10720000020A0228B8EEC00B0FDB03A9401E9FED57
:107210001B1B51F8042BB0EE402B00EE102AB8EEE9
:10722000C00B401E02EE010BF3D10198FCF71AF8D7
:1072300029463046FFF7CCFE0AE0032808BF9FED41
:10724000110B05D004280CBF9FED100B9FED070B11
:107250000CB1B1EE400B06B0BDE8F081436FAC64F9
:107260002806C80A3CBF737FDD4F1575000000007B
:10727000000000000000000065CDCD4100000000CE
:107280000000B041000000000000F07FFFFFFFFFA2
:10729000FFFFFF7FF0B404682346002200E05B1C80
:1072A0001D78A5F10906052EF9D3202DF7D02D2D37
:1072B0000CBF08222B2D00D15B1C1D7845F0200649
:1072C0006E2E26D15A7842F02002612A02BF9A78A7
:1072D00042F020026E2A02D02346002245E0DB1C49
:1072E0001C4604222578282D3FD114F8015FA5F112
:1072F00061061A2EF9D3A5F141071A2F24BF303D9C
:107300000A2DF2D325785F2DEFD0292D2DD1631CC6
:107310002BE0692E2CD15D7845F020056E2D02BF43
:107320009D7845F02005662D02D0234600221CE002
:1073300013F8034F44F0200442F00302692C02BF0B
:107340005C7844F020046E2C0FD19C7844F020042B
:10735000692C02BFDC7844F02004742C05D11C7920
:1073600044F02004792C08BF5B1DF9B10B601DE0CF
:10737000302D02BF597841F02001782914D1991C91
:107380000C782E2C08BF491C0978A1F16104052C4A
:1073900084BFA1F14105052D02D930390A2903D254
:1073A0009B1C42F0020201E042F001020360104621
:1073B000F0BC70472DE9F0478CB00027149C04EB1B
:1073C000C404804691464FF0000E2D2CC8BF2D24DA
:1073D00000201860586001E0491C01200A78302A1A
:1073E000FAD0002211E01868401C18600878302894
:1073F00009D04FF0010E06E0A242F4DAA6F1300007
:107400000DF80200521C491C01200E78A6F130052F
:107410000A2DF1D32E2E08BF491C72B90D78302DDC
:107420000BD11868401E1860491C0120F6E7302E69
:1074300018BF4FF0010E491C01200E78A6F130054F
:107440000A2D0AD2A242F2DAA6F130000DF80200AB
:10745000521C1868401E1860EDE7BEF1000F8C4604
:107460000DD00DF1FF310D5D6D1C0D5507E00DF1D7
:10747000FF34A15C49B91968491C1960521E002AE1
:10748000F5DC04BF8DF800700122002858D04FF0C1
:10749000090E92FBFEFEC2F109040EEBCE010C4474
:1074A000092194FBF1F1002501EBC101611A18D00B
:1074B000012716E053F8271001EB810106EB41018B
:1074C00043F827100BE0092194FBF1F101EBC10116
:1074D0001DF80560611AEDD17F1C43F82760641C1C
:1074E0006D1C9542EFDB9CF8001041F020016529EE
:1074F00026D161461CF8012F2B2A16BF2D2A1CF815
:10750000016B2B2600220024DFF84CE009E07445D3
:1075100004DA04EB840205EB4204303C0CF1010C6C
:1075200001229CF80050A5F1300ABAF10A0FEED3FF
:107530002D2E08BF64421E68A4191C6002B98C4637
:10754000B9F1000F03D000B9C446C9F800C03846ED
:107550000CB0BDE8F08700BF00E1F5052DE9F14F63
:107560008CB09146DDF85880C8EBC8084FF0000A8F
:10757000B8F1230FC8BF4FF02308C3F800A0C3F829
:1075800004A0002501E0491C012508783028FAD024
:1075900069A201925FF000046DA200920DF1080B48
:1075A0000E461F460EE03868401C386008E0A045D3
:1075B000F9DB019A0099801A085C0BF80400641C3E
:1075C000761C012596F800105BA01622FBF748FDFB
:1075D0000028ECD130463E4601782F462E2908BFC0
:1075E000401C002C054616D12878302813D131686C
:1075F000491E31606D1C0127F6E7A04509DB019AA1
:107600000099801A085C0BF80400641C3168491E5C
:1076100031606D1C012729785FF0160246A0FBF748
:107620001FFD0028E9D1A04517DA1BF8081007292B
:1076300006DD0DF1070111F80820521C01F80820A1
:1076400044463268521C326007E00DF10702115DBA
:1076500049B93268521C3260641E002CF5DC04BF4C
:107660008DF808A0012431688900002F316055D0C1
:10767000072394FBF3F3C4F1070BC3EBC3035B4491
:10768000072193FBF1F10022C1EBC101591A19D076
:107690004FF0010A16E056F82A100BEB011046F8DD
:1076A0002A000DE0072102A893FBF1F1C1EBC10113
:1076B00010F802B0591AEED10AF1010A46F82AB0C0
:1076C0005B1C521CA242EDDB297841F0200170299D
:1076D00024D1294615F8012F2B2A16BF2D2A15F87B
:1076E000014B2B2400220023124808E0834204DAD5
:1076F00003EB83020CEB4203303B6D1C012295F837
:1077000000C0ACF1300EBEF10A0FEFD32D2C08BF34
:107710005B4234681B19336002B90D46B9F1000FA2
:1077200003D007B90C9DC9F8005050460DB0BDE814
:10773000F08F000000E1F505303132333435363753
:1077400038396162636465664142434445460000DE
:10775000000102030405060708090A0B0C0D0E0FB1
:107760000A0B0C0D0E0F000000EE100AB8EEC00A56
:10777000DFED730A80EE200ADFED720A20EE200AA8
:10778000DFED710A20EE200ADFEDA90A20EE200AC3
:107790007047DFF818170A690168521A00EE102ABC
:1077A000DFF80C170A694168521A00EE902ADFF8D8
:1077B00004170A698168521A01EE102ADFF8101CBA
:1077C0000969C068091A01EE901AB8EEC00AB0EE55
:1077D000C00AF8EEE00AF0EEE00AB8EEC11AB0EE28
:1077E000C11A30EE200A30EE010AF8EEE10AF0EE9E
:1077F000E00A30EE200AF5EE000A20EE200ABDEE87
:10780000C00A10EE100A704780B500F0D6FEDFF80F
:10781000A806DFF8A8160968016001BD10B5DFF8F9
:10782000A00690ED000ADFF89C46DFED820A94ED99
:10783000001A00EE201A84ED001A00F0BEFEDFF8F8
:107840007C0690ED000ADFF880160878002803D146
:1078500084ED000A01200870D4ED000A30EE600AC1
:1078600003E0DFED750A30EE200ADFED740AB4EEB6
:10787000600AF1EE10FAF4DA9FED711AB4EE410AE3
:10788000F1EE10FA04D59FEDD11A30EE010AF3E7BC
:10789000DFED6C1A94ED002A00EE212A84ED002A17
:1078A00007E094ED000ADFED641A30EE210A84ED62
:1078B000000A94ED000ADFED641AB4EE610AF1EEFD
:1078C00010FAEEDA94ED000AB5EE400AF1EE10FA85
:1078D00008D594ED000ADFEDBD1A30EE210A84EDE3
:1078E000000AEFE7DFF8E40594ED000ADFF8C815B9
:1078F000D1ED001A30EE610A80ED000A07E090ED4C
:10790000000ADFED4D1A30EE210A80ED000A90EDFD
:10791000000AB4EE600AF1EE10FAF0DA90ED000A17
:10792000B4EE410AF1EE10FA08D590ED000ADFED51
:10793000A70A30EE200A80ED000AEFE710BD000034
:1079400000008045B76DDB3EC67D743E80B52DEDF1
:10795000048BDFF8580590ED020ADFF85405D0EDEE
:10796000020ADFF8500590ED021ADFF8640AD0ED44
:10797000021AB5EE002A70EE202A72EE812A72EE0B
:10798000A12A22EE829A30EE600A30EE410A30EEF1
:10799000210A20EE028AB0EEC90ABDEEC00A10EE3E
:1079A000100AFFF7E1FEF0EE408AB5EE409AF1EEE4
:1079B00010FA01D5F1EE688AB0EEC80ABDEEC00A31
:1079C00010EE100AFFF7D0FEB0EE409AB5EE408AF6
:1079D000F1EE10FA01D5B1EE499A01F029F8DFED88
:1079E0007C0A20EE208AB0EE480A01F057F9F0EE4A
:1079F000409AB0EE480A01F053F9DFF8E40968EE66
:107A0000A90A49EE400A90ED001A70EE810AC0ED15
:107A1000000ADFF8D00928EE800A09EE290AD0ED25
:107A2000000A30EE200A80ED000ABDEC048B01BD97
:107A30009A9989400AD7233C0000B4C3010034431B
:107A4000000034C30AD7A33B0100B443F8B52DEDC1
:107A5000028B8AB0002417E0DFF8900900EBC40124
:107A600091ED010AB7EEC00A8DED000B00EBC400EA
:107A700090ED000AB7EEC00A53EC102B611CDFF842
:107A8000700901F00FF9641C022CE5DBDFF8644992
:107A9000DFF8580990EC020A84EC020A14F108019C
:107AA000083090EC020A81EC020A5FF07C50206101
:107AB0000020606194ED050AB7EEC00A8DED080B59
:107AC00094ED040AB7EEC00A8DED060B94ED030A9F
:107AD000B7EEC00A8DED040B94ED020AB7EEC00AB2
:107AE0008DED020B94ED010AB7EEC00A8DED000B8F
:107AF00094ED000AB7EEC00A53EC102BDFF8F8083B
:107B000001F0D0F8DFF8F40890EC020A002556E006
:107B100004EBC50090ED001A31EE408A04EBC5007D
:107B200090ED011A71EE608ADFF8D46828EE080A39
:107B300008EEA80A01F0CAF806EB850080ED000AFD
:107B4000DFF8C078F0EE480AB0EE680A01F0CEF82F
:107B5000DFED200A20EE200A07EB850080ED000A09
:107B600007EB850090ED000AB5EE400AF1EE10FA41
:107B70000BD507EB850090ED000ADFED140A30EE1F
:107B8000200A07EB850080ED000A07EB850090EDE9
:107B9000000AB7EEC00A8DED000B06EB850090EDF4
:107BA000000AB7EEC00A53EC102B2900DFF8580882
:107BB00001F078F804EBC50090EC020A6D1C032D6F
:107BC000A6DB0AB0BDEC028BF1BD00000000B4439F
:107BD00035FA8E3CE02E65422DE9F8432DED028BFF
:107BE00084B0032001F005F9012840F05781DFF847
:107BF0001C482088002840F0518150202080B44D3E
:107C00002878002808D0022800F04581C0F0AA801A
:107C1000032800F010813EE1AE4E307802284BDBA5
:107C2000DFF8EC170878002840F09B8001200870EE
:107C3000DFF8E007D0E90001DFF8DC27C2E9000146
:107C4000DFF8D80701F02EF8DFF8D4070021016033
:107C5000DFF8D00700210160DFF8CC0700210160C8
:107C6000012001F033FBDFF8C457280001F000FECB
:107C70000121280001F033FDDFF8B457280001F09E
:107C8000F7FD0121280001F02AFDDFF8540700214B
:107C90000160DFF85007002101600020DFF848177D
:107CA000087000F0BBFEFFF7AFFD50202080DFF82A
:107CB000840700F0F7FF54E08748002101600021AD
:107CC0004160002001F002FB0021DFF8600701F0B5
:107CD00006FD0021DFF8580701F001FD0020DFF864
:107CE000FC160870DFF8C4810E232B2200214046C9
:107CF00001F08EFADFF8B8910D232A2200214846C0
:107D000001F086FA6B4C212352220021200001F061
:107D10007FFADFF8BC76222353220021380001F0DD
:107D200077FADFF81407D8F810100160D9F81010AE
:107D30004160216981603969C160DFF8004700F066
:107D400077FE84ED000A0120287094ED000AB7EE5A
:107D5000C00A53EC102B3178491CDFF8E40600F020
:107D6000A1FF98E0DFF8D006FFF713FDDFF8D47627
:107D7000FFF7FAFC87ED000ADFF8C00690ED000A75
:107D8000DFED490A20EE208ADFF84C81B0EE480A88
:107D900000F084FFD7ED000A98ED001A00EE201ADB
:107DA00088ED001AB0EE480A00F07AFFD7ED000A1D
:107DB00098ED011A00EE201A88ED011ADFF82C0662
:107DC000444E317800EBC10198EC020A81EC020AC2
:107DD000317800EBC10191ED010AB7EEC00A8DEDDB
:107DE000020B317800EBC10090ED000AB7EEC00A3B
:107DF0008DED000B97ED000AB7EEC00A53EC102B87
:107E00003178491CDFF8400600F04CFF3078401C08
:107E100030703078022805DBFFF718FEDFF82C06FB
:107E200000F040FF002028700020DFF8B015087037
:107E3000142020802FE0002001F048FA0021DFF814
:107E4000EC0501F04CFC0021DFF8E40501F047FCF3
:107E5000DFF8D00500210160DFF8CC0500210160CA
:107E60000020DFF878150870DFF8E40500210160D4
:107E70000120DFF8E0150870002028700020154967
:107E8000087015480021016000214160DFF8C80535
:107E900000F008FFFFE7032000F0AFFF04B0BDECE7
:107EA000028BBDE8F183000035FA8E3C180D0228E4
:107EB000700D0228C80D0228081202286412022838
:107EC000301202280C120228B412022804120228CE
:107ED000AF120228AD12022880110228F8B52DED4C
:107EE000048B84B0DFF824452088002802D0208845
:107EF000401E2080DFF818050078002800F08480FC
:107F0000DFF81005D0E90001DFF80C25D2E90023E5
:107F1000801A9941DFF844250023994274D301D88F
:107F2000904271D3DFF8380500780A286CDBDFF85F
:107F300034552878002867D12088002864D19FED27
:107F40009F8A002636E0DFF89C14DFF89424DFF8DF
:107F5000A40400EBC60393ED000AD2ED000A30EE54
:107F6000600A00EBC603D3ED000A92ED001A70EE32
:107F7000C10A20EE200A00EBC602D2ED010A91ED03
:107F8000001A70EEC10A00EBC60090ED011AD1EDA7
:107F9000001A31EE611A00EE810A00F097FEB4EE8D
:107FA000480AF1EE10FA04D5B0EE408ADFF8B804C2
:107FB0000670761C032EC6DB00200021DFF8AC24FF
:107FC000C2E9000101202870DFF89C14DFF82404C6
:107FD000B7EEC80A8DED020B0A7800EBC20292EDF3
:107FE000010AB7EEC00A8DED000B0A7800EBC20063
:107FF00090ED000AB7EEC00A53EC102B0978491C2B
:10800000DFF86C0400F04EFEDFF85804007800281A
:1080100000F0AF80DFF85044DFF8D803217800EBA0
:10802000C10090ED000ADFF8B813D1ED000A30EE80
:10803000608A90ED010ADFF8AC03D0ED000A70EE23
:10804000608A28EE080A08EEA80A00F03FFEDFED7D
:108050005C0AB4EE600AF1EE10FA11D4B0EEC80A70
:10806000DFED580AB4EE600AF1EE10FA56D5B0EE24
:10807000E80ADFED550AB4EE600AF1EE10FA4DD5CC
:10808000DFF8F00300210160DFF8EC03002101605C
:10809000DFF8E803002101600020DFF840130870DA
:1080A000DFF8800300210160DFF87C03002101601C
:1080B000DFF8B853D5E9000100290DD100280BD114
:1080C000DFF85003D0E90001C5E900012178491C1F
:1080D000DFF8AC0300F0E6FDCE48D0E90001D5E9B9
:1080E0000023801A9941DFF89C230023994214D37E
:1080F00001D8904211D32078401C032190FBF1F26B
:1081000001FB1200207000200021C5E90001217848
:10811000491CDFF8740300F0C5FD50E10020002188
:10812000D24AC2E9000128EE080A08EEA80A00F0C7
:10813000CDFDDFEDA50AB4EE600AF1EE10FA0BDB1F
:10814000DFEDA20AC0EE800A20EE888ADFED9F0AEA
:1081500080EE800A60EE288AC64880ED008AC64814
:10816000C0ED008AC5480021016001209B490870CC
:1081700025E1C64DD5E90001002901D100285CD0D8
:10818000A448D0E90001D5E90023801A9941C04AEA
:108190000023994203D801D3904200D20FE100207E
:1081A0000021C5E90001BB49087800280ED1BA4872
:1081B000002202600022426012E000BF286B6E4E77
:1081C0009B99193E0AD7A33C9A99193E89480A7887
:1081D00000EBC200083890EC020AAF4880EC020ABB
:1081E0009548AE4A12690260AD4A12694260AD4AD2
:1081F00012698260764A1269C26095480022026064
:108200000120944A1070502020807E480A7800EBAC
:10821000820090ED000AB7EEC00A8DED000B7848A1
:108220000A7800EB820090ED000AB7EEC00A53EC2A
:10823000102B09789C4800F035FD9C4800780328F5
:1082400040F0BD807C48FFF7A4FAFFF78DFAB0EE4E
:10825000409A904E6B48317800EB810090ED000A17
:10826000DFED5C0A60EE209A8B4FB0EE690A00F0F9
:1082700015FDD7ED000A40EE090AB0EE608AB0EEB7
:10828000690A00F00DFDD7ED010A40EE090AF0EE93
:10829000608A5848317800EBC10090ED000A30EE5A
:1082A000489A90ED010A70EE689A29EE090A09EEE3
:1082B000A90A00F00BFDDFED480AB4EE600AF1EE0A
:1082C00010FA57D5B7EEE81A8DED021BF0EE480A0A
:1082D000B7EEE01A8DED001BB7EEC00A53EC102B81
:1082E0003178734800F0DEFC3078401C3070307814
:1082F000032822DB002030700020386000207860E6
:108300004448D0E90001C5E900015A480021016054
:1083100059480021016059480021016000202F497F
:1083200008704048002101603F4800210160502052
:108330002080604800F0B6FC41E03648D0E90001FA
:10834000C5E900014B48002101604B480021016054
:108350004A4800210160002020490870314800216E
:1083600001603148002101603178491E524800F017
:1083700099FC24E029EE090A09EEA90A00F0A6FCFE
:10838000DFED110AB4EE600AF1EE10FA0BDBDFED5F
:108390000F0AC0EE800A20EE899ADFED0C0A80EE0B
:1083A000800A60EE299A334880ED009A3248C0ED89
:1083B000009A32480021016001200849087004B089
:1083C000BDEC048BF1BD00BFCECC4C3ECDCC4C3EC1
:1083D000200E022835FA8E3C0BD7A33CB01202289F
:1083E000FC11022800120228B112022818110228DA
:1083F00000D40810A810022870CF081008D5081063
:10840000581102286411022824D30810901202285F
:10841000B612022870110228A0110228D8CF081025
:10842000181202281012022814120228000F022823
:10843000400F022808D0081028110228E411022851
:1084400074D10810E811022890D0081040D3081009
:10845000EC1102289A07022890D4081000093D0068
:10846000AA120228B3120228B21202289811022876
:10847000A4CF0810F0110228F4110228F8110228E4
:1084800098D10810C0C62D00BCD108109011022848
:1084900080841E00AE12022888110228180D0228BE
:1084A000700D0228C80D0228B8D00810AF1202289B
:1084B00038D00810E0D1081004D2081080B50A00A6
:1084C000D2B20100C9B2734801F03AFC01BD80B5D7
:1084D0000100C9B26F4801F095FC02BD80B51300E0
:1084E0000A000100C9B26B4801F0BFFC01BD70B5C4
:1084F0000020002500263000461C80B2B0F5807FA9
:108500000ADA0D20FFF7E3FF0400012001F0F2FD7D
:10851000E4B2FF2CEFD100E001252800C0B270BD0D
:108520003EB5062269460020FFF7D8FF5A489DF85D
:1085300001109DF8002052EA01220280574C9DF85C
:1085400003109DF8022052EA01222280544D9DF82A
:1085500005109DF8042052EA01222A80B0F900009B
:1085600000F036F84F4880ED000AB4F9000000F042
:108570002FF84D4880ED000AB5F9000000F028F80A
:108580004A4880ED000A37BD80B5022269460720BF
:10859000FFF7A4FF9DF801109DF8000050EA0120AC
:1085A00000B200EE100AB8EEC00ADFED370A80EE26
:1085B000200A3F4880ED000A01BD80B5FFF7B0FFFB
:1085C000FFF7E2FF00F010F83A4880ED000A01BD25
:1085D00000B200EE100AB8EEC00A3748D0ED000A2B
:1085E00080EE200A7047000080B52B48B0F90000EB
:1085F00000F5A8509A3000EE100AF8EEC00A27489D
:10860000B0F9000000F2453000EE100AB8EEC00AE2
:1086100000F06CFBDFED1D0A20EE200AB5EE400AEB
:10862000F1EE10FA03D5DFED1A0A30EE200A01BD93
:108630001CB50024142001F05DFD2C200090312396
:108640003B220D21134801F065FCFFF750FF002885
:1086500007D0E423194A1A490020FCF79DF80124A9
:108660000EE001210B20FFF729FF19210920FFF758
:1086700025FF01210A20FFF721FF0F481149016062
:108680002000C0B216BD00000000C842E12E6542C5
:108690000000B443381102289412022896120228CE
:1086A0009812022854120228581202285C1202283A
:1086B0006012022864120228F0060228A4CD0810D5
:1086C0005CD3081000803B452DE9F84F2DED068B5B
:1086D000DFF8B803D0E90045DFF8B403D0E90001C2
:1086E000201A75EB010101F095FD00EE100ADFED97
:1086F000CD0A20EE208AB5EE408AF1EE10FA06D9B6
:108700009FEDC90AB4EE408AF1EE10FA01DB9FED4D
:10871000C78AFDF739FA01F0BBFD01F0D9FD002051
:10872000FDF72AFADFF87863DFF84413DFF8740303
:10873000B0F9000000EE100AB8EEC00AD1ED000A50
:1087400080EE200A86ED000ADFF85C73DFF85C0338
:10875000B0F9000000EE100AB8EEC00AD1ED000A30
:1087600080EE200A87ED000ADFF84483DFF8440337
:10877000B0F9000000EE100AB8EEC00AD1ED000A10
:1087800080EE200AB1EE400A88ED000ACA4AB948D4
:10879000B0F9000000EE100AB8EEC00AD1ED010AEF
:1087A00080EE200AB648D0ED000A30EE600A82ED75
:1087B000000AC248B04BB3F9003000EE103AB8EEF0
:1087C000C00AD1ED010A80EE200AAE4BD3ED000ABB
:1087D00030EE600A80ED000AB94BDFF8A0C2BCF9A8
:1087E00000C000EE10CAB8EEC00AD1ED010A80EE5A
:1087F000200AA549D1ED000A30EE600A83ED000A97
:10880000B04991ED000ADFED8C0A20EE200AD3ED8D
:10881000000A9FED8A1A00EE810A81ED000A9FEDA1
:10882000880AD1ED000AF0EEE00AF4EE400AF1EE1B
:1088300010FA4ED5D0ED000AF0EEE00AF4EE400A50
:10884000F1EE10FA45D5D2ED000AF0EEE00AF4EEB2
:10885000400AF1EE10FA3CD5DFF86CC2BCF800E03B
:10886000BEF10F0F05DABCF800E01EF1010EACF806
:1088700000E0BCF800C0BCF10F0F2FDBDFF84CC2EA
:1088800091ED000ADCED000A30EE600ADFED6D0AC2
:108890009CED001A00EE201A8CED001A9CED000AE7
:1088A000DFED690AB4EE600AF1EE10FA03DB5FF067
:1088B0008041CCF800109CED000AF8EE000AB4EEFE
:1088C000600AF1EE10FA09D55FF04041CCF80010D3
:1088D00004E00021DFF8F0C1ACF8001093ED000ACD
:1088E0007A49D1ED000A30EE600ADFF8A891D9ED9F
:1088F000008A40EE088ADFF8A0A192ED000A9AED06
:10890000009A00EE089ADFF894B190ED000ADBEDD2
:10891000009A40EE489AB0EE498AB0EE69AA96ED08
:10892000000AD6ED000A20EE200AD7ED000A97EDE6
:10893000001A00EE810AD8ED000A98ED001A00EE48
:10894000810A00F0C3F9DFED410AB4EE600AF1EEEE
:1089500010FA28DBDFED3E0AB4EE600AF1EE10FA01
:1089600021D597ED000AD7ED000A20EE200AD8EDB8
:10897000000A98ED001A00EE810A00F0A7F9F0EE67
:10898000400A9FED34AA96ED000AB1EE400A00F0CD
:10899000ADF920EE0A8AD8ED000A97ED000A00F042
:1089A000A5F920EE0AAA9FED2C0ADFED2C0A29EE8C
:1089B000201A08EE001A8AED001A69EEA00A4AEEA3
:1089C000000ACBED000AC9ED008A99ED000ADFED3F
:1089D000240AB4EE600AF1EE10FA07DB99ED000A02
:1089E000DFED200A30EE200A89ED000A99ED000A39
:1089F000DFED1D0AB4EE600AF1EE10FA07D599ED2D
:108A0000000ADFED1A0A30EE200A89ED000A20483C
:108A1000C0E90045BDEC068BBDE8F18F1D48002183
:108A200001607047BD378635CECCCC3D0AD7233C9C
:108A3000184890ED000A70476666663FCDCCCC3D85
:108A4000CDCC4C3E8FC2F53D01000040CECC4C3F1A
:108A50009A99993FE12E6542D0CC4C3D3333733F18
:108A6000010034430000B4C3000034C30000B44329
:108A7000F40602289A1202289C1202289E1202284A
:108A800034120228381202283C12022870110228DF
:108A9000A811022844120228481202284C12022867
:108AA0001C120228A012022820120228A212022858
:108AB00024120228A4120228281202282C120228AA
:108AC0003012022850120228921202284012022864
:108AD000DFED620A60EE200A10EE902A22F00041DB
:108AE00001EE101ADFED5E1AB4EE611AF1EE10FA23
:108AF00025D54FF07C5102F000420A4301EE102AC6
:108B000071EE200AFDEEE00A10EE901A00296AD0FC
:108B1000FAEEC90A9FED531A00EE810ADFED521AF0
:108B200000EEA10A9FED512A00EE820ADFED502AE5
:108B300000EEA20A9FED4F1A00EE810A53E010EEFC
:108B4000101A4B001B1613F1010F0AD14900081629
:108B500010F1010F02D1090240F07F809FED460A1B
:108B60007047490004D1002877D0B7EE000A70475B
:108B70004FF07C5102F000420A4301EE102A71EEE0
:108B8000200A10EE902A51000DD0090EC1F1960175
:108B90001829A8BF02F0004203DA0029C4BFCA4066
:108BA0008A4000EE902A10EE901A490017D09FEDEF
:108BB000331A20EE811ADFED2B1A01EE210A9FED08
:108BC0002A2A01EE020ADFED292A01EE220A9FED90
:108BD000283A01EE030ADFED271A01EE210AFDEE25
:108BE000E00A10EE901A01F00301081810EE101AB6
:108BF00021F0004100EE901A9FED211AF4EE410A97
:108C0000F1EE10FA04D5C10723D5B7EE000A20E033
:108C1000C10760EE000A0ED59FED1A0A9FED1A1AE1
:108C200000EE801ADFED191A41EE201AB7EE000AA5
:108C300001EEA00A0DE09FED162ADFED161A40EEB8
:108C4000821ADFED152A20EE201A41EEA02A01EE4D
:108C5000220A800748BFB1EE400A704783F9223FDD
:108C60000000004F0000C9C600A0FDC00020A2BA4D
:108C7000000034B30030C2AEFFFFFF7F0000803839
:108C8000000080399349B2BA36A02A3DDFFFFFBE0B
:108C90006E8C4CB94283083CA1AA2ABE012017E77A
:108CA000002015E70EB4C0B5024603A800210190CC
:108CB000009101AB0121044878440C30F9F7E3F945
:108CC00006BC5DF810FB00BFB1470000B5EEC00A5E
:108CD000F1EE10FA02D4B1EEC00A70476FF0004C0A
:108CE00000EE10CAAFF300807047000052EC101A7B
:108CF000B0EEC00AC80F49005200F0EEE00A28BFEB
:108D00000C3011F1807F38BF12F1807F0CD28A4283
:108D100038BF80F00400124214D034BF80EE800AC5
:108D200080EE200A01F074BB11F1807F08BF80F053
:108D3000040098BF12F1807F08D88A4214BF002235
:108D40004FF07E5200EE102A01F062BB6FF000413E
:108D500000EE101A7047000010B5002000241FE03C
:108D600000212200D2B2815413E039482100C9B257
:108D7000415C0229F4D037492200D2B251F82210C6
:108D80000A3940F2DE329142EAD201212200D2B207
:108D9000815400202F492200D2B241F82200641CE5
:108DA0002000C0B2052823DA2B482100C9B2405C5C
:108DB00001F0BFFB0128D8D026482100C9B250F8E5
:108DC0002110491C2200D2B240F822104FF47A71CF
:108DD000224A1268B1FBF2F12200D2B250F822000E
:108DE0008842DCD302201A492200D2B28854D6E746
:108DF00010BD1749C0B2085C70470021144AC0B2C8
:108E00001154704770B50400002C01D0012000E01F
:108E100000208C221249C0B2FBF7A0FC00200025E4
:108E20000EE00123012200210B482E00F6B2805DE6
:108E300001F0B7FB002006492A00D2B288546D1C0D
:108E40002800C0B20528ECDB0448046070BD0000B7
:108E5000B01102280411022810D50810841202282B
:108E600060CC081010B52DED028BDFF858449FED53
:108E7000A91ADFEDA90AB1EE040A200000F006FCF1
:108E80009FEDA68ADFEDA68AF0EE680AB0EE480AEA
:108E9000200000F019FC9FEDA30A200000F019FC4F
:108EA0000021200000F01BFCDFF81C449FED991A04
:108EB000DFED9D0A9FED9D0A200000F0E7FBF0EE3C
:108EC000680AB0EE480A200000F0FEFB9FED910A10
:108ED000200000F0FEFB0021200000F000FCBDECB3
:108EE000028B10BD2DE9F0412DED068B582100229B
:108EF000DFF8284425002800FBF7C2FC5821002297
:108F0000DFF81C542E003000FBF7BAFC5821002279
:108F1000DFF8106437003800FBF7B2FC582100225C
:108F2000DFF80474B8464046FBF7AAFC032300228E
:108F300001212B2001F035FB42F21078002241463E
:108F40000E20FBF779F90323002201212A2001F0EA
:108F500028FB002241460D20FBF76EF90323002277
:108F60000121522001F01DFB002241462120FBF788
:108F700063F9032300220121532001F012FB002298
:108F800041462220FBF758F91834B0EE088ADFED8D
:108F9000668A9FED601AF0EE680AB0EE480A20007B
:108FA00000F074FB9FED939ADFED939AF0EE690A5F
:108FB000B0EE490A200000F087FB9FED58AAB0EE02
:108FC0004A0A200000F085FB0021200000F087FB0A
:108FD00015F118049FED4F1AF0EE680AB0EE480A3A
:108FE000200000F053FBF0EE690AB0EE490A2000C1
:108FF00000F06AFBB0EE4A0A200000F06AFB002194
:10900000200000F06CFB16F118049FED7C8ADFED68
:109010007C8A9FED401AF0EE680AB0EE480A200004
:1090200000F034FBF0EE690AB0EE490A200000F0CF
:109030004BFBB0EE4A0A200000F04BFB0021200061
:1090400000F04DFB17F118049FED321AF0EE680A9C
:10905000B0EE480A200000F019FBF0EE690AB0EE0D
:10906000490A200000F030FBB0EE4A0A200000F070
:1090700030FB0021200000F032FBFFF7F3FE00F090
:1090800005F8BDEC068BBDE8F081000010B52DEDB4
:10909000048BDFF808439FED5B8A9FED1E1ADFED1E
:1090A0001D0AB0EE480A200000F0F0FADFED568A03
:1090B0009FED569AF0EE490AB0EE680A200000F0E3
:1090C00003FBF2EE049AB0EE690A200000F001FB07
:1090D0000121200000F003FBDFF8C4429FED0D1AD0
:1090E000DFED0C0AB0EE480A200000F0CFFAF0EEF7
:1090F000490AB0EE680A200000F0E6FAB0EE690A0C
:10910000200000F0E6FA0121200000F0E8FABDECB2
:10911000048B10BD000000000AD7A33D0000C84228
:109120000000C8C20000A042CDCCCC3D9A99193FA6
:1091300080B52DED028B01F0E1FAB1EE408A01F02D
:10914000E1FAF1EE408ADFF85C020078002811D0E5
:10915000DFF85402D0E90001DFF85022D2E9002301
:10916000801A9941DFF848220023994213D801D38D
:10917000904210D2DFF8240200F07AFBDFF82002E0
:1091800000F076FBDFF82C0200210160DFF8C80454
:10919000002101602BE0DFF820020078012810D0C8
:1091A000DFF8F80100F064FBDFF8F40100F060FB89
:1091B000DFF8000200210160DFF89C04002101605B
:1091C00015E0B0EE480ADFF8D40100F091FAB0EEF5
:1091D000408AB0EE680ADFF8C80100F089FADFF8CB
:1091E000D40180ED008ADFF8700480ED000ABDEC48
:1091F000028B01BD00009643000096C3CDCC4C40CD
:109200009A99193E0AD7233CCDCC4C3ECDCC4CBECE
:1092100038B50C001D002900C9B20D2903D0290062
:10922000C9B2222900D1644240F22D118C4201DBE7
:109230004FF49674DFF82C148C4200DA0C00446072
:10924000002C0AD401211000C0B201F050F9210015
:109250002800C0B2FAF7C3FF0AE000211000C0B234
:1092600001F045F9644221002800C0B2FAF7B7FFC7
:1092700031BD0000DFED100A80EE200ADFED0C0AA0
:1092800020EE200A70470000DFED0C0A80EE200A75
:10929000DFED080A20EE200ADFED090A20EE200AA1
:1092A0007047000080B5FFF7E5FFFFF7EDFF01BD58
:1092B0000000704200008045C67D743EB76DDB3E05
:1092C0003EC32E39000F0228400F022810B50400BB
:1092D0002100C9B2DFF8940300F001FA2100C9B2FD
:1092E000DFF88C0300F0FBF92100C9B2DFF884033A
:1092F00000F0F5F92100C9B2DFF87C0300F0EFF9C6
:10930000E4B2002C04D00120DFF87013087003E0F1
:109310000020DFF86813087010BD0000180D022847
:10932000700D0228C80D0228200E022870B52DED00
:10933000048BB0EE608AF0EE418AB0EE619ADFF8FD
:109340004003FDEEC00AC0ED000ADFF83843FDEE31
:10935000C80AC4ED000ACC4DFDEEE80AC5ED000ACE
:10936000C14EFDEEC90AC6ED000A183000F0B4F98E
:10937000B0EE480A14F1180000F0AEF9B0EE680A39
:1093800015F1180000F0A8F9B0EE490A16F118001E
:1093900000F0A2F9BDEC048B70BD0000800F022824
:1093A000C00F0228B612022870110228A01102284C
:1093B00000093D0010120228A912022838B5B04C4D
:1093C00094F8500000283BD094ED000AB8EEC00A93
:1093D000DFED9B0AB4EE600AF1EE10FA01DB9FEDBF
:1093E000990ADFED990AB4EE600AF1EE10FA01D5A0
:1093F000B0EE600A14F11805280000F06DF994ED44
:10940000020A280000F074F9DFED900AB4EE600A59
:10941000F1EE10FA01DB9FED8E0ADFED8E0AB4EE5D
:10942000600AF1EE10FA01D5B0EE600ABDEEC00A96
:1094300084ED010A0E232B2261682000FFF7E8FE6D
:10944000904C94F8500000283BD094ED000AB8EE00
:10945000C00ADFED7B0AB4EE600AF1EE10FA01DB20
:109460009FED780ADFED780AB4EE600AF1EE10FAAB
:1094700001D5B0EE600A14F11805280000F02CF9AF
:1094800094ED020A280000F033F9DFED700AB4EE23
:10949000600AF1EE10FA01DB9FED6D0ADFED6D0A57
:1094A000B4EE600AF1EE10FA01D5B0EE600ABDEE3E
:1094B000C00A84ED010A0D232A2261682000FFF70B
:1094C000A7FE714C94F8500000283BD094ED000AA0
:1094D000B8EEC00ADFED5A0AB4EE600AF1EE10FAF7
:1094E00001DB9FED580ADFED580AB4EE600AF1EE99
:1094F00010FA01D5B0EE600A14F11805280000F04A
:10950000EBF894ED020A280000F0F2F8DFED4F0AC4
:10951000B4EE600AF1EE10FA01DB9FED4D0ADFEDCB
:109520004D0AB4EE600AF1EE10FA01D5B0EE600A11
:10953000BDEEC00A84ED010A212352226168200099
:10954000FFF766FE484C94F8500000283BD094ED9D
:10955000000AB8EEC00ADFED3A0AB4EE600AF1EE96
:1095600010FA01DB9FED370ADFED370AB4EE600A2F
:10957000F1EE10FA01D5B0EE600A14F118052800DA
:1095800000F0AAF894ED020A280000F0B1F8DFED2F
:109590002F0AB4EE600AF1EE10FA01DB9FED2C0AFF
:1095A000DFED2C0AB4EE600AF1EE10FA01D5B0EE50
:1095B000600ABDEEC00A84ED010A222353226168CD
:1095C0002000FFF725FE31BD80B52DED048BF0EEB8
:1095D000401A9FED222A31EEA00A01EE020A31EE76
:1095E000E08A01EE028A9FED1E2A71EEE08A41EECA
:1095F000028A31EEA09A01EE029AFFF753FEFDEEC9
:10960000C09AB0EE480AFFF74DFEBDEEC08AB0EE3C
:10961000680AFFF747FEFDEEC08AB0EE490AFFF781
:1096200041FEBDEEC00AF8EEC01AB8EEE81AF8EE38
:10963000C80AB8EEE90AFFF779FEBDEC048B01BD5C
:109640000100164300001643000016C301009643B4
:1096500000009643000096C3141202285C8F423E1D
:109660005C8F42BED4FEFFFF200E0228300D022880
:10967000880D0228E00D0228380E0228B7120228B1
:10968000180D0228700D0228C80D022880ED000A6E
:10969000C0ED010A80ED021A0021C16000210161C4
:1096A000002141610021816100220023C0E90823DB
:1096B000002181626A49C1626A4901636A49416362
:1096C000002180F83810704780ED0B0AC0ED0C0ABD
:1096D000704780ED0D0A704780ED030A704780B532
:1096E00080F83810C9B2002901D100F0C1F801BDDD
:1096F00070B52DED028B060096F83800002802D1D7
:109700009FED520A9EE086ED040A96ED030AD6ED1F
:10971000040A30EE608A5548D0E90045D6E90801D0
:10972000002904D1002802D19FED490A0CE0D6E9B6
:109730000801201A75EB010100F06CFD00EE100A23
:10974000DFED440A20EE200AB5EE400AF1EE10FAF1
:1097500006D9DFED410AB4EE600AF1EE10FA01DB42
:109760009FED3B0ADFED390ADFED380ADFED371AEE
:10977000D6ED000A60EE880A96ED062AD6E90801C1
:10978000002901D100280CD096ED051A38EE011AF7
:1097900021EE001AF6EE002A21EE221A32EE012AFC
:1097A00001E008EE002A96ED0D1AB4EE421AF1EE31
:1097B00010FA01D596ED0D2A96ED0D1AB1EE411A6B
:1097C000B4EE412AF1EE10FA03D596ED0D1AB1EE82
:1097D000412A96ED011A21EE021AD6E90801002964
:1097E00001D1002810D0DFED1D2AB4EE620AF1EE9F
:1097F00010FA09DBD6ED051A78EE611AD6ED022AC9
:1098000061EEA21AC1EE801A30EE810A30EE210A12
:10981000D6ED0B0AF4EE400AF1EE10FA01D596ED02
:109820000B0AD6ED0C0AB4EE600AF1EE10FA01D57F
:1098300096ED0C0A86ED058A86ED062AC6E90845EE
:1098400086ED0A0ABDEC028B70BD0000000000002E
:109850000AD7233CBD378635CECCCC3DBE378635C6
:109860000000E1440000E1C40000484470110228F7
:10987000002141610021816100220023C0E9082309
:1098800000218162704700001CB50400002C01D04B
:10989000012000E000204122DFF86816C0B2FAF78C
:1098A0005DFFDFF8640601212278D21010EBC212AE
:1098B000237813F0070311FA03F313602279D2100F
:1098C00010EBC210227912F0070211FA02F20260C4
:1098D000E06800900098421E00920028FAD1DFF85C
:1098E0002C262079C01012EBC010237913F0070347
:1098F00011FA03F30360E06800900098431E0093A0
:109900000028FAD12078C01012EBC012207810F095
:10991000070081401160E06800900098411E0091AE
:109920000028FAD113BD1CB50400002C01D0012081
:1099300000E000205522DFF8CC15C0B2FAF70EFF88
:10994000DFF8C80501212279D21010EBC212237969
:1099500013F0070311FA03F313602278D21010EB0F
:10996000C210227812F0070211FA02F20260E068D7
:1099700000900098421E00920028FAD1DFF8882556
:109980002078C01012EBC010237813F0070311FAEF
:1099900003F30360E06800900098431E00930028E2
:1099A000FAD12079C01012EBC012207910F0070014
:1099B00081401160E06800900098411E00910028ED
:1099C000FAD113BD38B504000D00002C01D00120E0
:1099D00000E000206A22DFF82C15C0B2FAF7BEFEC4
:1099E000DFF8281501222078C01011EBC010237871
:1099F00013F0070312FA03F30360EDB2002D0CD04D
:109A00002079C010DFF8003513EBC013207910F077
:109A1000070012FA00F0186009E02079C01011EB7D
:109A2000C010237913F0070312FA03F30360E06810
:109A300000900098431E00930028FAD1DFF8C83444
:109A40002078C01013EBC010257815F0070512FA26
:109A500005F50560E06800900098451E0095002817
:109A6000FAD12078C01011EBC011207810F0070057
:109A700012FA00F008602079C01013EBC0132079AF
:109A800010F0070082401A6031BD2DE9FC4104004E
:109A9000002C01D0012000E000208622DFF86414B1
:109AA000C0B2FAF75BFE0025DFF864640127207876
:109AB000C01016EBC010217811F0070117FA01F160
:109AC0000160DFF844842079C01018EBC0102179C0
:109AD00011F0070117FA01F101600022002160680E
:109AE000C0B200F037FDE06800900098411E009180
:109AF0000028FAD12078C01018EBC018207810F098
:109B0000070017FA00F0C8F80000E068009000981D
:109B1000411E00910028FAD16068C0B200F009FD32
:109B2000002800D001252078C01016EBC016207840
:109B300010F0070087403760032201216068C0B23F
:109B400000F008FDE06800900098411E0091002898
:109B5000FAD12800C0B2BDE8F6817CB504000D0042
:109B6000002C01D0012000E00020A822DFF894138F
:109B7000C0B2FAF7F3FD80210800C0B200284ED031
:109B80002800C0B208420CD00120227912F007024E
:109B900090402279D210DFF8703313EBC2131860B3
:109BA0000BE00120227912F0070290402279D210B6
:109BB000DFF85C3313EBC2131860C9B24908E068E0
:109BC000400800900098421E00920028FAD101221D
:109BD000207810F0070012FA00F02378DB10DFF88D
:109BE000286316EBC3163060E06800900098431EAF
:109BF00000930028FAD1207810F0070082402078E6
:109C0000C010DFF80C3313EBC0131A60E068400893
:109C100000900098421E00920028FAD1ACE7200084
:109C2000FFF733FF012801D1002000E00120C0B27E
:109C300076BD2DE9FC4704000D00002C01D0012069
:109C400000E00020C222DFF8BC12C0B2FAF786FDA5
:109C500000260827DFF8B4825FF001092078C010E1
:109C600018EBC010217811F0070119FA01F1016019
:109C7000E06800900098411E00910028FAD1DFF8BA
:109C800088A22079C0101AEBC010217911F00701C9
:109C900019FA01F10160002200216068C0B200F0F1
:109CA00059FC27E02078C01018EBC010217811F083
:109CB000070119FA01F10160E06800900098411E67
:109CC00000910028FAD12078C0101AEBC01021783A
:109CD00011F0070119FA01F10160E06800900098A5
:109CE000411E00910028FAD16068C0B200F021FC4A
:109CF00050EA46063800471EC0B20028D2D120786C
:109D0000C01018EBC018207810F0070019FA00F9FD
:109D1000C8F80090032201216068C0B200F01AFC6C
:109D2000E06800900098411E00910028FAD12900B7
:109D3000C9B22000FFF746FE3000C0B2BDE8F6878A
:109D400070B504000D001600002C01D0012000E0C9
:109D500000204FF49C72DFF8AC11C0B2FAF7FEFCA1
:109D60002000FFF791FD217A4900C9B22000FFF7DA
:109D7000F4FE2900C9B22000FFF7EFFE3100C9B29E
:109D80002000FFF7EAFE2000FFF7CDFD70BD2DE9B2
:109D9000F04105000E0014001F00002D01D001202D
:109DA00000E00020DFF85C814FF4A6724146C0B2AB
:109DB000FAF7D4FC002C01D0012000E0002040F292
:109DC0004D124146C0B2FAF7C9FC2800FFF75CFD0E
:109DD000297A4900C9B22800FFF7BFFE3100C9B295
:109DE0002800FFF7BAFE04E021782800FFF7B5FE4F
:109DF000641C3800471E0028F6D12800FFF793FDA9
:109E0000BDE8F08138B504000D00002C01D0012020
:109E100000E000204FF4F3723A49C0B2FAF79EFC1A
:109E200000202000FFF730FD217A4900C9B2200050
:109E3000FFF793FE2900C9B22000FFF78EFE200035
:109E4000FFF722FD217A490051F00101C9B220003B
:109E5000FFF783FE01212000FFF7EBFE0500200045
:109E6000FFF761FD2800C0B232BD2DE9F0410500C9
:109E70000F0016001C00002D01D0012000E0002082
:109E8000DFF880804FF4FF724146C0B2FAF766FCFB
:109E9000002E01D0012000E0002040F2FF124146D8
:109EA000C0B2FAF75BFC2800FFF7EEFC297A490004
:109EB000C9B22800FFF751FE3900C9B22800FFF7E8
:109EC0004CFE2800FFF7E0FC297A490051F001011F
:109ED000C9B22800FFF741FE0BE0002104E0370083
:109EE0007E1C002CF9D10121C9B22800FFF7A1FE88
:109EF00038702000441E0028F1D12800FFF713FD20
:109F0000BDE8F08184CB08100800314004003140E6
:109F1000040031402DE9F843040088461700002C66
:109F200001D0012000E00020089D1E00DFF85C90B9
:109F300040F2BA224946C0B2FAF710FC30002900BC
:109F4000C0B2C9B2884201D0012000E0002040F236
:109F5000BB224946C0B2FAF701FC3000C0B2206013
:109F60002800C0B2606084F80880E7600323012203
:109F700001213000C0B200F014FB032301220121B3
:109F80002800C0B200F00DFBBDE8F18384CB0810BF
:109F9000022801D301200FE00B00DBB2042B01DB10
:109FA000012009E0954B03EB8000C9B2405C82427E
:109FB00001D3012000E000207047F8B506000F0033
:109FC00015001C00022E01D301201CE02A003900DC
:109FD000C9B23000FFF7DCFF012801D1012012E0F7
:109FE0003800C0B2002811D1B4F5807F0CD284486B
:109FF0007603304400EB850010F58050016864F36F
:10A000000F2101600020F2BD0120FCE7FFB2012F0B
:10A0100010D1B4F5803F0BD279487603304400EB81
:10A02000850010F5A050016864F317210160E9E78D
:10A030000120E8E70120E6E700B20012C0B2704755
:10A04000F8B505000E001700280000B2FFF7F4FF76
:10A0500004002000C0B2022801D3012023E03A000E
:10A060003100C9B22000C0B2FFF792FF012801D130
:10A07000012018E062492000C0B2400308442A00D1
:10A08000D2B200EB8200D0F8000CF6B266F30920E1
:10A0900067F30700E4B264032144EDB201EB8501EC
:10A0A000C1F8000C0020F2BD70B504000D001600D0
:10A0B000022C01D301201CE032002900C9B220008B
:10A0C000FFF766FF012801D1012012E04C4960032F
:10A0D000085850F0004050F0407050F47F00EDB24E
:10A0E00065F3092066F3070062038850640308598A
:10A0F000002070BDF8B504004FF4FA504443414DC0
:10A10000414E00212878C001304400F098FC14E052
:10A110002878C001304400F094FCB842F8D33B4F9B
:10A120003C192878C001304400F08BFC3F183900FE
:10A130002878C001304400F082FC4CF25137BC4218
:10A14000E6D22878C001304400F07BFC8442F8D28B
:10A15000F1BD38B594B0502100226C462000FAF7CA
:10A160008FFB2B4C00220121B4F90000FFF768FFA0
:10A17000B4F90000FFF760FF092300220121C0B2FB
:10A18000FFF71BFFB4F90000FFF756FF0022012183
:10A19000C0B2FFF789FF5FF0FF30009000208DF81C
:10A1A000040000208DF8050000208DF80600002036
:10A1B0008DF8080003208DF8440001201290012042
:10A1C0008DF807000F4C104D69462078C0012844D7
:10A1D00000F070FB2078C001284400F02BFC002127
:10A1E0002078C001284400F02AFC2078C0012844CF
:10A1F000FAF749FD15B030BD0000000000D5081089
:10A20000000004409C07022800005940B03CFFFFBA
:10A2100098070228A9B1B1FA81F241409040C2F1F9
:10A22000200261FA02F181EA000018BF40F001004B
:10A2300002F19D01C905020672F1004241EB1020B6
:10A24000704750B1B0FA80F29040C2F19D02D20541
:10A25000010671F1004142EB1020704770B50020FB
:10A26000002500263000461C80B2B0F5807F0BDA56
:10A2700000215A48FFF7C6FD04000120FFF73AFF0E
:10A28000E4B2242CEED100E001252800C0B270BD5C
:10A29000E0B506236A460C215048FFF7E6FD9DF81D
:10A2A00001009DF8001051EA00214D4801809DF801
:10A2B00003009DF8021051EA00214A4801809DF8F0
:10A2C00005009DF8041051EA00214748018007BDB0
:10A2D000E0B506236A4612214048FFF7C6FD9DF807
:10A2E00001009DF8001051EA0021404801809DF8CE
:10A2F00003009DF8021051EA00213D4801809DF8BD
:10A3000005009DF8041051EA00213A48018007BD7C
:10A310007CB500241420FFF7EDFE304D792000902D
:10A320007A233B2269212800FFF7F4FDFFF796FF0F
:10A33000002807D0E523304A30490020FAF72CFAEC
:10A34000012448E000227C212800FFF7F9FC0120CD
:10A35000FFF7D0FE002259212800FFF7F1FC4FF44F
:10A360000053274A5E212800FFF711FD01225921E1
:10A370002800FFF7E5FC1420FFF7BCFE2121280090
:10A38000FFF740FD012807D0F4231B4A1D49002098
:10A39000FAF702FA01241EE00E227D212800FFF7C1
:10A3A000CFFCA72240212800FFF7CAFCA9224221A6
:10A3B0002800FFF7C5FC022241212800FFF7C0FC5E
:10A3C000114E5FF08B403060002243212800FFF7E0
:10A3D000B7FC0E4870602000C0B276BD481102285C
:10A3E000A0120228A2120228A41202289A120228FD
:10A3F0009C1202289E120228A4CA081094D30810A6
:10A400008000081060D40810F40602286F128341FF
:10A410001AA210EE101A43F2A40CC3F6896CF2ECE7
:10A42000060A614509DB00EE803A70EE800A83EE91
:10A43000200A40F0020010EE101A4900D1F1E64166
:10A440000BD860EE000A20EE203A03EE010A01EE7E
:10A45000A02A42EE202A80EE220A400810F0020FC5
:10A4600018BFB1EE400A02EB8002D2ED000A30EED6
:10A47000200A28BFB1EE400A70470000D7B3DD3F85
:10A480006AD5033F2B94A93DB82A593F0000803F6D
:10A49000000080BF00000000920A063FDB0FC93FAA
:10A4A000920A863FDB0FC93F920A0640DB0F494004
:10A4B000368D27400069C84010F001007047012226
:10A4C00012FA01F181607047012212FA01F1416034
:10A4D000704710B48900436C0F248C40A34312F0E2
:10A4E0000F0212FA01F11943416410BC704780B5A4
:10A4F000C9B200290ED00100C9B2082291FBF2F3C3
:10A5000002FB1311494AC0B2C010C0011044FFF74A
:10A51000D6FF0DE00100C9B2082291FBF2F302FB65
:10A520001311424AC0B2C010C0011044FFF7CCFF63
:10A5300001BD80B50100C9B2082291FBF2F302FB14
:10A5400013113A4AC0B2C010C0011044FFF7B2FF65
:10A55000C0B202BD10B5C9B200290BD1D2B2002AD7
:10A5600002D0022A02D003E00F220BE00B2209E006
:10A570000A2207E0D2B2042A01D10C2200E00E2206
:10A5800012F007020100C9B2082391FBF3F403FBA8
:10A590001411264BC0B2C010C0011844FFF799FF38
:10A5A00010BD2DE9F8418DB004000E0015001F000C
:10A5B00034210022E8464046FAF762F9F6B2002E4E
:10A5C0000ED1FFB2002F02D0022F03D005E00F20E2
:10A5D00001900DE0082001900AE00820019007E0BA
:10A5E000FFB2042F02D10F20019001E00E20019054
:10A5F0002000C0B2C0280FD02100C9B208206A468E
:10A6000091FBF0F300FB131108482300DBB2DB10D1
:10A61000DB011844FAF7F3F92900C9B22000C0B2EF
:10A62000FFF765FF0EB0BDE8F0810000000031408B
:10A6300080B588480168491C016069460120FAF725
:10A64000A5FD002804D0012269468348FBF74BF89A
:10A6500001BD10B504004023804A00217E48FBF76D
:10A660003DFA1023102221000120FAF7B4FE012147
:10A670000120FAF731FE002079490870002079495D
:10A68000087010BD18B587B0040004A8009005AB91
:10A6900006AA7549200000F0E5F9032828D173487F
:10A6A0000699016072480599016004987149087023
:10A6B0000498022804D170480178491C017002E016
:10A6C00000206D4908706C4800780390049802904F
:10A6D0009DED050AB7EEC00A8DED000B9DED060A53
:10A6E000B7EEC00A53EC102B6448FEF7DBFA03E028
:10A6F00021006348FEF7D6FA08B010BD5B4890ED24
:10A70000000A70475A4890ED000A704738B52DEDA1
:10A71000028B8CB004E001202070002059490870A1
:10A7200000220AA94C48FBF7AEF8002833D1564C5A
:10A730002078002803D19DF828002328EBD020782A
:10A7400001281FD19DF8280024280ED14D490878F2
:10A75000002807D04D4800220B78C254097889B2EE
:10A76000FFF790FF00202070DAE7464801781F29A4
:10A7700007D29DF82810454A0378D1540178491C26
:10A780000170CDE79DF828002128C9D09DF8280048
:10A7900000F052F8C4E73E4C3E4DD5E90001D4E943
:10A7A0000023801A99413C4A002399422FD301D8B3
:10A7B00090422CD3FFF7A6FFB0EE408AFFF79EFF32
:10A7C0003648007809903648007808903548D0ED32
:10A7D000000AB7EEE01A8DED061B3348D0ED000AF3
:10A7E000B7EEE01A8DED041BB7EEC81A8DED021B13
:10A7F000B7EEC00A8DED000B1E4802782B48017899
:10A800002B48FEF74FFAD5E90001C4E900010CB06E
:10A81000BDEC028B31BD10B5040023210120FAF7F5
:10A820007AFC30342100C9B20120FAF774FC2421EB
:10A830000120FAF770FC10BD1649D1E90023010090
:10A84000C9B2462905D00100C9B2422901D0C0B21F
:10A850004C287047D811022890100228C00E0228F8
:10A86000A7120228A8120228C4D40810DC1102285A
:10A87000E0110228A9120228AA12022868D00810A2
:10A88000E8D30810AC120228AB12022840100228AC
:10A89000781102287011022821A10700B0120228A5
:10A8A000B11202281412022810120228B61202282D
:10A8B00004CE081010B4012291F84C30052B03D2BD
:10A8C00091F84D30052B01D31000A7E0002800F0CF
:10A8D000A480002900F0A180514A12684B7963F3EB
:10A8E00092428B7913F0030363F311420B7A13F056
:10A8F000070363F31A62CB7963F39E720B7D63F3F4
:10A90000000291F8243063F3410202600A7910F1E9
:10A9100030031C6862F307041C604A79012A0BD1DA
:10A920008A79002A02D10022826007E08A79012A0E
:10A9300004D10A68826001E001228260CA68026173
:10A940000A694261CA6982610A6AC2610A6802626E
:10A95000344A12680B7E03F0FF03120A12021A43F4
:10A9600091F8303003F0FF0363F3174291F8403061
:10A9700003F0FF0363F31F6291F8483003F0FF0315
:10A9800063F30F224264284A126891F8383003F0CA
:10A99000FF03120A12021A4391F8283003F0FF0352
:10A9A00063F30F228264214A12688B7D13F0030344
:10A9B000920892001A4391F8253013F0030363F3D1
:10A9C0008B2291F82C3013F0030363F3051291F8F6
:10A9D000343013F0030363F3092291F83C3013F091
:10A9E000030363F3871291F8443013F0030363F316
:10A9F0008302C2640E4A126891F84C3013F00703C8
:10AA0000D208D2001A4391F84D3013F0070363F3D4
:10AA100006124265497D81670022100010BC704714
:10AA200068D508106CD5081070D5081074D50810BA
:10AA300078D50810016851F00041016070478160CD
:10AA40007047806870477830016851F001010160FB
:10AA5000704710F170010A6852F001020A60006F3D
:10AA6000704700000DB4C0B50A4604A8002101904B
:10AA7000009101AB03A9044878440C30FBF7E6FAD7
:10AA800006BC5DF810FB00BF3B85FFFFDFF8C4117B
:10AA90000868C0F34000002801D0022002E00868E6
:10AAA00010F001007047DFF8B001006810F00100FD
:10AAB00070470000C21E022A01D3012002E0C01E1E
:10AAC0000860002070471CB5FF246946FFF7F2FFBD
:10AAD000C0B2002802D02000C0B207E0DFF8FC01BD
:10AAE000009950F8210010F00100C0B216BD00001E
:10AAF000002801D0032801D3012002E0401E086095
:10AB0000002070471CB5FF246946FFF7F1FFC0B273
:10AB1000002802D02000C0B208E0DFF8C40100998C
:10AB200009010844C06810F00100C0B216BD000061
:10AB3000DFF8BC010068800810F00100704738B5EC
:10AB400004002000C0B2082811D3DFF89851182261
:10AB5000DFF89411280000F00DFC0020E87540F6A5
:10AB60005B00DFF888110860002000F03BFCDFF894
:10AB7000CC112000C0B251F82000C0F30020002802
:10AB800005D0E4B251F8240010F00F0000E0FF20DF
:10AB900032BD38B504002000C0B2082811D3DFF858
:10ABA00044511822DFF84011280000F0E3FB002098
:10ABB000E8754FF40960DFF834110860002000F0F8
:10ABC00011FCDFF87801E4B250F82400C0F3011062
:10ABD000C0B232BDDFF868211368C3F307230360F6
:10ABE0001068C0F3C40008607047DFF8582113688C
:10ABF000C3F3072303601068C0F3C4000860704704
:10AC000038B50400072C11D3DFF8D8501822DFF82C
:10AC1000C411280000F0AEFB0020E8754FF4CE70A0
:10AC2000DFF8C8100860002000F0DCFBDFF8A001AE
:10AC300050F8240010F00700010009B2042907D1E0
:10AC4000DFF8880150F8240010F01F0050F48070E5
:10AC500000B232BD2415264040152640DFF8B01260
:10AC600009688A03920B0260090E11F00101C1719B
:10AC7000DFF8A01209680A00D204D20C82800A0010
:10AC8000120C02F0FF020281090C01F0FF01418168
:10AC9000DFF84411096811F00F0202730A00C2F3D1
:10ACA000031242730A00120AD204D20CC281090FA5
:10ACB00011F003010174DFF8641309680A00120A35
:10ACC00012F0070282710A00120CD205D20D4282E4
:10ACD000890F11F0010101757047000040162640F0
:10ACE000001926407810022824C90810D41102281F
:10ACF000100027401CB50C006946FFF7DBFE010081
:10AD0000C9B2002901D0C0B217E0DFF8B40400993D
:10AD100050F8210010F07F012160C0F30421616030
:10AD2000C0F30441A1600100090F11F00301617338
:10AD3000C00E10F001002073002016BD4012264006
:10AD400008002040080420401CB50C006946FFF7AD
:10AD5000CFFE0100C9B2002901D0C0B235E0DFF852
:10AD6000101500980001085800F0FF022260C0F39F
:10AD700004226260C0F30442A260000F10F00300DE
:10AD8000207300980001084442681000C00F6073EF
:10AD9000C2F30270002801D0012000E00020A0735F
:10ADA00022F07F422261009800010844806801007F
:10ADB000C90F21750100090E11F001016175A0751F
:10ADC000000C10F00700E075002016BD00012640C1
:10ADD00000122640A4C908103815264080B501008D
:10ADE000DFF868051822F8F777F90120DFF8601519
:10ADF0000870002002BDDFF85C150968C90F002942
:10AE000008D0DFF84C150978002907D1002101602E
:10AE100003207047002101600320FAE7DFF82C15BA
:10AE2000096801600020F4E710B50400FFF72EFE6A
:10AE3000002803D10020206003200DE0DFF810057A
:10AE40000078002805D0DFF8040580682060002025
:10AE500002E000202060032010BD0000DFF8F014A5
:10AE60000978002905D0DFF8E41449680160002062
:10AE700002E00021016003207047DFF8DC1409685C
:10AE8000C90F002908D0DFF8C8140978002907D1B4
:10AE90000021016003207047002101600320FAE7D0
:10AEA000DFF8A814C96801600020F4E7DFF8AC14EB
:10AEB0000968C90F002908D0DFF89414097800291F
:10AEC00007D10021016003207047002101600320A9
:10AED000FAE7DFF87814096901600020F4E710B59B
:10AEE0000400FFF725FE002803D100202060032086
:10AEF0000DE0DFF85C040078002805D0DFF84C0492
:10AF000040692060002002E000202060032010BD86
:10AF1000301526403415264010B50C00C0B2FFF79E
:10AF20006FFE00280ED0012810D0022812D0B0F5F4
:10AF3000887F13D040F21111884213D0B0F58A7F78
:10AF400014D017E02000FFF756FF16E02000FFF7AF
:10AF500085FF12E02000FFF767FF0EE02000FFF7FB
:10AF60008CFF0AE02000FFF7BAFF06E02000FFF7A1
:10AF70009DFF02E000202060032010BD80B501008D
:10AF80000020FFF7C9FF02BD80B50322D2B2824282
:10AF900003D200200860012003E0401CC0B2FFF78C
:10AFA000BBFF02BD18B587B004006846FFF7E6FF97
:10AFB0000100C9B2002903D000212160C0B22BE0FA
:10AFC00001A8FFF74BFE9DF81400022803D100985A
:10AFD0002060002020E0DFF888030068C00F002810
:10AFE00008D0FFF760FDC0B2002807D10020206024
:10AFF000032011E00098206000200DE000990198E6
:10B000004143BDF80800B1FBF0F09DF80B10491C5E
:10B01000B0FBF1F02060002008B010BD3C152640C8
:10B02000F0B58BB005000C0069462800C0B2FFF7F0
:10B03000ABFF0100C9B2002903D000212160C0B2DA
:10B04000BCE02800C0B202284CD307A92800C0B237
:10B05000401CFFF74FFEC0B2002811D0DFF8046398
:10B060001822DFF80413300000F084F90020F07596
:10B0700040F66310DFF8F4120860002000F0B2F927
:10B080004F482900C9B200EB810050F8080CC00FEE
:10B09000002807D09DF82900022807D100982060D9
:10B0A00000208BE000982060002087E0EDB26D1C4E
:10B0B0002800FFF708FD0100C9B2002902D0C0B284
:10B0C000FF2803D100202060032077E00099079833
:10B0D00041430898B1FBF0F00999B0FBF1F0206012
:10B0E00000206BE001A92800C0B2401CFFF72CFE35
:10B0F000C0B2002811D0DFF86C621822DFF86812A5
:10B10000300000F037F90020F07540F67F10DFF8CE
:10B110005C120860002000F065F955482900C9B2AA
:10B1200009014058C00F002807D09DF810000228E0
:10B1300007D100982060002040E0009820600020A7
:10B140003CE0EDB26D1C2800FFF7DCFC0100C9B249
:10B15000002902D0C0B2FF2803D1002020600320C4
:10B160002CE09DF8110001281DD1009A0023019EBA
:10B1700000273F0647EA16273606059800213618AD
:10B180004F41A6FB020106FB031107FB0211029AC5
:10B19000039BA3FB0223F8F715F9000E40EA0120F8
:10B1A000090E206009E00099019841430298B1FB23
:10B1B000F0F00399B0FBF1F0206000200BB0F0BD7F
:10B1C0000016264010B50323421E0400E4B2002CF2
:10B1D00003D10800FFF7E6FE0CE01400DBB2E4B296
:10B1E000A34204D31000C0B2FFF71AFF02E0C0B2BE
:10B1F000FFF792FE10BD38B505000C002800C0B264
:10B20000FFF79DFC0100C9B2FF2904D12000FFF720
:10B21000F2FDC0B21BE06946C0B2FFF7D3FF0100E8
:10B22000C9B2002903D000212160C0B20FE028007C
:10B23000C0B2FFF7AEFCC0B2002805D002280BD088
:10B2400006D303280CD00FE000982060002032BD08
:10B25000009840082060F9E7009880082060F5E732
:10B260000098C0082060F1E7002020600320EEE78E
:10B27000001926401FB5040002A90120FFF7BBFFFB
:10B280000100C9B2002903D000212160C0B21AE038
:10B29000694601A8FFF79EFC01980021421C71F14C
:10B2A000FF335B0143EAD263520100980021121878
:10B2B0004B4102980021490141EAD0614001F8F771
:10B2C00081F82060002004B010BD1FB5040002A961
:10B2D0000120FFF790FF0100C9B2002903D000212F
:10B2E0002160C0B21AE0694601A8FFF77EFC019810
:10B2F0000021421C71F1FF335B0143EAD26352012A
:10B300000098002112184B4102980021490141EA9E
:10B31000D0614001F8F756F82060002004B010BD5D
:10B3200080B5DFF84C100A68C2F303220E2A07D05A
:10B330000968C1F303210D2905D1FFF7C6FF02BD3E
:10B34000FFF798FFFBE70120F9E7000060100228F3
:10B35000A612022818152640081526400C1526406E
:10B360003015264078100228A4C90810D4110228EC
:10B370000000204001B58B071AD1830724D1121F8A
:10B3800021D351F8043BA3F1013C2CEA030C1CF03F
:10B39000803C04BF40F8043BF1E79CFA8CFCBCFA0B
:10B3A0008CF1C1F118018B40CB4040F8043B13E015
:10B3B000042A09D311F8013B521E00F8013B5BB18E
:10B3C0008B07F7D1D9E7121D5AB111F8013B521E74
:10B3D00000F8013B03B1F8D111001CBF0022F9F7BE
:10B3E00053FA01BD01BEFEE780B5234A23490B682D
:10B3F00093423ED00A60224A12684A62214A8A6217
:10B4000002684A6042688A608268CA60C2680A61EB
:10B4100002694A6142698A618269CA61C2690A62D3
:10B42000F1EE102A12F0900F23D0174A8A62026AB6
:10B43000CA62426A0A63826A4A63C26A8A63026BA8
:10B44000CA63426B0A64826B4A64C26B8A64026C90
:10B45000CA64426C0A65826C4A65C26C8A65026D78
:10B46000CA65426D0A66826D4A66C26D8A66006E62
:10B47000C86600F00BF801BDFAF9F8F7A80C02282D
:10B4800028ED00E0A4A3A2A1ABAAA9A8FEE70000B2
:10B49000022801D3012010E00B00DBB2042B01DBFA
:10B4A00001200AE0DFF8CC3303EB8000C9B2405C36
:10B4B000824201D3012000E000207047F8B5060069
:10B4C0000F0015001C00022E01D301201DE02A00F0
:10B4D0003900C9B23000FFF7DBFF012801D101209C
:10B4E00013E03800C0B2002812D1B4F5807F0DD22D
:10B4F000DFF884037603304400EB850010F58050BC
:10B50000016864F30F2101600020F2BD0120FCE717
:10B51000FFB2012F11D1B4F5803F0CD2DFF85803F0
:10B520007603304400EB850010F5A050016864F309
:10B5300017210160E8E70120E7E70120E5E700B215
:10B540000012C0B27047F8B505000E0017002800C1
:10B5500000B2FFF7F4FF04002000C0B2022801D3BC
:10B56000012024E03A003100C9B22000C0B2FFF748
:10B570008FFF012801D1012019E0DFF8FC12200023
:10B58000C0B2400308442A00D2B200EB8200D0F8D7
:10B59000000CF6B266F3092067F30700E4B2640317
:10B5A0002144EDB201EB8501C1F8000C0020F2BD91
:10B5B00070B504000D001600022C01D301201DE01F
:10B5C00032002900C9B22000FFF762FF012801D133
:10B5D000012013E0DFF8A0126003085850F000408B
:10B5E00050F0407050F47F00EDB265F3092066F32F
:10B5F00007006203885064030859002070BD0100F1
:10B60000C9B2002905D0022907D004D3032906D0E6
:10B6100006E03E2004E0412002E09A2000E08B207A
:10B62000C0B270470100C9B2002905D0022907D075
:10B6300004D3032906D006E00A2004E00A2002E031
:10B640000A2000E00A20C0B270470100C9B20029F8
:10B6500005D0022907D004D3032906D006E03F20F5
:10B6600004E0422002E09B2000E08C20C0B2704742
:10B6700038B50400002081482100C9B2405C002890
:10B6800013D07F482100C9B250F82100FFF7D9F943
:10B6900005002000C0B2FFF7D8FFC0B2FEF749FF97
:10B6A00001280AD02DB26D4207E0764D7448E4B20D
:10B6B00050F8240000F0F0F82D1A280000B232BD36
:10B6C00080B56E490200D2B2895C002907D0002102
:10B6D0006B4AC0B252F82000FFF7B1F906E0002132
:10B6E000674AC0B252F8200000F0D4F801BD2DE93D
:10B6F000F841A1B005000E0014003421002214AF5F
:10B700003800F9F7BDF828003100C0B2C9B288424C
:10B7100001D1012000E000205D4FE7223900C0B2D6
:10B72000F9F71CF830002100C0B2C9B2884201D13B
:10B73000012000E00020E8223900C0B2F9F70EF83D
:10B74000524F002201212800C0B237F91000FFF744
:10B75000FAFE2800C0B237F91000FFF7F0FE092307
:10B7600000220121C0B2FFF7A9FE2800C0B237F9BC
:10B770001000FFF7E4FE00220121C0B2FFF718FF1E
:10B780000E2015903000C0B2FFF74CFF8DF8580026
:10B790003000C0B2FFF733FF07005FF00808300049
:10B7A000C0B2FFF72CFF384E14AA97FBF8F108FB44
:10B7B00011773900C0B2C010C0013044F9F71FF949
:10B7C0000B20159000208DF858002000C0B2FFF724
:10B7D0003CFF07005FF008082000C0B2FFF735FF0C
:10B7E00014AA97FBF8F108FB11773900C0B2C0101A
:10B7F000C0013044F9F703F9502100226C462000C3
:10B80000F9F73EF84FF6FF700090039000208DF896
:10B81000040000208DF8050000208DF806000020AF
:10B820008DF8080000208DF8440002201290144C7E
:10B8300069462800C0B254F82000FFF73BF8280002
:10B84000C0B254F82000FFF7F5F82800C0B254F851
:10B850002000F9F718FA00212800C0B254F820009F
:10B86000FFF7EDF801200549EDB2485522B0BDE8DB
:10B87000F081000000D50810000004408812022862
:10B88000140702280080FFFF000031400C07022847
:10B8900014CB08108160704780687047022801D37C
:10B8A000012010E00B00DBB2042B01DB01200AE0D9
:10B8B000DFF86C3303EB8000C9B2405C824201D3F5
:10B8C000012000E000207047F8B506000F001500C9
:10B8D0001C00022E01D301201DE02A003900C9B24C
:10B8E0003000FFF7DBFF012801D1012013E0380011
:10B8F000C0B2002812D1B4F5807F0DD2DFF8240346
:10B900007603304400EB850010F58050016864F345
:10B910000F2101600020F2BD0120FCE7FFB2012FE2
:10B9200011D1B4F5803F0CD2DFF8F8027603304431
:10B9300000EB850010F5A050016864F31721016049
:10B94000E8E70120E7E70120E5E700B20012C0B216
:10B950007047F8B505000E001700280000B2FFF789
:10B96000F4FF04002000C0B2022801D3012023E02C
:10B970003A003100C9B22000C0B2FFF78FFF0128A2
:10B9800001D1012018E0A7492000C0B240030844BB
:10B990002A00D2B200EB8200D0F8000CF6B266F3B7
:10B9A000092067F30700E4B264032144EDB201EB20
:10B9B0008501C1F8000C0020F2BD70B504000D0037
:10B9C0001600022C01D301201CE032002900C9B26C
:10B9D0002000FFF763FF012801D1012012E0914907
:10B9E0006003085850F0004050F0407050F47F0061
:10B9F000EDB265F3092066F3070062038850640323
:10BA00000859002070BD80B50100C9B2032906DACB
:10BA10008549C0B2C0010844FFF71BF807E083491D
:10BA2000C0B2C0010844B0F5C070FFF712F801BD04
:10BA300070B596B004000D005021002202AE300017
:10BA4000F8F71EFF00262000C0B203286ADA0022A1
:10BA500001212000C0B200F2711000B2FFF779FF9F
:10BA60002000C0B200F2711000B2FFF76EFF092390
:10BA700000220121C0B2FFF727FF2000C0B200F270
:10BA8000711000B2FFF761FF00220121C0B2FFF781
:10BA900094FF2000C0B210F5D570ADF80000022070
:10BAA000ADF8020001208DF8040003226048210057
:10BAB000C9B250F821106846FAF786F8ED000295F1
:10BAC00000208DF80C0000208DF80D0000208DF86E
:10BAD0000E0000208DF8100003208DF84C0001208E
:10BAE000149000208DF8540000208DF855004E4D24
:10BAF00002A92000C0B2C0012844FEF7DBFE2000EE
:10BB0000C0B2C0012844FEF795FF2000C0B2C001BA
:10BB10002844F9F7B8F8E4B2E40105EB0400FEF7B5
:10BB200092FF7AE0002201212000C0B210F5B1702E
:10BB300000B2FFF70EFF2000C0B210F5B17000B2E6
:10BB4000FFF703FF092300220121C0B2FFF7BCFE6B
:10BB50002000C0B210F5B17000B2FFF7F6FE00226F
:10BB60000121C0B2FFF729FF2000C0B200F29B10F4
:10BB7000ADF800000220ADF8020001208DF80400AD
:10BB800003222B482100C9B250F821106846FAF769
:10BB90001BF8ED00002005E0B5F5803F01D3761CD1
:10BBA0006D08401C0828F7DB02958DF80C6000201A
:10BBB0008DF80D0000208DF80E0000208DF810008B
:10BBC00003208DF84C000120149000208DF85400C3
:10BBD00000208DF85500154D02A92000C0B2C0010B
:10BBE0002844B0F5C070FEF765FE2000C0B2C00169
:10BBF0002844B0F5C070FEF71DFF2000C0B2C001A0
:10BC00002844B0F5C070F9F73EF8E4B2E40105EB62
:10BC10000400B0F5C070FEF716FF16B070BD00004E
:10BC200000D5081000000440000059400080584032
:10BC30002407022838B52DED028B0020FFF7E3FE24
:10BC40009D480168491C016000F07EF9FCF73CFD4D
:10BC5000FBF7E4FDFBF77AFEFDF76AFA97480078F8
:10BC600000280CD096480078012808D1002095497A
:10BC70000870002094490870002094490870924888
:10BC8000007800280BD092489249096801609248D8
:10BC90009249096801609248924909680160924C92
:10BCA00094F8380000286CD0904D94ED060ADFED32
:10BCB0007A0A95ED001A00EE201A85ED001AFCF7BD
:10BCC000B7FED5ED000A30EE608A854890ED000A97
:10BCD0002000FDF701FDB0EE480A2000FDF708FD49
:10BCE000D4ED060A9FED6D1A60EE810AC4ED060AD6
:10BCF0007F48D4ED060A9FED6A1AD0ED001A40EE97
:10BD0000811AC0ED001AD0ED000A9FED661AF4EE1C
:10BD1000410AF1EE10FA02DB5FF080410160D0EDE4
:10BD2000000AB8EE001AF4EE410AF1EE10FA02D55C
:10BD30005FF0404101606F4C2000FDF7CDFC6E4884
:10BD400090ED000ADFED580A20EE200A6B49D1ED94
:10BD5000000A9FED561A00EE810A80ED000A90ED70
:10BD6000000A2000FDF7C4FCDFED510A20EE201A86
:10BD70005948D0ED000A564890ED000AFDF724FC22
:10BD800009E09FED4C1A5448D0ED000A504890ED60
:10BD9000000AFDF719FCFDF711FBBDEC028B31BD6C
:10BDA00080B50120FFF72FFEFCF7D6FF01BD80B55F
:10BDB0000220FFF728FE5248D0E90023521C73F1FD
:10BDC000FF33C0E9002301BD80B50320FFF71BFE50
:10BDD00001BD80B50420FFF716FE01BD80B505202A
:10BDE000FFF711FE01BD80B50620FFF70CFE01BD77
:10BDF00080B50720FFF707FE01BD80B50820FFF7DB
:10BE000002FE01BD80B50920FFF7FDFD01BD80B533
:10BE10000A20FFF7F8FD01BD80B50B20FFF7F3FD09
:10BE200001BD80B50C20FFF7EEFD01BD80B50D20F2
:10BE3000FFF7E9FD01BD80B50E20FFF7E4FD00F03E
:10BE400001F901BD80B50020F9F721F8002801D0E3
:10BE5000F8F76BFC01BD80B50120F9F718F8002850
:10BE600001D0FEF7E5FB01BD80B50220F9F70FF820
:10BE7000002801D000F024F901BD80B50320F9F7B6
:10BE800006F801BD80B50420F9F701F8002802D0BA
:10BE90001C480068804701BD6F1203BA77BE7F3F20
:10BEA00082A8FBB701000040CDCC4C3FCDCC4C3E2E
:10BEB00035FA8E3C00000000C8110228B612022894
:10BEC000A9120228B1120228B0120228B3120228C5
:10BED00010120228F011022814120228F41102286C
:10BEE00018120228F8110228000F0228CC1102288B
:10BEF00040120228400F0228D011022830120228D6
:10BF000070110228FC06022880B50520F8F7BFFF53
:10BF100001BD80B50620F8F7BAFF01BD80B5022249
:10BF200002210220FFF7E3FB032203210320FFF796
:10BF3000DEFB002200210020FFF7D9FB01220121B6
:10BF40000120FFF7D4FB01BD10B52DED028B394C5C
:10BF50000220FFF78DFBA081B6EE008A94ED020A65
:10BF600020EE080AB4F90C0000EE900AF8EEE00AA0
:10BF700000EE880A84ED020A2069B4F90C1040181A
:10BF800020610220FFF79CFB2B4C0020FFF770FB89
:10BF9000A08194ED020A20EE080AB4F90C0000EE2C
:10BFA000900AF8EEE00A00EE880A84ED020A2069A1
:10BFB000B4F90C10401820610020FFF781FB1F4CE2
:10BFC0000320FFF755FB4042A08194ED020A20EECA
:10BFD000080AB4F90C0000EE900AF8EEE00A00EE50
:10BFE000880A84ED020A2069B4F90C104018206117
:10BFF0000320FFF765FB124C0120FFF739FB40429D
:10C00000A08194ED020A20EE080AB4F90C0000EEBB
:10C01000900AF8EEE00A00EE880A84ED020A206930
:10C02000B4F90C10401820610120FFF749FBBDEC6A
:10C03000028B10BD180D0228700D0228C80D0228B1
:10C04000200E0228F8B51948007800282DD00020CD
:10C05000174C08202060174D042028600820286015
:10C06000042020600820206004202860002615E0BD
:10C0700008202860104F072000F0ACF83100C9B24A
:10C0800027F81100042000F0A5F83100C9B207EB31
:10C090004101A1F8000108202060761C3000C0B2E8
:10C0A0008028E5DB012005490870F1BDC012022897
:10C0B0000803314004033140A0070228C1120228BE
:10C0C0001FB50020019040480078002868D004E0A7
:10C0D000012269463D48F9F706FB69460220F9F757
:10C0E00055F80028F4D19DF800000A2858D1062000
:10C0F0000190364C012301AA02A92000F9F71EFC89
:10C10000032228A10DF10B0000F09EF8002810D1A9
:10C110002748017802293DD0012101702000F9F75C
:10C12000D1FA0190002301AA22492000F9F706FC68
:10C1300030E003221CA10DF10B0000F085F800286F
:10C1400010D11D480178022924D00121017020005E
:10C15000F9F7B8FA0190002301AA18492000F9F76D
:10C16000EDFB17E0032211A10DF10B0000F06CF8BC
:10C1700000280FD11248017802290BD0012101704B
:10C180002000F9F79FFA0190002301AA0D49200031
:10C19000F9F7D4FB2000F9F75BFA01200C4908708D
:10C1A0001FBD0000524D4300474741005448530013
:10C1B000BE120228A80B0228BD120228280B022852
:10C1C000BF120228280C0228BC120228D81002280C
:10C1D000BB12022830B40100C9B249090200D2B230
:10C1E000202392FBF3F403FB1422154BC0B21B5C1B
:10C1F0005B00D3F10403134C0800C0B254F82000D4
:10C200001500EDB2AD01284400F63C00056855F07C
:10C21000010505600800C0B254F82000D0F8000203
:10C22000C00F0028F6D1C9B254F82100D2B2920151
:10C230001044D0F8240880B2184180B230BC704756
:10C24000780E0228000702288AB10B7890F800C007
:10C250009C4506D110F8013B4BB1491C521EF4D14C
:10C2600005E002D24FF0FF307047012070470020F8
:10C270007047000038B500F077F900F042F800F0A0
:10C28000C9F871490868800312D4BFF34F8FBFF318
:10C290006F8F00206D4A1060BFF34F8FBFF36F8F19
:10C2A000086850F400300860BFF34F8FBFF36F8F02
:10C2B0000868C00324D40020654A1060BFF34F8F84
:10C2C00064480268C2F34E33C2F3C90443F6E07017
:10C2D00010EA431050EA84705F4D28602000441E2D
:10C2E0000028F3D11800431E0028EDD1BFF34F8F73
:10C2F000086850F480300860BFF34F8FBFF36F8F32
:10C3000031BD70B586B0684654491822F6F7E4FE90
:10C3100000200AE069460200D2B201EBC20149687E
:10C32000491C11F0070F0DD1401C0100C9B20329AF
:10C3300009D269460200D2B211F8321011F0070F8B
:10C34000E8D0FEE7FEE7464C207810F0070F00D05B
:10C35000FEE7444D2868401C10F0070F00D0FEE7B0
:10C36000002622E068463100C9B200EBC1004168F6
:10C370003000C0B252F8300000F043F814E0002062
:10C380000028EFD02168491E3000C0B252F83000BA
:10C3900000F037F868463100C9B200EBC1004168CF
:10C3A0002868401C00F02DF8761C3000C0B203282D
:10C3B00025D26A463000C0B252F83000002813D0AF
:10C3C00020683100C9B252F8311088420AD3684659
:10C3D0003100C9B200EBC10040682168884201D336
:10C3E0000120CDE70020CBE768463100C9B200EB61
:10C3F000C100406821688842C1D30120C0E706B06F
:10C4000070BD0022002302E0C0E90023083088420A
:10C41000FAD3704730B4144880081449144A0023F2
:10C4200008E01C00E4B252F824401D00EDB241F8CF
:10C4300025405B1C1C000500E4B2EDB2AC42F0D319
:10C440000C48016030BC704714ED00E050EF00E094
:10C4500084ED00E080ED00E060EF00E018D408100B
:10C460001CC9081020C90810800000000013022811
:10C470000000081008ED00E010B5002042490860F7
:10C48000BFF34F8F41480168C1F34E32C1F3C90376
:10C4900043F6E07010EA421050EA83703C4C206092
:10C4A0001800431E0028F3D11000421E0028EDD1D1
:10C4B000BFF34F8FBFF36F8FBFF34F8FBFF36F8FFC
:10C4C000002034490860BFF34F8FBFF36F8F00F037
:10C4D00001F810BD38B586B068462F491822F6F726
:10C4E000FBFD6846FEF77AFCC0B200280DD02B4C4D
:10C4F00018222B492000FEF73DFF0020E0754E205A
:10C50000284908600020FEF76DFF274D2800FEF740
:10C5100007FFC0B200280DD0204C1822204920006F
:10C52000FEF728FF0020E07550201E49086000201B
:10C53000FEF758FF1D49286808600A681C488218E1
:10C540001C48B2FBF0F01C4A10601C48096801F25C
:10C55000E7314FF47A72B1FBF2F101600068C00379
:10C560001749086007B030BD80B500F02DF81549B7
:10C570000A6852F470020A60BFF34F8FBFF36F8FE7
:10C5800000F026F801BD000084ED00E080ED00E041
:10C5900074EF00E050EF00E030D40810781002286B
:10C5A00024CA0810D4110228681202286C1202282A
:10C5B0003F420F0040420F007412022870120228FE
:10C5C0007812022888ED00E0EFF3108072B6704711
:10C5D00080F3108870470000010009B2002908D4D8
:10C5E000012210F01F018A404F4900B2400941F872
:10C5F00020207047FEE780B54C4800684C48016831
:10C600000800C00F002805D04A488905890D50F858
:10C61000210080470020FFF7DFFF01BD80B54648BD
:10C620000068464801680800C00F002805D041484E
:10C630008905890D50F8210080470120FFF7CCFFC4
:10C6400001BD80B53E4800683E4801680800C00F43
:10C65000002805D037488905890D50F8210080470A
:10C660000220FFF7B9FF01BD80B5374800683748A1
:10C6700001680800C00F002805D02E488905890DE3
:10C6800050F8210080470320FFF7A6FF01BD80B5C9
:10C690002F4800682F4801680800C00F002805D007
:10C6A00024488905890D50F8210080470420FFF7B0
:10C6B00093FF01BD80B5284800682848016808003C
:10C6C000C00F002805D01B488905890D50F82100AE
:10C6D00080470520FFF780FF01BD80B52048006836
:10C6E000204801680800C00F002805D011488905BE
:10C6F000890D50F8210080470620FFF76DFF01BD2E
:10C7000080B519480068194801680800C00F002862
:10C7100005D008488905890D50F821008047072079
:10C72000FFF75AFF01BD000080E200E018D50810B5
:10C7300000012040000002281CD508100401204000
:10C7400020D508100801204024D508100C012040F5
:10C7500028D50810100120402CD5081014012040C5
:10C7600030D508101801204034D508101C01204095
:10C7700010B50120FCF7AAFD344C2000FDF778F835
:10C7800001212000FCF7ABFF314C2000FDF770F8D1
:10C7900001212000FCF7A3FFFCF740F9FBF734F878
:10C7A0002C48002101602C48002101602B48002109
:10C7B000016001202A49087010BD80B50020FCF7F7
:10C7C00018FB012802D10120FEF725F80120FCF713
:10C7D00010FB012802D10220FEF71DF8FBF7FCF93F
:10C7E0000220FCF706FB01282ED10020FCF76EFD8D
:10C7F00000211648FCF773FF00211548FCF76FFF76
:10C800000020174908700E232B2200211548FCF741
:10C81000FFFC0D232A2200211348FCF7F9FC2123F9
:10C82000522200211148FCF7F3FC2223532200215D
:10C830000F48FCF7EDFC0848002101600748002183
:10C8400001600320FDF7E7FF01BD0000000F022893
:10C85000400F02281812022810120228141202286F
:10C86000B5120228180D0228700D0228C80D0228E2
:10C87000200E022872B61D4908684FEA102000F009
:10C880000F000E2808BF1A490D2808BF19490728AC
:10C8900008BF1949082808BF1849086820F00B008C
:10C8A00008600868BFF34F8F154816490860BFF34A
:10C8B0004F8F1549086840F0070008601349086861
:10C8C00040F007000860BFF34F8FBFF36F8F002069
:10C8D0000021124AE2E802016A45FBD10C4FB84739
:10C8E0000C4FB8470C4FB847FEE70000000020404F
:10C8F0000C0020400C0420400C0820400C0C204070
:10C900000000081008ED00E090EF00E094EF00E078
:10C9100075C208104DD10810CDD3081000FF0728AC
:10C92000FFFF0728443A5C637974345F70726F6A62
:10C930006563745C76312E332E355C736D61727471
:10C940005F6361722D312E332E345C736D617274AE
:10C950005F6361722D312E332E345C736D6172749E
:10C960005F6361722D312E332E345C6C69627261AB
:10C97000726965735C73646B5C7476696962683450
:10C980006D5C7372635C647269766572735C7379F3
:10C9900073636C6B5C63795F737973636C6B2E6824
:10C9A00000000000443A5C637974345F70726F6A0F
:10C9B0006563745C76312E332E355C736D617274F1
:10C9C0005F6361722D312E332E345C736D6172742E
:10C9D0005F6361722D312E332E345C736D6172741E
:10C9E0005F6361722D312E332E345C6C696272612B
:10C9F000726965735C73646B5C74766969626834D0
:10CA00006D5C7372635C647269766572735C737972
:10CA100073636C6B5C63795F737973636C6B2E63A8
:10CA200000000000443A5C637974345F70726F6A8E
:10CA30006563745C76312E332E355C736D61727470
:10CA40005F6361722D312E332E345C736D617274AD
:10CA50005F6361722D312E332E345C736D6172749D
:10CA60005F6361722D312E332E345C6C69627261AA
:10CA7000726965735C73646B5C747669696268344F
:10CA80006D5C7372635C73797374656D5C737973D9
:10CA900074656D5F747669696268346D5F636D3764
:10CAA0002E630000443A5C637974345F70726F6A7D
:10CAB0006563745C76312E332E355C736D617274F0
:10CAC0005F6361722D312E332E345C736D6172742D
:10CAD0005F6361722D312E332E345C736D6172741D
:10CAE0005F6361722D312E332E345C6C696272612A
:10CAF000726965735C7A665F6465766963655C7AA2
:10CB0000665F6465766963655F696D753636307238
:10CB1000612E6300443A5C637974345F70726F6AAB
:10CB20006563745C76312E332E355C736D6172747F
:10CB30005F6361722D312E332E345C736D617274BC
:10CB40005F6361722D312E332E345C736D617274AC
:10CB50005F6361722D312E332E345C6C69627261B9
:10CB6000726965735C7A665F6472697665725C7A15
:10CB7000665F6472697665725F656E636F64657225
:10CB80002E630000443A5C637974345F70726F6A9C
:10CB90006563745C76312E332E355C736D6172740F
:10CBA0005F6361722D312E332E345C736D6172744C
:10CBB0005F6361722D312E332E345C736D6172743C
:10CBC0005F6361722D312E332E345C6C6962726149
:10CBD000726965735C7A665F6472697665725C7AA5
:10CBE000665F6472697665725F736F66745F6969A8
:10CBF000632E6300443A5C637974345F70726F6AC9
:10CC00006563745C76312E332E355C736D6172749E
:10CC10005F6361722D312E332E345C736D617274DB
:10CC20005F6361722D312E332E345C736D617274CB
:10CC30005F6361722D312E332E345C6C69627261D8
:10CC4000726965735C7A665F636F6D6D6F6E5C7A37
:10CC5000665F636F6D6D6F6E5F6669666F2E6300F2
:10CC6000443A5C637974345F70726F6A6563745CB4
:10CC700076312E332E355C736D6172745F63617231
:10CC80002D312E332E345C736D6172745F6361726B
:10CC90002D312E332E345C736D6172745F6361725B
:10CCA0002D312E332E345C6C69627261726965734A
:10CCB0005C7A665F6465766963655C7A665F646505
:10CCC000766963655F6B65792E630000443A5C6347
:10CCD0007974345F70726F6A6563745C76312E3379
:10CCE0002E355C736D6172745F6361722D312E330A
:10CCF0002E345C736D6172745F6361722D312E33FB
:10CD00002E345C736D6172745F6361722D312E33EA
:10CD10002E345C6C69627261726965735C7A665FFD
:10CD20006472697665725C7A665F64726976657250
:10CD30005F70776D2E630000443A5C637974345FF2
:10CD400070726F6A6563745C76312E332E355C7356
:10CD50006D6172745F6361722D312E332E345C739A
:10CD60006D6172745F6361722D312E332E345C738A
:10CD70006D6172745F6361722D312E332E345C6C81
:10CD800069627261726965735C7A665F6472697602
:10CD900065725C7A665F6472697665725F756172EE
:10CDA000742E6300443A5C637974345F70726F6A06
:10CDB0006563745C76312E332E355C736D617274ED
:10CDC0005F6361722D312E332E345C736D6172742A
:10CDD0005F6361722D312E332E345C736D6172741A
:10CDE0005F6361722D312E332E345C70726F6A6511
:10CDF00063745C636F64655C514D43353838334C04
:10CE00002E6300004442473A2061726D65643D25FF
:10CE10006420666C61673D25642070783D252E3165
:10CE2000662070793D252E31662076783D252E339B
:10CE3000662076793D252E336620676F5F63656EC9
:10CE40007465723D25642062636E5F6E61763D2578
:10CE5000640A000000004129211C1917161514133B
:10CE600012121111111010100F0F0F0F0E0E0E0EC7
:10CE70000E0E0E0D0D0D0D0D0D0000003031323374
:10CE80003435363738396162636465666768696A64
:10CE90006B6C6D6E6F707172737475767778797A6A
:10CEA0000000000010B5FCF71DF8FFF737F80A2066
:10CEB000FBF7A8FFFDF72CFAFBF7BAFB5FF4E130B4
:10CEC000FDF7C7FB42F2107421000020FEF7B0FD11
:10CED00021000120FEF7ACFD01210220FEF7A8FD94
:10CEE000FBF79CFD01480021016010BD18120228CB
:10CEF0000000000000002440000000000000594035
:10CF0000000000000088C3400000000084D7974163
:10CF10000080E03779C34143176E05B5B5B8934635
:10CF2000F5F93FE9034F384D321D30F94877825A01
:10CF30003CBF737FDD4F157530B4002512E050F80B
:10CF4000042BD30744BF4A44521E091F042942F848
:10CF5000045BFAD213468C0744BF15809B1CC9079B
:10CF600048BF1D7050F8041B0029E8D130BC704741
:10CF7000494E41563A2057503128252E32662C25ED
:10CF80002E3266292057503228252E32662C252E27
:10CF90003266292057503328252E32662C252E3212
:10CFA00066290A00494E41563A20506174726F6CEE
:10CFB0002073746172742C20636C6F7365723D779B
:10CFC0007025642028252E32662C252E32662920D5
:10CFD000643D252E32660A00494E41563A204D697D
:10CFE0007373696F6E2061726D65642C207761695F
:10CFF00074696E6720347320666F722064726F6E7E
:10D00000652E2E2E0A000000494E41563A204D69E9
:10D010007373696F6E2061726D65642C207761692E
:10D0200074696E6720666F722064726F6E65206629
:10D030006C61672E2E2E0A00494E41563A20534508
:10D040004725642061727269766564212065727279
:10D050003D252E33666D20706F7328252E32662C89
:10D06000252E3266290A000044524F4E453A207858
:10D070003D252E316620793D252E316620666C6176
:10D08000673D2564206632636E743D25640A0000A6
:10D09000494E41563A2042256420646973743D2507
:10D0A0002E32666D2061627328252E32662C252E65
:10D0B0003266290A00000000494E41563A20534585
:10D0C00047256420474F20643D252E32666D206140
:10D0D0003D252E3166205B6175746F5D0A0000008E
:10D0E0007363616E665F733A2062616420666C6F81
:10D0F0006174696E672D706F696E742061726775F7
:10D100006D656E740000000080B5084800F010F8EE
:10D11000F7F783FBFFF7C6FEFFF72AFBFFF74DFB90
:10D12000FAF7DCFEFDF7F2FAF8E700BF80B2E60E90
:10D1300080B505490860FFF79FF9FDF70AF8002060
:10D14000F8F71AFD01BD00007C12022810B507494E
:10D1500079441831064C7C44163404E00A68081DF2
:10D16000114488470146A142F8D110BD04010000D6
:10D1700020010000494E41563A2042256420726544
:10D18000636F72642073746172742C207961773DCF
:10D19000252E31660A000000494E41563A20417260
:10D1A000726976656420777025642C2077616974D4
:10D1B000696E672033732E2E2E0A0000494E4156A9
:10D1C0003A204E6F20626561636F6E2C2073776921
:10D1D00074636820746F20777025640A0000000073
:10D1E000494E41563A204379636C652072657374E9
:10D1F0006172742C206261636B20746F2057503110
:10D200000A000000494E41563A2053454725642004
:10D21000617272697665642C207061757365203265
:10D22000732E2E2E0A0000007363616E665F733AE0
:10D23000206261642025632C2025732C206F7220CE
:10D24000255B20617267756D656E74004EF68851BE
:10D25000CEF20001086840F470000860BFF34F8F01
:10D26000BFF36F8F4FF00170E1EE100A70470000BE
:10D27000C9FCFFFF240B0000A007022800000000EB
:10D28000AF5CFFFF520300007201000000000228A3
:10D2900004207146084202D0EFF3098001E0EFF369
:10D2A000088000B50149884700BD0000E9B30810B7
:10D2B00080B58DF80000012269460120F7F745FA94
:10D2C000012802D19DF8000002BD4FF0FF3002BDE1
:10D2D000801C800803D0401C801EFCD100BF70471A
:10D2E000EFF3108072B6704780F31088704700002B
:10D2F00000F00EF8002801D0FFF728FFAFF3008000
:10D300000020AFF30080FFF7FFFE00F003F80000FD
:10D310000020704700F000B807463846F6F770F96D
:10D32000FBE70000494E41563A205345472564200B
:10D33000643D252E32666D20613D252E31660A0042
:10D34000494E41563A207072657373204B45595FC0
:10D350003420746F20474F0A00000000716D633560
:10D360003838336C2073656C6620636865636B20A6
:10D370006572726F722E00000D0A66696C65202559
:10D3800073206C696E652025643A2025732E0D0A82
:10D3900000000000696D7536363072612073656C6F
:10D3A0006620636865636B206572726F722E000081
:10D3B00004207146084201D0EFF30980EFF30880A2
:10D3C00000B50149884700BDF5D40810054801465D
:10D3D00003B4684680F30988AFF30080FFF736FF97
:10D3E000FFF786FFA5EDF5FE44524F4E453A2070FB
:10D3F00061727365206572723A205B25735D0A0065
:10D40000494E41563A2042256428252E32662C2565
:10D410002E3266290A00000000000228FFFF0728BC
:10D4200000000020FF3F002000000000FF3F000040
:10D4300000127A00000000000024F40000800000C8
:10D4400000800000008000000D0A66696C652025E0
:10D4500073206C696E652025642E0D0A00000000A3
:10D46000696D75363630726120696E697420657237
:10D47000726F722E0000000038B504460D46284633
:10D48000FFF716FFA84218BF0024204632BD000057
:10D49000494E41563A20666F7263652073746F700F
:10D4A0000A00000066696C653A206D646B2F257375
:10D4B00000000000417373657274206572726F72B0
:10D4C0000000000025662C25662C25640000000065
:10D4D00066696C653A202573000000006C696E6512
:10D4E0003A202564000000004C6F67206D6573735F
:10D4F00061676500816911F8021CC9B2016070475B
:10D5000003010000101100100000000000000000E6
:10D51000A3A1A2A0AD0000000000000000000000D8
:10D5200000000000000000000000000000000000FB
:10D5300000000000000000000000000000000000EB
:10D5400000000000000000000000000000000000DB
:10D5500000000000000000000000000000000000CB
:10D5600000000000000000000000000000000000BB
:10D5700000000000000000000000000000000000AB
:10D58000000000000000000000000000000000009B
:10D590000000000000000000FFF7FEBFFFF778BEAC
:10D5A000FFF776BEFFF774BEFFF7FEBFFFF7FEBFC3
:10D5B000FFF7FEBFFFF7FEBFFFF7FEBFFFF7FEBF9F
:10D5C000FFF7FEBFFFF7FEBFFFF7FEBFFFF7FEBF8F
:10D5D000FFF7FEBF7047F002FFF5C5081004F1FF2A
:10D5E00004F1FF04F1FF04F1FF04F1FF04F17704FB
:10D5F00020100000022800803B46000080453333A5
:10D600008341D5D5141002904000100410132090CF
:10D61000406C013A014101600180835840000A5882
:10D6200040800D08100A1D584035BC0810A1BD08E7
:10D6300010AF0412C90412D30412DD0412E704125D
:10D64000F10412FB04100305BE08100F04121904A4
:10D65000122304122D041237041245041257041227
:10D660006904127B04128504100309BF0810130417
:10D670001005000060400000650412640412630499
:10D68000126204126704000566407701010106007A
:10D69000000000000000000000000000000000008A
:10D6A000000000000000000000000000000000007A
:10D6B000000000000000000000000000000000006A
:10D6C000000000000000000000000000000000005A
:10D6D000000000000000000000000000000000004A
:10D6E000000000000000000000000000000000003A
:10D6F000000000000000000000000000000000002A
:10D700000000000000000000000000000000000019
:10D710000000000000000000000000000000000009
:10D7200000000000000000000000000000000000F9
:10D7300000000000000000000000000000000000E9
:08D740000000000000000000E1
:040000051008D3CD3F
:00000001FF
